rank,morphology_code,occurrences,first_occurrence,language,covered_by_base_tests,parser_table_support,action_after_this_pr
"1","HNp","26315","Gen 2:4 word 8","Hebrew","yes","mapped","Already covered"
"2","HNcmsc","11429","Gen 1:11 word 9","Hebrew","yes","mapped","Already covered"
"3","HR","10723","Gen 1:2 word 6","Hebrew","yes","mapped","Already covered"
"4","HNcmsa","10230","Gen 1:2 word 3","Hebrew","yes","mapped","Already covered"
"5","HTd/Ncmsa","7541","Gen 1:4 word 12","Hebrew","yes","mapped","Already covered"
"6","HC/Vqw3ms","7065","Gen 1:3 word 1","Hebrew","yes","mapped","Already covered"
"7","HTo","7054","Gen 1:1 word 4","Hebrew","yes","mapped","Already covered"
"8","HC","5769","Gen 1:4 word 5","Hebrew","yes","mapped","Already covered"
"9","HTr","4824","Gen 1:7 word 8","Hebrew","yes","mapped","Already covered"
"10","HTn","4335","Gen 2:5 word 13","Hebrew","yes","mapped","Already covered"
"11","HNcmpc","4155","Gen 3:14 word 22","Hebrew","yes","mapped","Already covered"
"12","HNcfsa","4060","Gen 1:21 word 18","Hebrew","yes","mapped","Already covered"
"13","HR/Ncmsc","3989","Gen 1:6 word 5","Hebrew","yes","mapped","Already covered"
"14","HVqp3ms","3898","Gen 1:1 word 2","Hebrew","yes","mapped","Already covered"
"15","HNcmpa","3832","Gen 1:1 word 3","Hebrew","yes","mapped","Already covered"
"16","HR/Np","3510","Gen 2:8 word 5","Hebrew","yes","mapped","Already covered"
"17","HR/Vqc","3135","Gen 1:22 word 4","Hebrew","yes","mapped","Already covered"
"18","HR/Sp3ms","2914","Gen 1:11 word 16","Hebrew","yes","mapped","Already covered"
"19","HD","2865","Gen 1:7 word 17","Hebrew","yes","mapped","Already covered"
"20","HVqi3ms","2837","Gen 1:29 word 26","Hebrew","yes","mapped","Already covered"
"21","HTd/Ncmpa","2792","Gen 1:1 word 5","Hebrew","yes","mapped","Already covered"
"22","HRd/Ncmsa","2706","Gen 1:7 word 10","Hebrew","yes","mapped","Already covered"
"23","HTd/Ncfsa","2472","Gen 1:9 word 11","Hebrew","yes","mapped","Already covered"
"24","HAamsa","2453","Gen 1:4 word 6","Hebrew","yes","mapped","Already covered"
"25","HC/Np","2425","Gen 4:2 word 11","Hebrew","yes","mapped","Already covered"
"26","HNcmsc/Sp3ms","2373","Gen 1:11 word 15","Hebrew","yes","mapped","Already covered"
"27","HC/Vqw3mp","2313","Gen 2:25 word 1","Hebrew","yes","mapped","Already covered"
"28","HR/Ncmsa","2282","Gen 2:8 word 6","Hebrew","yes","mapped","Already covered"
"29","HNcfsc","2271","Gen 1:25 word 4","Hebrew","yes","mapped","Already covered"
"30","HC/To","2194","Gen 1:1 word 6","Hebrew","yes","mapped","Already covered"
"31","HC/Tn","1991","Gen 2:25 word 6","Hebrew","yes","mapped","Already covered"
"32","HVqp3cp","1977","Gen 1:21 word 12","Hebrew","yes","mapped","Already covered"
"33","HR/Sp1cs","1865","Gen 3:12 word 6","Hebrew","yes","mapped","Already covered"
"34","HNcbsa","1846","Gen 1:2 word 8","Hebrew","yes","mapped","Already covered"
"35","HTd/Ncbsa","1812","Gen 1:1 word 7","Hebrew","yes","mapped","Already covered"
"36","HR/Sp3mp","1770","Gen 1:28 word 5","Hebrew","yes","mapped","Already covered"
"37","HVqrmsa","1742","Gen 1:11 word 11","Hebrew","yes","mapped","Already covered"
"38","HC/Ncmsc","1579","Gen 2:1 word 4","Hebrew","yes","mapped","Already covered"
"39","HC/R","1496","Gen 1:4 word 11","Hebrew","yes","mapped","Already covered"
"40","HC/Ncmsa","1414","Gen 1:2 word 4","Hebrew","yes","mapped","Already covered"
"41","HNcmsc/Sp1cs","1406","Gen 4:9 word 12","Hebrew","yes","mapped","Already covered"
"42","HVqi3mp","1351","Gen 1:20 word 3","Hebrew","yes","mapped","Already covered"
"43","HNcbsc","1340","Gen 2:11 word 8","Hebrew","yes","mapped","Already covered"
"44","HNcfpa","1227","Gen 3:7 word 13","Hebrew","no","mapped","Regression added in this PR"
"45","HC/Vqq3ms","1217","Gen 2:24 word 9","Hebrew","yes","mapped","Already covered"
"46","HVqp1cs","1197","Gen 1:29 word 4","Hebrew","yes","mapped","Already covered"
"47","HR/Ncbsc","1192","Gen 1:16 word 10","Hebrew","yes","mapped","Already covered"
"48","HAcmsa","1135","Gen 1:5 word 13","Hebrew","yes","mapped","Already covered"
"49","HR/Sp2ms","1132","Gen 3:11 word 4","Hebrew","yes","mapped","Already covered"
"50","HNcmsc/Sp2ms","1102","Gen 3:10 word 3","Hebrew","yes","mapped","Already covered"
"51","HAcbpa","1085","Gen 4:24 word 6","Hebrew","yes","mapped","Already covered"
"52","HAampa","1078","Gen 2:25 word 3","Hebrew","no","mapped","Regression test only"
"53","HTi","1030","Gen 2:19 word 17","Hebrew","yes","mapped","Already covered"
"54","HVqi2ms","1030","Gen 2:16 word 11","Hebrew","yes","mapped","Already covered"
"55","HTm","1023","Gen 1:29 word 3","Hebrew","yes","mapped","Already covered"
"56","HAcfsa","1001","Gen 2:21 word 9","Hebrew","no","mapped","Regression test only"
"57","HNcmpc/Sp3ms","997","Gen 6:3 word 12","Hebrew","yes","mapped","Already covered"
"58","HPp1cs","986","Gen 3:10 word 9","Hebrew","yes","mapped","Already covered"
"59","HVqv2ms","970","Gen 6:14 word 1","Hebrew","yes","mapped","Already covered"
"60","HC/Vqw3fs","947","Gen 3:2 word 1","Hebrew","yes","mapped","Already covered"
"61","HR/Ncfsa","928","Gen 1:1 word 1","Hebrew","yes","mapped","Already covered"
"62","HPp3ms","871","Gen 2:11 word 4","Hebrew","yes","mapped","Already covered"
"63","HTa","871","Gen 3:1 word 14","Hebrew","yes","mapped","Already covered"
"64","HR/Sp2mp","867","Gen 1:29 word 5","Hebrew","yes","mapped","Already covered"
"65","HVqi1cs","866","Gen 2:18 word 9","Hebrew","yes","mapped","Already covered"
"66","HR/Sp3fs","853","Gen 2:21 word 13","Hebrew","yes","mapped","Already covered"
"67","HR/Ncbpc","837","Gen 3:8 word 13","Hebrew","yes","mapped","Already covered"
"68","HNcmpc/Sp1cs","811","Gen 15:2 word 3","Hebrew","no","mapped","Regression test only"
"69","HR/Ncmpc","806","Gen 7:11 word 5","Hebrew","yes","mapped","Already covered"
"70","HRd/Ncfsa","802","Gen 1:10 word 3","Hebrew","yes","mapped","Already covered"
"71","HNcfsc/Sp3ms","798","Gen 2:2 word 5","Hebrew","yes","mapped","Already covered"
"72","HVqv2mp","797","Gen 1:22 word 5","Hebrew","yes","mapped","Already covered"
"73","HRd/Ncbsa","778","Gen 1:5 word 3","Hebrew","yes","mapped","Already covered"
"74","HC/Vhw3ms","773","Gen 1:4 word 7","Hebrew","yes","mapped","Already covered"
"75","HNcfpc","772","Gen 2:4 word 2","Hebrew","yes","mapped","Already covered"
"76","HNcmpc/Sp2ms","766","Gen 3:14 word 23","Hebrew","no","mapped","Regression test only"
"77","HR/Ncfsc","717","Gen 1:26 word 8","Hebrew","yes","mapped","Already covered"
"78","HR/Sp2fs","716","Gen 3:16 word 16","Hebrew","yes","mapped","Already covered"
"79","HVhp3ms","713","Gen 2:5 word 14","Hebrew","yes","mapped","Already covered"
"80","HTd/Pdxms","699","Gen 7:1 word 16","Hebrew","yes","mapped","Already covered"
"81","HVpp3ms","694","Gen 6:22 word 5","Hebrew","yes","mapped","Already covered"
"82","HTd/Ngmsa","688","Gen 10:16 word 2","Hebrew","yes","mapped","Already covered"
"83","HC/Vqq3cp","681","Gen 1:14 word 12","Hebrew","yes","mapped","Already covered"
"84","HC/Vqq2ms","675","Gen 3:18 word 5","Hebrew","yes","mapped","Already covered"
"85","HVqp3fs","675","Gen 1:2 word 2","Hebrew","yes","mapped","Already covered"
"86","HR/Ncmsc/Sp3ms","654","Gen 1:11 word 13","Hebrew","yes","mapped","Already covered"
"87","HC/Ncfsa","652","Gen 1:27 word 11","Hebrew","no","mapped","Regression test only"
"88","HRd/Ncmpa","648","Gen 1:22 word 10","Hebrew","yes","mapped","Already covered"
"89","HVqi3fs","638","Gen 9:2 word 14","Hebrew","no","mapped","Regression test only"
"90","HR/Sp1cp","630","Gen 2:17 word 7","Hebrew","yes","mapped","Already covered"
"91","HTd/Np","611","Gen 2:11 word 9","Hebrew","yes","mapped","Already covered"
"92","HVqp2ms","599","Gen 3:11 word 15","Hebrew","no","mapped","Regression test only"
"93","HAafsa","587","Gen 1:20 word 7","Hebrew","yes","mapped","Already covered"
"94","HTd/Ncfpa","577","Gen 14:16 word 13","Hebrew","no","mapped","Regression test only"
"95","HVqrmpa","577","Gen 4:10 word 7","Hebrew","yes","mapped","Already covered"
"96","HNcmpc/Sp3mp","576","Gen 24:52 word 7","Hebrew","yes","mapped","Already covered"
"97","HNcmsc/Sp3mp","551","Gen 5:2 word 8","Hebrew","no","mapped","Regression test only"
"98","HR/Tr","549","Gen 7:9 word 10","Hebrew","no","mapped","Regression test only"
"99","HTd/Aamsa","545","Gen 1:16 word 9","Hebrew","yes","mapped","Already covered"
"100","HVqi2mp","544","Gen 3:1 word 19","Hebrew","yes","mapped","Already covered"
"101","HPp2ms","540","Gen 3:11 word 7","Hebrew","yes","mapped","Already covered"
"102","HNcbpa","535","Gen 32:8 word 17","Hebrew","yes","mapped","Already covered"
"103","HR/R","527","Gen 1:7 word 9","Hebrew","yes","mapped","Already covered"
"104","HR/Vhc","527","Gen 1:14 word 7","Hebrew","yes","mapped","Already covered"
"105","HC/Vpw3ms","526","Gen 1:22 word 1","Hebrew","yes","mapped","Already covered"
"106","HVhi3ms","499","Gen 17:20 word 15","Hebrew","yes","mapped","Already covered"
"107","HR/D","491","Gen 3:23 word 11","Hebrew","no","mapped","Regression test only"
"108","HNcbsc/Sp3ms","483","Gen 3:22 word 15","Hebrew","yes","mapped","Already covered"
"109","HVNi3ms","483","Gen 2:10 word 8","Hebrew","yes","mapped","Already covered"
"110","HTo/Sp3mp","478","Gen 1:17 word 2","Hebrew","yes","mapped","Already covered"
"111","HTo/Sp3ms","477","Gen 1:27 word 9","Hebrew","yes","mapped","Already covered"
"112","HC/D","474","Gen 3:22 word 12","Hebrew","yes","mapped","Already covered"
"113","HNcfsc/Sp1cs","469","Gen 4:23 word 11","Hebrew","no","mapped","Regression test only"
"114","HC/R/Ncmsc","466","Gen 1:10 word 5","Hebrew","yes","mapped","Already covered"
"115","HNcbpc","460","Gen 1:2 word 7","Hebrew","yes","mapped","Already covered"
"116","HC/Ncmpc","453","Gen 7:10 word 4","Hebrew","yes","mapped","Already covered"
"117","HVqrmpc","447","Gen 3:5 word 12","Hebrew","yes","mapped","Already covered"
"118","HC/Vhw3mp","418","Gen 14:5 word 9","Hebrew","no","mapped","Regression test only"
"119","HVNp3ms","418","Gen 14:14 word 4","Hebrew","yes","mapped","Already covered"
"120","HNcbsc/Sp1cs","417","Gen 4:13 word 6","Hebrew","yes","mapped","Already covered"
"121","HVqa","416","Gen 2:16 word 10","Hebrew","yes","mapped","Already covered"
"122","HR/Ncmpa","415","Gen 1:6 word 11","Hebrew","yes","mapped","Already covered"
"123","HC/Tm","413","Gen 1:31 word 7","Hebrew","yes","mapped","Already covered"
"124","HNcmpc/Sp2mp","408","Gen 42:16 word 10","Hebrew","yes","mapped","Already covered"
"125","HTd/Vqrmsa","407","Gen 1:26 word 17","Hebrew","yes","mapped","Already covered"
"126","HNcmsc/Sp3fs","406","Gen 3:15 word 9","Hebrew","yes","mapped","Already covered"
"127","HR/Vpc","403","Gen 6:17 word 9","Hebrew","no","mapped","Regression test only"
"128","HC/C","396","Gen 3:6 word 7","Hebrew","yes","mapped","Already covered"
"129","HPp3mp","395","Gen 3:7 word 7","Hebrew","no","mapped","Regression test only"
"130","HAcbsa","392","Gen 6:3 word 13","Hebrew","yes","mapped","Already covered"
"131","HTd/Vqrmpa","392","Gen 9:18 word 4","Hebrew","yes","mapped","Already covered"
"132","HNcfsc/Sp2ms","391","Gen 3:17 word 6","Hebrew","no","mapped","Regression test only"
"133","HC/Td/Ncmsa","390","Gen 1:22 word 11","Hebrew","yes","mapped","Already covered"
"134","HC/Vqq1cs","383","Gen 4:14 word 10","Hebrew","yes","mapped","Already covered"
"135","HTd/Aomsa","381","Gen 1:31 word 15","Hebrew","yes","mapped","Already covered"
"136","HR/Ncmsc/Sp2ms","371","Gen 3:17 word 18","Hebrew","yes","mapped","Already covered"
"137","HC/Vqw1cs","369","Gen 3:10 word 6","Hebrew","yes","mapped","Already covered"
"138","ANcmsd/Td","364","Ezra 4:8 word 5","Aramaic","no","mapped","Regression test only"
"139","HTe","354","Gen 12:11 word 11","Hebrew","yes","mapped","Already covered"
"140","HVhrmsa","354","Gen 1:6 word 8","Hebrew","yes","mapped","Already covered"
"141","HC/Ncmpa","341","Gen 2:4 word 11","Hebrew","yes","mapped","Already covered"
"142","HR/Ncbsa","340","Gen 2:7 word 15","Hebrew","yes","mapped","Already covered"
"143","HC/Vqq2mp","334","Gen 3:5 word 10","Hebrew","yes","mapped","Already covered"
"144","HVpi3ms","329","Gen 18:19 word 5","Hebrew","yes","mapped","Already covered"
"145","HPdxms","328","Gen 5:1 word 1","Hebrew","yes","mapped","Already covered"
"146","HPdxcp","321","Gen 2:4 word 1","Hebrew","yes","mapped","Already covered"
"147","HPp3fs","317","Gen 3:12 word 7","Hebrew","no","mapped","Regression test only"
"148","HC/R/Np","315","Gen 3:17 word 1","Hebrew","no","mapped","Regression test only"
"149","HTd/Pp3ms","314","Gen 15:18 word 2","Hebrew","yes","mapped","Already covered"
"150","HNcmpc/Sp3fs","309","Gen 25:24 word 2","Hebrew","no","mapped","Regression test only"
"151","HVqc","309","Gen 2:4 word 7","Hebrew","yes","mapped","Already covered"
"152","HR/Ncmsc/Sp1cs","304","Gen 2:23 word 8","Hebrew","yes","mapped","Already covered"
"153","HVNp3cp","301","Gen 7:11 word 15","Hebrew","no","mapped","Regression test only"
"154","HTo/Sp2mp","298","Gen 47:23 word 7","Hebrew","yes","mapped","Already covered"
"155","HC/Acbpa","297","Gen 5:5 word 10","Hebrew","no","mapped","Regression test only"
"156","HC/Acfsa","293","Gen 5:7 word 9","Hebrew","no","mapped","Regression test only"
"157","HNcmpc/Sp1cp","293","Gen 23:6 word 8","Hebrew","yes","mapped","Already covered"
"158","HVqsmsa","292","Gen 3:14 word 9","Hebrew","no","mapped","Regression test only"
"159","HTj","289","Gen 18:21 word 2","Hebrew","yes","mapped","Already covered"
"160","HVhp3cp","287","Gen 19:11 word 6","Hebrew","no","mapped","Regression test only"
"161","HTd/Pdxcp","284","Gen 15:1 word 3","Hebrew","no","mapped","Regression test only"
"162","ATr","278","Ezra 4:10 word 3","Aramaic","no","mapped","Regression test only"
"163","HAcmsc","278","Gen 8:10 word 3","Hebrew","yes","mapped","Already covered"
"164","HTd/Ngmpa","278","Gen 12:12 word 5","Hebrew","yes","mapped","Already covered"
"165","HTi/Tn","277","Gen 4:7 word 1","Hebrew","no","mapped","Regression test only"
"166","HTd/Aafsa","274","Gen 1:21 word 9","Hebrew","yes","mapped","Already covered"
"167","HC/Ncfsc","271","Gen 1:24 word 10","Hebrew","no","mapped","Regression test only"
"168","HTd/Pdxfs","271","Gen 12:7 word 10","Hebrew","no","mapped","Regression test only"
"169","HVhi1cs","269","Gen 3:16 word 5","Hebrew","yes","mapped","Already covered"
"170","HC/Vqv2mp","263","Gen 1:22 word 6","Hebrew","no","mapped","Regression test only"
"171","HNgmpa","263","Gen 10:13 word 4","Hebrew","yes","mapped","Already covered"
"172","HNcbsc/Sp2ms","262","Gen 19:17 word 8","Hebrew","yes","mapped","Already covered"
"173","HC/Ncmpc/Sp3ms","261","Gen 7:7 word 3","Hebrew","no","mapped","Regression test only"
"174","HNcfsc/Sp3mp","259","Gen 11:7 word 5","Hebrew","yes","mapped","Already covered"
"175","HC/Vhq1cs","256","Gen 9:11 word 1","Hebrew","yes","mapped","Already covered"
"176","HPdxfs","255","Gen 2:23 word 3","Hebrew","no","mapped","Regression test only"
"177","HC/Ta","251","Gen 6:4 word 6","Hebrew","yes","mapped","Already covered"
"178","HVqp2mp","244","Gen 18:5 word 11","Hebrew","no","mapped","Regression test only"
"179","HNp/Sd","243","Gen 10:19 word 6","Hebrew","yes","mapped","Already covered"
"180","HC/Pp1cs","242","Gen 6:17 word 1","Hebrew","yes","mapped","Already covered"
"181","HC/Vqv2ms","239","Gen 12:2 word 7","Hebrew","yes","mapped","Already covered"
"182","HR/Ncbsc/Sp3ms","238","Gen 9:4 word 3","Hebrew","no","mapped","Regression test only"
"183","HC/Aamsa","234","Gen 2:9 word 10","Hebrew","yes","mapped","Already covered"
"184","HNcfpc/Sp3ms","233","Gen 19:14 word 7","Hebrew","no","mapped","Regression test only"
"185","HTd/Aampa","233","Gen 1:16 word 6","Hebrew","yes","mapped","Already covered"
"186","HC/Td/Ncmpa","231","Gen 7:19 word 1","Hebrew","no","mapped","Regression test only"
"187","HC/Vqq3fs","229","Gen 9:13 word 5","Hebrew","yes","mapped","Already covered"
"188","HC/VNw3ms","225","Gen 4:18 word 1","Hebrew","yes","mapped","Already covered"
"189","HC/Rd/Ncmsa","224","Gen 1:5 word 5","Hebrew","no","mapped","Regression test only"
"190","HR/Ncfsc/Sp3ms","224","Gen 2:24 word 10","Hebrew","yes","mapped","Already covered"
"191","HVNrmsa","224","Gen 2:9 word 8","Hebrew","yes","mapped","Already covered"
"192","HVqi1cp","221","Gen 1:26 word 3","Hebrew","no","mapped","Regression test only"
"193","HVpp1cs","217","Gen 17:20 word 4","Hebrew","no","mapped","Regression test only"
"194","HAampc","216","Gen 50:7 word 11","Hebrew","yes","mapped","Already covered"
"195","HR/Ncfpc","216","Gen 13:12 word 7","Hebrew","no","mapped","Regression test only"
"196","HC/Vhq3ms","215","Gen 2:6 word 5","Hebrew","yes","mapped","Already covered"
"197","HR/Ti","215","Gen 4:6 word 5","Hebrew","yes","mapped","Already covered"
"198","ANp","214","Gen 31:47 word 4","Aramaic","no","mapped","Regression test only"
"199","HC/Acmsa","214","Gen 4:24 word 7","Hebrew","no","mapped","Regression test only"
"200","HC/Ncbsa","214","Gen 11:4 word 6","Hebrew","no","mapped","Regression test only"
"201","HC/Pp3ms","214","Gen 3:16 word 14","Hebrew","no","mapped","Regression test only"
"202","HPp2mp","213","Gen 29:4 word 6","Hebrew","yes","mapped","Already covered"
"203","HR/Ncmsc/Sp3mp","213","Gen 1:21 word 14","Hebrew","no","mapped","Regression test only"
"204","HC/Ncmsc/Sp3ms","207","Gen 11:4 word 7","Hebrew","yes","mapped","Already covered"
"205","HVqp1cp","206","Gen 26:28 word 3","Hebrew","no","mapped","Regression test only"
"206","HVqrfsa","205","Gen 15:12 word 12","Hebrew","no","mapped","Regression test only"
"207","HR/Ncbdc","204","Gen 6:8 word 4","Hebrew","yes","mapped","Already covered"
"208","AR","203","Ezra 4:8 word 9","Aramaic","no","mapped","Regression test only"
"209","HVqrmsc","202","Gen 4:2 word 9","Hebrew","no","mapped","Regression test only"
"210","HVhi2ms","201","Gen 4:7 word 3","Hebrew","yes","mapped","Already covered"
"211","HC/Vqp3ms","200","Gen 2:10 word 9","Hebrew","no","mapped","Regression test only"
"212","HC/Pp2ms","199","Gen 3:15 word 13","Hebrew","no","mapped","Regression test only"
"213","HR/Vqc/Sp3ms","199","Gen 12:4 word 16","Hebrew","no","mapped","Regression test only"
"214","HVhi3mp","198","Gen 29:2 word 16","Hebrew","yes","mapped","Already covered"
"215","HC/Ti","197","Gen 16:8 word 8","Hebrew","no","mapped","Regression test only"
"216","HC/Vqrmsa","196","Gen 4:12 word 11","Hebrew","no","mapped","Regression test only"
"217","HNcbsc/Sp3mp","192","Gen 2:1 word 5","Hebrew","yes","mapped","Already covered"
"218","HVqj2ms","191","Gen 15:1 word 12","Hebrew","yes","mapped","Already covered"
"219","HVqv2ms/Sh","187","Gen 11:3 word 5","Hebrew","yes","mapped","Already covered"
"220","HNcbpc/Sp3ms","186","Gen 4:5 word 11","Hebrew","yes","mapped","Already covered"
"221","HRd/Np","186","Gen 23:17 word 5","Hebrew","no","mapped","Regression test only"
"222","HR/Aamsa","185","Gen 19:11 word 8","Hebrew","yes","mapped","Already covered"
"223","HC/R/Ncmsa","184","Gen 2:20 word 11","Hebrew","no","mapped","Regression test only"
"224","HVqj3ms","184","Gen 1:3 word 3","Hebrew","yes","mapped","Already covered"
"225","HVqv2fs","184","Gen 12:13 word 1","Hebrew","yes","mapped","Already covered"
"226","HVhv2ms","182","Gen 8:17 word 14","Hebrew","yes","mapped","Already covered"
"227","HVprmsa","182","Gen 21:9 word 10","Hebrew","no","mapped","Regression test only"
"228","HAamsc","181","Gen 10:9 word 3","Hebrew","no","mapped","Regression test only"
"229","HAafpa","180","Gen 6:2 word 8","Hebrew","yes","mapped","Already covered"
"230","HVhv2mp","179","Gen 24:49 word 9","Hebrew","no","mapped","Regression test only"
"231","HNcmsc/Sp2fs","177","Gen 3:16 word 6","Hebrew","yes","mapped","Already covered"
"232","HR/Ncbpc/Sp3ms","177","Gen 2:21 word 10","Hebrew","yes","mapped","Already covered"
"233","HVpp3cp","177","Gen 24:19 word 9","Hebrew","no","mapped","Regression test only"
"234","HC/R/Vqc","176","Gen 1:18 word 1","Hebrew","no","mapped","Regression test only"
"235","HR/Ncfpc/Sp3mp","176","Gen 8:19 word 11","Hebrew","yes","mapped","Already covered"
"236","HR/Ncmpc/Sp3ms","176","Gen 6:9 word 9","Hebrew","yes","mapped","Already covered"
"237","HTm/Sp1cs","175","Gen 6:17 word 2","Hebrew","yes","mapped","Already covered"
"238","HC/Td/Ncfsa","170","Gen 19:6 word 5","Hebrew","no","mapped","Regression test only"
"239","HVpi1cs","170","Gen 24:45 word 3","Hebrew","yes","mapped","Already covered"
"240","HTd/Ncbpa","167","Gen 26:3 word 13","Hebrew","no","mapped","Regression test only"
"241","HVpi3mp","167","Gen 12:12 word 12","Hebrew","yes","mapped","Already covered"
"242","HC/Ncfpa","166","Gen 1:14 word 16","Hebrew","yes","mapped","Already covered"
"243","HTo/Sp3fs","166","Gen 6:14 word 11","Hebrew","no","mapped","Regression test only"
"244","HVha","166","Gen 3:16 word 4","Hebrew","no","mapped","Regression test only"
"245","HVhp1cs","166","Gen 9:17 word 9","Hebrew","no","mapped","Regression test only"
"246","HAcmdc","165","Gen 1:16 word 4","Hebrew","yes","mapped","Already covered"
"247","HC/Vqi3mp","164","Gen 34:21 word 6","Hebrew","no","mapped","Regression test only"
"248","HC/Ncbsc","160","Gen 1:2 word 9","Hebrew","no","mapped","Regression test only"
"249","HNcfsc/Sp3fs","158","Gen 6:15 word 15","Hebrew","yes","mapped","Already covered"
"250","HAcmda","157","Gen 6:19 word 5","Hebrew","no","mapped","Regression test only"
"251","HC/Vpw3mp","155","Gen 9:23 word 12","Hebrew","no","mapped","Regression test only"
"252","HNcmsa/Sd","155","Gen 14:10 word 13","Hebrew","no","mapped","Regression test only"
"253","HVpv2ms","155","Gen 19:22 word 1","Hebrew","no","mapped","Regression test only"
"254","HNcbpc/Sp1cs","153","Gen 26:5 word 9","Hebrew","no","mapped","Regression test only"
"255","HR/Ncbpc/Sp2ms","151","Gen 13:9 word 4","Hebrew","no","mapped","Regression test only"
"256","HVNi3mp","150","Gen 20:9 word 22","Hebrew","no","mapped","Regression test only"
"257","HVqsmpa","148","Gen 39:20 word 14","Hebrew","no","mapped","Regression test only"
"258","HNcmsc/Sp2mp","147","Gen 9:5 word 3","Hebrew","no","mapped","Regression test only"
"259","HC/Ncmpc/Sp3mp","145","Gen 32:16 word 3","Hebrew","no","mapped","Regression test only"
"260","HC/VNw3mp","145","Gen 7:23 word 17","Hebrew","no","mapped","Regression test only"
"261","HNcfpc/Sp3mp","145","Gen 34:21 word 16","Hebrew","no","mapped","Regression test only"
"262","HRd/Ncfpa","145","Gen 18:11 word 10","Hebrew","no","mapped","Regression test only"
"263","HVqi3fp","144","Gen 30:38 word 10","Hebrew","yes","mapped","Already covered"
"264","HC/Ncfsc/Sp3ms","143","Gen 2:25 word 5","Hebrew","no","mapped","Regression test only"
"265","HVpv2mp","140","Gen 40:8 word 14","Hebrew","no","mapped","Regression test only"
"266","HC/Vpq3ms","139","Gen 41:30 word 11","Hebrew","no","mapped","Regression test only"
"267","HR/Ncmsc/Sp3fs","139","Gen 1:24 word 7","Hebrew","yes","mapped","Already covered"
"268","HD/Sd","138","Gen 14:10 word 11","Hebrew","no","mapped","Regression test only"
"269","HR/Ncmpc/Sp3mp","138","Gen 10:5 word 9","Hebrew","yes","mapped","Already covered"
"270","HVNp3fs","138","Gen 6:12 word 6","Hebrew","no","mapped","Regression test only"
"271","HC/R/Ncmpc","137","Gen 25:6 word 1","Hebrew","no","mapped","Regression test only"
"272","ANcmsc","136","Ezra 4:8 word 2","Aramaic","no","mapped","Regression test only"
"273","ANcmsa","134","Ezra 4:8 word 3","Aramaic","no","mapped","Regression test only"
"274","HC/Vqi3ms","134","Gen 1:6 word 7","Hebrew","no","mapped","Regression test only"
"275","HVNi3fs","134","Gen 41:36 word 13","Hebrew","no","mapped","Regression test only"
"276","HR/Ncfpa","131","Gen 34:21 word 19","Hebrew","no","mapped","Regression test only"
"277","HRd/Aamsa","131","Gen 8:13 word 6","Hebrew","yes","mapped","Already covered"
"278","HR/Ncbpc/Sp3mp","128","Gen 6:13 word 13","Hebrew","no","mapped","Regression test only"
"279","HTd/Ncmsa/Sd","128","Gen 12:8 word 3","Hebrew","no","mapped","Regression test only"
"280","HR/Vqc/Sp3mp","126","Gen 4:8 word 7","Hebrew","no","mapped","Regression test only"
"281","HVpi2ms","126","Gen 31:24 word 13","Hebrew","no","mapped","Regression test only"
"282","HTd/Pp3fs","125","Gen 2:12 word 3","Hebrew","yes","mapped","Already covered"
"283","HVhp2ms","125","Gen 12:18 word 11","Hebrew","no","mapped","Regression test only"
"284","ANcmpd/Td","123","Ezra 4:9 word 9","Aramaic","no","mapped","Regression test only"
"285","HVqsfsa","123","Gen 3:17 word 16","Hebrew","no","mapped","Regression test only"
"286","HC/R/Ncfsa","122","Exod 6:9 word 13","Hebrew","no","mapped","Regression test only"
"287","HC/VNq3ms","121","Gen 41:30 word 6","Hebrew","yes","mapped","Already covered"
"288","HVqj2mp","121","Gen 19:8 word 22","Hebrew","no","mapped","Regression test only"
"289","HVqp2fs","121","Gen 3:13 word 7","Hebrew","no","mapped","Regression test only"
"290","HC/Vtw3ms","119","Gen 3:8 word 10","Hebrew","no","mapped","Regression test only"
"291","HVqh1cs","119","Gen 18:21 word 1","Hebrew","yes","mapped","Already covered"
"292","HVhi2mp","118","Gen 19:7 word 5","Hebrew","no","mapped","Regression test only"
"293","HNcbdc/Sp3ms","117","Gen 13:10 word 4","Hebrew","no","mapped","Regression test only"
"294","HR/Ncbsc/Sp2ms","117","Gen 4:11 word 14","Hebrew","yes","mapped","Already covered"
"295","HR/Ncmpc/Sp2ms","117","Gen 15:4 word 13","Hebrew","no","mapped","Regression test only"
"296","HTd/Acmsa","117","Gen 2:11 word 2","Hebrew","no","mapped","Regression test only"
"297","HTo/Sp1cs","117","Gen 4:14 word 3","Hebrew","no","mapped","Regression test only"
"298","HVhrmpa","117","Gen 19:13 word 2","Hebrew","no","mapped","Regression test only"
"299","HR/Acmsa","116","Gen 2:10 word 10","Hebrew","no","mapped","Regression test only"
"300","HR/VNc","116","Gen 19:19 word 18","Hebrew","no","mapped","Regression test only"
"301","HNcmpc/Sp2fs","114","Josh 2:18 word 20","Hebrew","no","mapped","Regression test only"
"302","HNcmsc/Sp1cp","114","Gen 19:31 word 5","Hebrew","no","mapped","Regression test only"
"303","HC/Td/Ngmsa","113","Gen 12:6 word 10","Hebrew","yes","mapped","Already covered"
"304","HVpp2ms","112","Gen 4:14 word 2","Hebrew","no","mapped","Regression test only"
"305","HC/Tr","108","Gen 7:23 word 23","Hebrew","no","mapped","Regression test only"
"306","HC/Pdxcp","106","Gen 10:1 word 1","Hebrew","yes","mapped","Already covered"
"307","HR/Ncbpc/Sp1cs","104","Gen 6:13 word 8","Hebrew","no","mapped","Regression test only"
"308","HVqi3mp/Sn","104","Gen 18:28 word 2","Hebrew","no","mapped","Regression test only"
"309","HR/Ncmpc/Sp2mp","102","Gen 17:12 word 8","Hebrew","no","mapped","Regression test only"
"310","HTd/VNrmpa","101","Gen 45:1 word 6","Hebrew","no","mapped","Regression test only"
"311","HC/Rd/Ncfsa","100","Gen 1:26 word 12","Hebrew","yes","mapped","Already covered"
"312","HNcfda","100","Gen 4:15 word 8","Hebrew","no","mapped","Regression test only"
"313","HC/Ncmsc/Sp1cs","98","Gen 18:12 word 10","Hebrew","no","mapped","Regression test only"
"314","HC/Pp3mp","98","Gen 14:13 word 15","Hebrew","no","mapped","Regression test only"
"315","HC/R/Ncbsc","98","Gen 9:5 word 10","Hebrew","no","mapped","Regression test only"
"316","HNcbpc/Sp2ms","98","Gen 4:6 word 10","Hebrew","no","mapped","Regression test only"
"317","HNcfsc/Sp2fs","98","Gen 3:16 word 13","Hebrew","no","mapped","Regression test only"
"318","HVHi3ms","98","Gen 4:15 word 9","Hebrew","no","mapped","Regression test only"
"319","AC","97","Ezra 4:13 word 6","Aramaic","no","mapped","Regression test only"
"320","ANcfsd/Td","96","Ezra 4:11 word 3","Aramaic","yes","mapped","Already covered"
"321","HC/R/Sp3ms","95","Gen 33:1 word 8","Hebrew","no","mapped","Regression test only"
"322","HR/Tn","95","Lev 15:25 word 8","Hebrew","no","mapped","Regression test only"
"323","HAcfdc","94","Gen 4:19 word 4","Hebrew","yes","mapped","Already covered"
"324","HC/Vhw3ms/Sp3ms","94","Gen 2:15 word 6","Hebrew","yes","mapped","Already covered"
"325","HPp1cp","94","Gen 13:8 word 18","Hebrew","yes","mapped","Already covered"
"326","HR/Ncbsc/Sp1cs","94","Gen 21:30 word 7","Hebrew","no","mapped","Regression test only"
"327","HC/Vhw3ms/Sp3mp","93","Gen 3:21 word 8","Hebrew","no","mapped","Regression test only"
"328","HC/Vpq1cs","93","Gen 17:16 word 1","Hebrew","no","mapped","Regression test only"
"329","HC/Vqw3ms/Sp3ms","93","Gen 4:8 word 14","Hebrew","yes","mapped","Already covered"
"330","HNcfpc/Sp2ms","93","Gen 19:15 word 14","Hebrew","yes","mapped","Already covered"
"331","AVqp3ms","92","Ezra 4:17 word 2","Aramaic","yes","mapped","Already covered"
"332","HC/Vqp3cp","92","Gen 12:12 word 6","Hebrew","no","mapped","Regression test only"
"333","HR/Ncfsc/Sp2ms","92","Gen 49:18 word 1","Hebrew","no","mapped","Regression test only"
"334","HC/R/Ncfsc","90","Gen 33:14 word 13","Hebrew","no","mapped","Regression test only"
"335","HC/Vhq2ms","90","Gen 26:10 word 13","Hebrew","no","mapped","Regression test only"
"336","HVNp1cs","90","Gen 6:7 word 20","Hebrew","no","mapped","Regression test only"
"337","HVqi2fs","90","Gen 3:16 word 9","Hebrew","no","mapped","Regression test only"
"338","HVqi2mp/Sn","90","Gen 3:3 word 15","Hebrew","yes","mapped","Already covered"
"339","HC/Vqh1cp","89","Gen 11:3 word 8","Hebrew","yes","mapped","Already covered"
"340","HNcfpc/Sp1cs","89","Gen 26:5 word 8","Hebrew","no","mapped","Regression test only"
"341","HR/Pdxms","89","Gen 16:8 word 6","Hebrew","no","mapped","Regression test only"
"342","HTd/Aofsa","89","Gen 4:19 word 10","Hebrew","no","mapped","Regression test only"
"343","HC/Aampa","88","Gen 13:13 word 4","Hebrew","no","mapped","Regression test only"
"344","HC/Rd/Ncmpa","88","Exod 7:19 word 32","Hebrew","no","mapped","Regression test only"
"345","HC/Vqh1cs","88","Gen 17:2 word 1","Hebrew","yes","mapped","Already covered"
"346","HVprmpa","88","Gen 37:7 word 3","Hebrew","no","mapped","Regression test only"
"347","HC/Vqw3ms/Sp3mp","87","Gen 14:15 word 7","Hebrew","no","mapped","Regression test only"
"348","HR/Ncbsc/Sp3mp","87","Gen 35:4 word 9","Hebrew","no","mapped","Regression test only"
"349","HC/Ncmsc/Sp2ms","85","Gen 17:9 word 10","Hebrew","no","mapped","Regression test only"
"350","HC/Vqa","83","Gen 8:3 word 6","Hebrew","no","mapped","Regression test only"
"351","HNcfpc/Sp2mp","83","Gen 34:9 word 3","Hebrew","yes","mapped","Already covered"
"352","HNgmsa","83","Gen 14:5 word 11","Hebrew","yes","mapped","Already covered"
"353","AVqrmsa","82","Ezra 4:15 word 20","Aramaic","no","mapped","Regression test only"
"354","HC/Vqw3fp","82","Gen 19:36 word 1","Hebrew","no","mapped","Regression test only"
"355","HVqrfpa","82","Gen 24:13 word 10","Hebrew","yes","mapped","Already covered"
"356","HAcfda","81","Gen 5:8 word 5","Hebrew","yes","mapped","Already covered"
"357","HC/Td/Ncbsa","81","Gen 1:2 word 1","Hebrew","yes","mapped","Already covered"
"358","HNcfdc/Sp3ms","81","Gen 24:32 word 12","Hebrew","no","mapped","Regression test only"
"359","HR/Ncbdc/Sp2ms","81","Gen 18:3 word 7","Hebrew","no","mapped","Regression test only"
"360","HR/Ncfsc/Sp1cs","81","Gen 4:23 word 17","Hebrew","no","mapped","Regression test only"
"361","HC/Vqj3ms","80","Gen 9:26 word 6","Hebrew","no","mapped","Regression test only"
"362","HR/Vqc/Sp1cs","80","Gen 29:19 word 7","Hebrew","no","mapped","Regression test only"
"363","HC/Td/Ncfpa","79","Exod 28:21 word 1","Hebrew","no","mapped","Regression test only"
"364","HC/VNq3cp","79","Gen 3:5 word 8","Hebrew","no","mapped","Regression test only"
"365","HR/C","79","Gen 3:11 word 12","Hebrew","no","mapped","Regression test only"
"366","HC/Td/Ngmpa","78","Gen 37:36 word 1","Hebrew","no","mapped","Regression test only"
"367","HC/Vqi1cs","78","Gen 24:14 word 9","Hebrew","no","mapped","Regression test only"
"368","HC/Vqw2ms","78","Gen 3:17 word 7","Hebrew","no","mapped","Regression test only"
"369","HTd/Vhrmsa","78","Gen 36:35 word 8","Hebrew","no","mapped","Regression test only"
"370","HVhv2ms/Sh","78","Gen 27:7 word 1","Hebrew","no","mapped","Regression test only"
"371","HC/Ncfsc/Sp2ms","77","Gen 6:18 word 10","Hebrew","no","mapped","Regression test only"
"372","HR/Ncfsc/Sp3mp","77","Gen 47:30 word 7","Hebrew","no","mapped","Regression test only"
"373","HC/Vtw3mp","76","Gen 33:7 word 5","Hebrew","no","mapped","Regression test only"
"374","HNcbdc/Sp2ms","76","Gen 13:14 word 11","Hebrew","no","mapped","Regression test only"
"375","HC/Ncfpc","75","Gen 6:18 word 11","Hebrew","no","mapped","Regression test only"
"376","HVqp3ms/Sp3ms","75","Gen 4:25 word 21","Hebrew","no","mapped","Regression test only"
"377","HNcbdc/Sp1cs","74","Gen 31:10 word 6","Hebrew","no","mapped","Regression test only"
"378","HNcbsa/Sd","74","Gen 18:2 word 15","Hebrew","yes","mapped","Already covered"
"379","HC/Vpq2ms","73","Exod 4:15 word 1","Hebrew","no","mapped","Regression test only"
"380","HR/Vqc/Sp3fs","73","Gen 2:15 word 9","Hebrew","yes","mapped","Already covered"
"381","HVqi3ms/Sp3ms","73","Gen 42:4 word 13","Hebrew","no","mapped","Regression test only"
"382","HNcbdc","72","Gen 3:7 word 2","Hebrew","no","mapped","Regression test only"
"383","HNcbpc/Sp3mp","72","Gen 34:28 word 6","Hebrew","no","mapped","Regression test only"
"384","HR/Vtc","72","Gen 37:10 word 21","Hebrew","no","mapped","Regression test only"
"385","HRd/Ngmpa","72","Gen 37:27 word 3","Hebrew","no","mapped","Regression test only"
"386","ATn","71","Ezra 4:13 word 15","Aramaic","no","mapped","Regression test only"
"387","HR/R/Sp1cs","71","Gen 13:9 word 7","Hebrew","no","mapped","Regression test only"
"388","HVpa","71","Gen 22:17 word 2","Hebrew","no","mapped","Regression test only"
"389","HVqrmpc/Sp2ms","71","Gen 13:8 word 14","Hebrew","no","mapped","Regression test only"
"390","AR/Ncmsc","70","Ezra 4:15 word 3","Aramaic","no","mapped","Regression test only"
"391","HR/Ncmsc/Sp2mp","70","Gen 17:13 word 9","Hebrew","no","mapped","Regression test only"
"392","HVPp3ms","70","Gen 3:23 word 10","Hebrew","no","mapped","Regression test only"
"393","HVti3ms","70","Lev 21:1 word 14","Hebrew","no","mapped","Regression test only"
"394","HC/Ncfsc/Sp1cs","69","Deut 32:42 word 4","Hebrew","no","mapped","Regression test only"
"395","HC/Pp2mp","69","Gen 9:7 word 1","Hebrew","no","mapped","Regression test only"
"396","HC/Vqrmpc","69","Exod 35:35 word 20","Hebrew","no","mapped","Regression test only"
"397","HR/Ncbpa","69","Gen 1:14 word 13","Hebrew","yes","mapped","Already covered"
"398","HC/R/Vhc","68","Gen 1:18 word 4","Hebrew","no","mapped","Regression test only"
"399","HNcfpc/Sp3fs","68","Num 4:9 word 13","Hebrew","no","mapped","Regression test only"
"400","HVhc","68","Gen 4:15 word 15","Hebrew","no","mapped","Regression test only"
"401","ANcmpa","67","Ezra 4:13 word 18","Aramaic","no","mapped","Regression test only"
"402","HR/Vpc/Sp3ms","67","Gen 28:6 word 16","Hebrew","no","mapped","Regression test only"
"403","HVNrmpa","67","Gen 18:2 word 7","Hebrew","yes","mapped","Already covered"
"404","HVqp1cs/Sp2ms","67","Gen 17:5 word 14","Hebrew","yes","mapped","Already covered"
"405","HR/Ncbpc/Sp2mp","66","Gen 9:5 word 4","Hebrew","no","mapped","Regression test only"
"406","HVqh1cp","66","Gen 11:3 word 6","Hebrew","yes","mapped","Already covered"
"407","HC/Vqw1cs/Sh","65","Gen 32:6 word 8","Hebrew","no","mapped","Regression test only"
"408","HR/Ncmpc/Sp1cs","65","Gen 18:30 word 5","Hebrew","no","mapped","Regression test only"
"409","HVhi3fs","65","Gen 3:18 word 3","Hebrew","no","mapped","Regression test only"
"410","HC/R/Ncmpa","64","Gen 1:14 word 14","Hebrew","no","mapped","Regression test only"
"411","HVqv2ms/Sp1cs","64","Gen 23:11 word 3","Hebrew","no","mapped","Regression test only"
"412","AR/Np","63","Ezra 4:8 word 11","Aramaic","no","mapped","Regression test only"
"413","HR/Ncbdc/Sp3ms","63","Gen 22:13 word 11","Hebrew","no","mapped","Regression test only"
"414","HR/Vqc/Sp2ms","63","Gen 27:42 word 20","Hebrew","no","mapped","Regression test only"
"415","HTd/Vqrfsa","63","Gen 1:21 word 10","Hebrew","no","mapped","Regression test only"
"416","HVqp3ms/Sp1cs","63","Gen 16:2 word 7","Hebrew","yes","mapped","Already covered"
"417","HC/Vhq3cp","62","Gen 44:31 word 7","Hebrew","no","mapped","Regression test only"
"418","HNcmda","62","Gen 19:1 word 15","Hebrew","no","mapped","Regression test only"
"419","HR/R/Sp3ms","62","Gen 2:18 word 12","Hebrew","yes","mapped","Already covered"
"420","HC/Acmda","61","Deut 32:30 word 5","Hebrew","yes","mapped","Already covered"
"421","HC/Vhq2mp","61","Gen 42:38 word 18","Hebrew","no","mapped","Regression test only"
"422","HNcfdc/Sp1cs","61","Gen 20:5 word 16","Hebrew","no","mapped","Regression test only"
"423","HVqrmpc/Sp1cs","61","Gen 13:8 word 12","Hebrew","no","mapped","Regression test only"
"424","HC/Aamsc","60","Gen 35:29 word 8","Hebrew","no","mapped","Regression test only"
"425","HC/Vhv2mp","60","Gen 35:2 word 16","Hebrew","no","mapped","Regression test only"
"426","HC/Vqrmpa","60","Gen 28:12 word 13","Hebrew","no","mapped","Regression test only"
"427","HNcbda","60","Gen 20:16 word 12","Hebrew","yes","mapped","Already covered"
"428","HR/Acfsa","60","Gen 8:13 word 2","Hebrew","no","mapped","Regression test only"
"429","HR/Sp3fp","60","Gen 19:8 word 15","Hebrew","no","mapped","Regression test only"
"430","HC/D/Sd","59","Gen 49:31 word 15","Hebrew","no","mapped","Regression test only"
"431","HTd/Acbpa","59","Gen 18:29 word 14","Hebrew","no","mapped","Regression test only"
"432","HVqj3mp","59","Gen 14:24 word 15","Hebrew","yes","mapped","Already covered"
"433","AD","58","Ezra 4:8 word 13","Aramaic","no","mapped","Regression test only"
"434","AR/Sp3ms","58","Ezra 4:11 word 6","Aramaic","no","mapped","Regression test only"
"435","AVqi3ms","58","Ezra 4:12 word 2","Aramaic","no","mapped","Regression test only"
"436","AVqrmpa","58","Ezra 4:12 word 17","Aramaic","no","mapped","Regression test only"
"437","HAcmdc/Sp3mp","58","Gen 2:25 word 2","Hebrew","no","mapped","Regression test only"
"438","HC/Vpq3cp","58","Exod 19:10 word 11","Hebrew","no","mapped","Regression test only"
"439","HNcbdc/Sp3mp","58","Gen 37:25 word 5","Hebrew","no","mapped","Regression test only"
"440","HR/Acmsc","58","Gen 3:22 word 7","Hebrew","no","mapped","Regression test only"
"441","HR/Ncfdc","58","Gen 23:10 word 11","Hebrew","no","mapped","Regression test only"
"442","HTd/VNrmsa","58","Gen 12:7 word 15","Hebrew","no","mapped","Regression test only"
"443","HVqrmpc/Sp3ms","58","Gen 22:17 word 19","Hebrew","yes","mapped","Already covered"
"444","HNcfdc","57","Gen 50:23 word 13","Hebrew","no","mapped","Regression test only"
"445","HR/Vhc/Sp3ms","57","Gen 24:19 word 2","Hebrew","yes","mapped","Already covered"
"446","HR/Vqrmpc","57","Exod 36:8 word 5","Hebrew","no","mapped","Regression test only"
"447","HC/Vhw3fs","56","Gen 1:12 word 1","Hebrew","no","mapped","Regression test only"
"448","HC/Vqp1cs","56","Gen 7:4 word 13","Hebrew","no","mapped","Regression test only"
"449","HNcbsc/Sp3fs","56","Gen 24:18 word 8","Hebrew","no","mapped","Regression test only"
"450","HNcfsa/Sd","56","Gen 13:14 word 18","Hebrew","no","mapped","Regression test only"
"451","HRd/Vprmsa","56","Ps 4:1 word 1","Hebrew","no","mapped","Regression test only"
"452","HTd/Pp3mp","56","Gen 6:4 word 5","Hebrew","yes","mapped","Already covered"
"453","HVqrmpc/Sp3mp","56","Lev 26:36 word 7","Hebrew","no","mapped","Regression test only"
"454","HC/Acmsc","55","Gen 7:13 word 13","Hebrew","no","mapped","Regression test only"
"455","HC/Ncmpc/Sp2ms","55","Gen 6:18 word 9","Hebrew","no","mapped","Regression test only"
"456","HC/Ncmsc/Sp3fs","55","Gen 16:1 word 10","Hebrew","no","mapped","Regression test only"
"457","HC/Vhw1cs","55","Exod 9:15 word 6","Hebrew","no","mapped","Regression test only"
"458","HC/Vqw1cp","55","Gen 26:28 word 8","Hebrew","no","mapped","Regression test only"
"459","HNcbpc/Sp2mp","55","Gen 40:7 word 12","Hebrew","no","mapped","Regression test only"
"460","HNcbsc/Sp2mp","55","Gen 23:8 word 7","Hebrew","no","mapped","Regression test only"
"461","HTd/Aafpa","55","Gen 30:35 word 11","Hebrew","no","mapped","Regression test only"
"462","HVhv2ms/Sp1cs","55","Gen 25:30 word 5","Hebrew","no","mapped","Regression test only"
"463","AC/Ncmsd/Td","54","Ezra 5:3 word 22","Aramaic","no","mapped","Regression test only"
"464","HC/Ncfpc/Sp3fs","54","Gen 24:61 word 3","Hebrew","yes","mapped","Already covered"
"465","HC/R/Ncmsc/Sp3ms","54","Gen 33:17 word 7","Hebrew","no","mapped","Regression test only"
"466","HC/Vqw3ms/Sp3fs","54","Gen 8:9 word 19","Hebrew","no","mapped","Regression test only"
"467","HVNi2ms","54","Gen 15:15 word 6","Hebrew","no","mapped","Regression test only"
"468","HVNv2ms","54","Gen 13:9 word 5","Hebrew","no","mapped","Regression test only"
"469","HVPsmsa","54","Gen 15:9 word 10","Hebrew","no","mapped","Regression test only"
"470","HC/Vpw3ms/Sp3ms","53","Gen 3:23 word 1","Hebrew","no","mapped","Regression test only"
"471","HC/Vqw3mp/Sp3ms","53","Gen 37:24 word 1","Hebrew","no","mapped","Regression test only"
"472","HVHsmsa","53","Gen 28:12 word 4","Hebrew","no","mapped","Regression test only"
"473","HTd/Acfsa","52","Gen 4:19 word 7","Hebrew","yes","mapped","Already covered"
"474","HVqc/Sp2ms","52","Gen 2:17 word 10","Hebrew","yes","mapped","Already covered"
"475","HC/Ncmpc/Sp1cs","51","Gen 47:1 word 7","Hebrew","no","mapped","Regression test only"
"476","HC/Pdxms","51","Gen 6:15 word 1","Hebrew","yes","mapped","Already covered"
"477","HC/R/Ncbpc","51","Exod 7:10 word 17","Hebrew","no","mapped","Regression test only"
"478","HC/Vqw2mp","51","Num 11:20 word 18","Hebrew","no","mapped","Regression test only"
"479","HR/Ncmsc/Sp2fs","51","Gen 12:13 word 8","Hebrew","no","mapped","Regression test only"
"480","HVqc/Sp3ms","51","Gen 14:17 word 6","Hebrew","no","mapped","Regression test only"
"481","HVqp3cp/Sp1cs","51","Deut 31:17 word 25","Hebrew","no","mapped","Regression test only"
"482","ANcfsa","50","Ezra 4:8 word 7","Aramaic","no","mapped","Regression test only"
"483","ANcmsc/Sp3ms","50","Ezra 5:14 word 31","Aramaic","no","mapped","Regression test only"
"484","HC/Ncbsc/Sp3ms","50","Gen 25:26 word 5","Hebrew","no","mapped","Regression test only"
"485","HC/R/Sp3mp","50","Gen 6:21 word 12","Hebrew","no","mapped","Regression test only"
"486","HC/VNw3fs","50","Gen 6:11 word 1","Hebrew","no","mapped","Regression test only"
"487","HNcfsc/Sp2mp","50","Gen 17:11 word 4","Hebrew","no","mapped","Regression test only"
"488","HTo/Sp2ms","50","Gen 7:1 word 11","Hebrew","no","mapped","Regression test only"
"489","HVti3mp","50","Exod 19:22 word 6","Hebrew","no","mapped","Regression test only"
"490","HC/R/Ncfsc/Sp3ms","49","Gen 3:21 word 5","Hebrew","no","mapped","Regression test only"
"491","HC/Td/Np","49","Gen 12:8 word 12","Hebrew","no","mapped","Regression test only"
"492","HC/VNq3fs","49","Gen 9:14 word 6","Hebrew","no","mapped","Regression test only"
"493","HPp2fs","49","Gen 12:11 word 17","Hebrew","yes","mapped","Already covered"
"494","HAcbda","48","Gen 11:23 word 7","Hebrew","yes","mapped","Already covered"
"495","HC/Ncmsc/Sp3mp","48","Gen 34:23 word 2","Hebrew","no","mapped","Regression test only"
"496","HC/R/Ti","48","Gen 4:6 word 8","Hebrew","no","mapped","Regression test only"
"497","HC/R/Vpc","48","Exod 29:29 word 10","Hebrew","no","mapped","Regression test only"
"498","HC/Vhv2ms","48","Gen 38:8 word 10","Hebrew","yes","mapped","Already covered"
"499","HC/Vqv2fs","48","Gen 18:6 word 13","Hebrew","no","mapped","Regression test only"
"500","HNcfpc/Sp2fs","48","Ruth 3:3 word 5","Hebrew","no","mapped","Regression test only"
"501","HR/Pdxfs","48","Gen 2:23 word 9","Hebrew","no","mapped","Regression test only"
"502","HR/Td/Ncmsa","48","Gen 6:20 word 1","Hebrew","no","mapped","Regression test only"
"503","APdxms","47","Ezra 4:11 word 1","Aramaic","no","mapped","Regression test only"
"504","HC/Vpw3fs","47","Gen 18:15 word 1","Hebrew","no","mapped","Regression test only"
"505","HC/Vqw2fs","47","Ruth 2:11 word 16","Hebrew","no","mapped","Regression test only"
"506","HRd/Aampa","47","Exod 7:11 word 4","Hebrew","no","mapped","Regression test only"
"507","HVhi3ms/Sp3ms","47","Gen 49:9 word 12","Hebrew","no","mapped","Regression test only"
"508","HVhp3fs","47","Gen 21:7 word 5","Hebrew","no","mapped","Regression test only"
"509","HVqi3ms/Sp1cs","47","Gen 4:14 word 17","Hebrew","no","mapped","Regression test only"
"510","HVtrmsa","47","Gen 3:8 word 6","Hebrew","no","mapped","Regression test only"
"511","HC/Acbsa","46","Exod 38:25 word 6","Hebrew","no","mapped","Regression test only"
"512","HC/Ncfsc/Sp3mp","46","Gen 18:20 word 8","Hebrew","no","mapped","Regression test only"
"513","HC/Pp3fs","46","Gen 19:20 word 8","Hebrew","no","mapped","Regression test only"
"514","HC/Td/Vqrmsa","46","Gen 40:1 word 9","Hebrew","no","mapped","Regression test only"
"515","HRd/Ncbpa","46","Exod 9:3 word 9","Hebrew","no","mapped","Regression test only"
"516","HTd/Vqsmpa","46","Gen 30:42 word 6","Hebrew","no","mapped","Regression test only"
"517","HVhj2ms","46","Gen 19:17 word 10","Hebrew","no","mapped","Regression test only"
"518","HVqsmpc","46","Gen 39:20 word 11","Hebrew","no","mapped","Regression test only"
"519","HC/Ncfpc/Sp3mp","45","Num 3:37 word 5","Hebrew","no","mapped","Regression test only"
"520","HC/Vha","45","Gen 22:17 word 4","Hebrew","no","mapped","Regression test only"
"521","HVpi3fs","45","Deut 12:20 word 14","Hebrew","no","mapped","Regression test only"
"522","HVpp3fs","45","Gen 38:15 word 6","Hebrew","no","mapped","Regression test only"
"523","HVqrfsc","45","Gen 49:22 word 2","Hebrew","yes","mapped","Already covered"
"524","HC/Ncmpc/Sp3fs","44","Gen 33:2 word 9","Hebrew","no","mapped","Regression test only"
"525","HC/Vqsmsa","44","Gen 14:20 word 1","Hebrew","no","mapped","Regression test only"
"526","HNcbpc/Sp3fs","44","Gen 38:15 word 7","Hebrew","no","mapped","Regression test only"
"527","HTo/Sp2fs","44","Gen 12:12 word 4","Hebrew","no","mapped","Regression test only"
"528","HVPi3ms","44","Exod 34:34 word 19","Hebrew","no","mapped","Regression test only"
"529","HVPsmpa","44","Exod 25:5 word 3","Hebrew","no","mapped","Regression test only"
"530","HVqc/Sp1cs","44","Gen 18:12 word 6","Hebrew","no","mapped","Regression test only"
"531","HVqi2ms/Sp3ms","44","Gen 3:15 word 14","Hebrew","no","mapped","Regression test only"
"532","HC/Ncfpc/Sp3ms","43","Gen 20:17 word 11","Hebrew","no","mapped","Regression test only"
"533","HC/R/Ncmsc/Sp2ms","43","Gen 13:15 word 10","Hebrew","no","mapped","Regression test only"
"534","HC/Vpw3ms/Sp3mp","43","Gen 25:6 word 8","Hebrew","no","mapped","Regression test only"
"535","HC/Vqq2fs","43","Gen 16:11 word 9","Hebrew","no","mapped","Regression test only"
"536","HR/Ncmpc/Sp1cp","43","Exod 5:8 word 24","Hebrew","no","mapped","Regression test only"
"537","HVHp3ms","43","Gen 4:26 word 11","Hebrew","no","mapped","Regression test only"
"538","AR/Sp2ms","42","Ezra 4:12 word 9","Aramaic","no","mapped","Regression test only"
"539","HAafsc","42","Gen 12:11 word 15","Hebrew","no","mapped","Regression test only"
"540","HAofsa","42","Gen 22:15 word 6","Hebrew","no","mapped","Regression test only"
"541","HR/Ncmpc/Sp3fs","42","Gen 17:14 word 12","Hebrew","no","mapped","Regression test only"
"542","HR/Vqc/Sp2mp","42","Gen 32:20 word 20","Hebrew","no","mapped","Regression test only"
"543","HTi/Ncmsa","42","Gen 20:4 word 7","Hebrew","no","mapped","Regression test only"
"544","HVhi1cs/Sp2ms","42","Gen 12:1 word 14","Hebrew","no","mapped","Regression test only"
"545","HVqi1cs/Sp2ms","42","Gen 28:15 word 14","Hebrew","no","mapped","Regression test only"
"546","HC/R/Sp2ms","41","Gen 4:7 word 11","Hebrew","no","mapped","Regression test only"
"547","HC/Vhw3mp/Sp3ms","41","Gen 19:16 word 13","Hebrew","no","mapped","Regression test only"
"548","HTd/Np/Sd","41","Exod 1:22 word 9","Hebrew","no","mapped","Regression test only"
"549","HVhj3ms","41","Gen 9:27 word 1","Hebrew","no","mapped","Regression test only"
"550","HVNi1cs","41","Gen 4:14 word 9","Hebrew","no","mapped","Regression test only"
"551","HVpc","41","Gen 8:10 word 7","Hebrew","no","mapped","Regression test only"
"552","HVqi3ms/Sp2ms","41","Gen 3:15 word 11","Hebrew","no","mapped","Regression test only"
"553","HVqp1cs/Sp3ms","41","Gen 18:19 word 2","Hebrew","yes","mapped","Already covered"
"554","AAamsa","40","Ezra 4:14 word 11","Aramaic","no","mapped","Regression test only"
"555","HC/Ncbpc","40","Deut 12:6 word 12","Hebrew","no","mapped","Regression test only"
"556","HC/Vhi3ms","40","Exod 10:21 word 14","Hebrew","no","mapped","Regression test only"
"557","HC/Vhw3ms/Sp1cs","40","Gen 24:37 word 1","Hebrew","no","mapped","Regression test only"
"558","HC/Vpp3ms","40","Gen 28:6 word 8","Hebrew","no","mapped","Regression test only"
"559","HC/Vqq1cp","40","Gen 34:16 word 1","Hebrew","no","mapped","Regression test only"
"560","HNcbsc/Sp2fs","40","Gen 21:18 word 7","Hebrew","no","mapped","Regression test only"
"561","HR/Ncbsc/Sp2mp","40","Gen 9:2 word 19","Hebrew","no","mapped","Regression test only"
"562","HR/Ncfpc/Sp3ms","40","Gen 4:23 word 3","Hebrew","no","mapped","Regression test only"
"563","HR/Vhc/Sp3mp","40","Gen 19:17 word 2","Hebrew","no","mapped","Regression test only"
"564","HRd/Aafsa","40","Gen 28:19 word 12","Hebrew","no","mapped","Regression test only"
"565","HVhi2ms/Sp1cs","40","Deut 2:28 word 3","Hebrew","no","mapped","Regression test only"
"566","HVqp3ms/Sp3mp","40","Gen 5:2 word 3","Hebrew","no","mapped","Regression test only"
"567","ANcfsc","39","Ezra 4:22 word 3","Aramaic","no","mapped","Regression test only"
"568","AR/Ncmsd/Td","39","Ezra 4:12 word 3","Aramaic","no","mapped","Regression test only"
"569","HC/Vhp3ms","39","Gen 15:6 word 1","Hebrew","no","mapped","Regression test only"
"570","HC/Vhw3mp/Sp3mp","39","Exod 12:36 word 8","Hebrew","no","mapped","Regression test only"
"571","HR/R/Ncbpc","39","Gen 4:16 word 3","Hebrew","no","mapped","Regression test only"
"572","HRd/Ngmsa","39","Gen 34:30 word 12","Hebrew","no","mapped","Regression test only"
"573","HTd/Ngfsa","39","Gen 16:3 word 7","Hebrew","no","mapped","Regression test only"
"574","HC/Ncmpc/Sp2mp","38","Exod 22:23 word 9","Hebrew","no","mapped","Regression test only"
"575","HC/R/Ncmpc/Sp3ms","38","Exod 14:17 word 14","Hebrew","no","mapped","Regression test only"
"576","HR/Acbpa","38","Gen 37:28 word 15","Hebrew","no","mapped","Regression test only"
"577","HR/Ncbdc/Sp3mp","38","Gen 42:24 word 14","Hebrew","no","mapped","Regression test only"
"578","HVhp3ms/Sp1cs","38","Gen 3:13 word 11","Hebrew","no","mapped","Regression test only"
"579","HVNi3fp","38","Exod 8:5 word 17","Hebrew","no","mapped","Regression test only"
"580","HVprmpc","38","1Chr 16:10 word 6","Hebrew","no","mapped","Regression test only"
"581","AC/Ncmsa","37","Ezra 4:13 word 14","Aramaic","no","mapped","Regression test only"
"582","HC/Vhrmsa","37","Judg 13:19 word 12","Hebrew","no","mapped","Regression test only"
"583","HR/Ncbdc/Sp1cs","37","Gen 31:40 word 9","Hebrew","no","mapped","Regression test only"
"584","HR/R/Sp3mp","37","Gen 42:24 word 2","Hebrew","no","mapped","Regression test only"
"585","HR/Vqrmsa","37","Exod 22:24 word 12","Hebrew","no","mapped","Regression test only"
"586","HVph1cs","37","Gen 32:21 word 9","Hebrew","no","mapped","Regression test only"
"587","HVqsfpa","37","Gen 41:23 word 4","Hebrew","no","mapped","Regression test only"
"588","AC/Ncmsc","36","Ezra 4:9 word 7","Aramaic","no","mapped","Regression test only"
"589","AC/Np","36","Ezra 4:8 word 4","Aramaic","no","mapped","Regression test only"
"590","HC/R/Ncmpc/Sp2ms","36","Exod 7:28 word 14","Hebrew","no","mapped","Regression test only"
"591","HC/R/Tr","36","Gen 26:29 word 8","Hebrew","yes","mapped","Already covered"
"592","HNcfsc/Sp1cp","36","Gen 24:60 word 6","Hebrew","no","mapped","Regression test only"
"593","HR/Pdxcp","36","Gen 10:5 word 1","Hebrew","no","mapped","Regression test only"
"594","HR/R/Ncmsc","36","Gen 26:1 word 4","Hebrew","no","mapped","Regression test only"
"595","HTd/Vprmpa","36","Exod 4:19 word 13","Hebrew","no","mapped","Regression test only"
"596","HVPp3cp","36","Gen 6:1 word 10","Hebrew","no","mapped","Regression test only"
"597","HVqj3fs","36","Gen 13:8 word 7","Hebrew","no","mapped","Regression test only"
"598","HC/R/Ncbsa","35","Gen 49:9 word 10","Hebrew","no","mapped","Regression test only"
"599","HC/Vqp2ms","35","Gen 6:21 word 8","Hebrew","no","mapped","Regression test only"
"600","HR/Aampa","35","Num 5:24 word 12","Hebrew","no","mapped","Regression test only"
"601","HR/Ncmsc/Sp1cp","35","Gen 1:26 word 5","Hebrew","yes","mapped","Already covered"
"602","HR/Vhc/Sp1cs","35","Gen 34:30 word 9","Hebrew","no","mapped","Regression test only"
"603","HTn/Sp3ms","35","Gen 30:33 word 13","Hebrew","yes","mapped","Already covered"
"604","HVhc/Sp3ms","35","Gen 5:4 word 5","Hebrew","yes","mapped","Already covered"
"605","HVhv2fs","35","Gen 24:14 word 6","Hebrew","yes","mapped","Already covered"
"606","ANcmpc","34","Ezra 4:15 word 23","Aramaic","no","mapped","Regression test only"
"607","HC/Ncbpa","34","Gen 12:16 word 8","Hebrew","no","mapped","Regression test only"
"608","HC/Rd/Ncbsa","34","Gen 40:10 word 1","Hebrew","no","mapped","Regression test only"
"609","HC/Td/Aampa","34","Ruth 4:11 word 6","Hebrew","no","mapped","Regression test only"
"610","HC/Td/Aamsa","34","Gen 42:32 word 9","Hebrew","no","mapped","Regression test only"
"611","HTd/Vqsmsa","34","Exod 3:16 word 22","Hebrew","yes","mapped","Already covered"
"612","HVhp2mp","34","Gen 43:6 word 4","Hebrew","no","mapped","Regression test only"
"613","HVNrfsa","34","Exod 16:35 word 12","Hebrew","no","mapped","Regression test only"
"614","HVqrmsc/Sp3ms","34","Gen 4:15 word 18","Hebrew","yes","mapped","Already covered"
"615","HC/Aafsa","33","Gen 27:34 word 9","Hebrew","yes","mapped","Already covered"
"616","HC/Acmdc","33","Gen 24:22 word 12","Hebrew","no","mapped","Regression test only"
"617","HC/Ncfsc/Sp3fs","33","Gen 24:15 word 18","Hebrew","no","mapped","Regression test only"
"618","HC/Pp1cp","33","Exod 10:26 word 15","Hebrew","no","mapped","Regression test only"
"619","HC/Vph1cs","33","Gen 18:30 word 6","Hebrew","no","mapped","Regression test only"
"620","HC/Vqi3fs","33","Gen 19:20 word 16","Hebrew","no","mapped","Regression test only"
"621","HR/Ncbpc/Sp1cp","33","Gen 46:34 word 6","Hebrew","no","mapped","Regression test only"
"622","HTd/Vqsfsa","33","Lev 14:6 word 21","Hebrew","no","mapped","Regression test only"
"623","HVpi2mp","33","Exod 16:23 word 18","Hebrew","no","mapped","Regression test only"
"624","HVprmsc/Sp2ms","33","Exod 34:11 word 6","Hebrew","no","mapped","Regression test only"
"625","HVpv2ms/Sp1cs","33","Gen 27:34 word 14","Hebrew","no","mapped","Regression test only"
"626","HVqc/Sp3mp","33","Gen 34:5 word 16","Hebrew","no","mapped","Regression test only"
"627","HAampc/Sp3ms","32","Deut 1:7 word 9","Hebrew","no","mapped","Regression test only"
"628","HR/Acmdc","32","Gen 9:22 word 9","Hebrew","no","mapped","Regression test only"
"629","HTi/Vqi3ms","32","Exod 16:4 word 19","Hebrew","no","mapped","Regression test only"
"630","HVhi3ms/Sp1cs","32","Num 23:3 word 14","Hebrew","no","mapped","Regression test only"
"631","HVhi3ms/Sp2ms","32","Exod 13:5 word 3","Hebrew","no","mapped","Regression test only"
"632","HVqi3mp/Sp3ms","32","Exod 12:8 word 11","Hebrew","no","mapped","Regression test only"
"633","HVqrmsc/Sp1cs","32","Gen 4:14 word 16","Hebrew","no","mapped","Regression test only"
"634","AR/Ncfsc","31","Ezra 4:22 word 10","Aramaic","no","mapped","Regression test only"
"635","HC/Vhq1cs/Sp3mp","31","Josh 14:12 word 26","Hebrew","no","mapped","Regression test only"
"636","HC/VNrmsa","31","Gen 3:6 word 11","Hebrew","no","mapped","Regression test only"
"637","HC/Vpa","31","Exod 21:19 word 12","Hebrew","no","mapped","Regression test only"
"638","HNcfdc/Sp3mp","31","Gen 43:24 word 10","Hebrew","no","mapped","Regression test only"
"639","HNcfpc/Sp1cp","31","Gen 34:9 word 7","Hebrew","no","mapped","Regression test only"
"640","HR/Aampc","31","Exod 17:5 word 10","Hebrew","no","mapped","Regression test only"
"641","HR/Ncfsc/Sp3fs","31","Gen 24:17 word 9","Hebrew","no","mapped","Regression test only"
"642","HTo/Sp1cp","31","Gen 34:9 word 2","Hebrew","no","mapped","Regression test only"
"643","HVpj2ms","31","Lev 19:29 word 2","Hebrew","no","mapped","Regression test only"
"644","HVqp3ms/Sp3fs","31","Gen 24:16 word 8","Hebrew","no","mapped","Regression test only"
"645","AC/C","30","Ezra 4:14 word 2","Aramaic","no","mapped","Regression test only"
"646","AVqp3mp","30","Ezra 4:8 word 6","Aramaic","no","mapped","Regression test only"
"647","HC/R/D","30","Gen 2:10 word 7","Hebrew","yes","mapped","Already covered"
"648","HC/R/Ncfpc","30","Deut 32:32 word 5","Hebrew","no","mapped","Regression test only"
"649","HC/Td/Vqrmpa","30","Gen 7:16 word 1","Hebrew","no","mapped","Regression test only"
"650","HC/Vpq2mp","30","Gen 45:13 word 11","Hebrew","yes","mapped","Already covered"
"651","HNcbsc/Sp1cp","30","Num 11:6 word 2","Hebrew","no","mapped","Regression test only"
"652","HRd/Vqrmsa","30","Gen 23:16 word 20","Hebrew","no","mapped","Regression test only"
"653","HTd/Vqrfpa","30","Gen 24:11 word 12","Hebrew","no","mapped","Regression test only"
"654","HVqp2ms/Sp1cs","30","Gen 31:28 word 2","Hebrew","no","mapped","Regression test only"
"655","HVqrmsc/Sp2ms","30","Gen 23:6 word 11","Hebrew","no","mapped","Regression test only"
"656","AC/R","29","Ezra 5:16 word 12","Aramaic","no","mapped","Regression test only"
"657","AR/D","29","Ezra 4:24 word 1","Aramaic","no","mapped","Regression test only"
"658","AR/Sp3mp","29","Ezra 4:20 word 14","Aramaic","no","mapped","Regression test only"
"659","HC/Ncbsc/Sp1cs","29","1Sam 24:13 word 8","Hebrew","no","mapped","Regression test only"
"660","HC/Td/VNrmsa","29","Exod 12:10 word 6","Hebrew","no","mapped","Regression test only"
"661","HC/Vqp3fs","29","Gen 12:13 word 9","Hebrew","no","mapped","Regression test only"
"662","HNcbpc/Sp2fs","29","1Sam 25:35 word 17","Hebrew","no","mapped","Regression test only"
"663","HVhp3ms/Sp3ms","29","Gen 27:23 word 2","Hebrew","no","mapped","Regression test only"
"664","HVNp2ms","29","Gen 31:27 word 2","Hebrew","no","mapped","Regression test only"
"665","HVpp3ms/Sp3ms","29","Gen 7:5 word 5","Hebrew","no","mapped","Regression test only"
"666","HVqi3ms/Sp3fs","29","Exod 21:9 word 3","Hebrew","no","mapped","Regression test only"
"667","HVqj2fs","29","Gen 21:17 word 19","Hebrew","no","mapped","Regression test only"
"668","HVqrmpc/Sp3fs","29","Lev 18:25 word 9","Hebrew","no","mapped","Regression test only"
"669","AC/Vqrmsa","28","Dan 2:5 word 3","Aramaic","no","mapped","Regression test only"
"670","HC/Acbda","28","Gen 11:19 word 9","Hebrew","no","mapped","Regression test only"
"671","HC/Ncfpc/Sp2ms","28","Gen 19:12 word 11","Hebrew","no","mapped","Regression test only"
"672","HC/Ngmpa","28","Judg 10:12 word 1","Hebrew","no","mapped","Regression test only"
"673","HC/Vhh1cs","28","Gen 13:9 word 10","Hebrew","no","mapped","Regression test only"
"674","HC/VNq1cs","28","Exod 25:22 word 1","Hebrew","no","mapped","Regression test only"
"675","HC/Vqi1cp","28","Gen 37:20 word 11","Hebrew","no","mapped","Regression test only"
"676","HC/Vqw3mp/Sp3mp","28","Exod 39:18 word 10","Hebrew","no","mapped","Regression test only"
"677","HNcbdc/Sp2mp","28","Gen 3:5 word 9","Hebrew","no","mapped","Regression test only"
"678","HR/D/Sd","28","Exod 25:20 word 5","Hebrew","no","mapped","Regression test only"
"679","HRd/Vqrmpa","28","Ruth 2:4 word 7","Hebrew","no","mapped","Regression test only"
"680","HVhi1cs/Sp3mp","28","Deut 32:21 word 8","Hebrew","no","mapped","Regression test only"
"681","HVhrmsc","28","Exod 21:12 word 1","Hebrew","no","mapped","Regression test only"
"682","AC/Ncmsc/Sp3ms","27","Ezra 6:11 word 18","Aramaic","no","mapped","Regression test only"
"683","HC/Acfda","27","Exod 24:4 word 13","Hebrew","no","mapped","Regression test only"
"684","HC/Ncbpc/Sp3fp","27","Josh 13:23 word 13","Hebrew","no","mapped","Regression test only"
"685","HC/R/Ncfpa","27","Exod 1:14 word 7","Hebrew","no","mapped","Regression test only"
"686","HC/VHw3ms","27","Gen 22:20 word 5","Hebrew","no","mapped","Regression test only"
"687","HC/VNq2mp","27","Gen 17:11 word 1","Hebrew","no","mapped","Regression test only"
"688","HC/Vqj3mp","27","Gen 1:26 word 7","Hebrew","no","mapped","Regression test only"
"689","HTd/Vprmsa","27","Gen 45:12 word 9","Hebrew","no","mapped","Regression test only"
"690","HVhi1cs/Sp3ms","27","Gen 42:37 word 12","Hebrew","no","mapped","Regression test only"
"691","HVhp1cs/Sp2ms","27","Gen 15:7 word 6","Hebrew","no","mapped","Regression test only"
"692","HVNc","27","Gen 13:14 word 6","Hebrew","no","mapped","Regression test only"
"693","HVNi2mp","27","Gen 42:15 word 2","Hebrew","no","mapped","Regression test only"
"694","HVpp2mp","27","Gen 42:36 word 6","Hebrew","no","mapped","Regression test only"
"695","HVqsmsc","27","Gen 24:31 word 3","Hebrew","no","mapped","Regression test only"
"696","HVtp3cp","27","Gen 26:20 word 15","Hebrew","no","mapped","Regression test only"
"697","AAcbsa","26","Ezra 6:3 word 22","Aramaic","no","mapped","Regression test only"
"698","AR/Vqc","26","Ezra 4:14 word 13","Aramaic","no","mapped","Regression test only"
"699","AVqp1cs","26","Ezra 6:12 word 22","Aramaic","no","mapped","Regression test only"
"700","HC/Acfdc","26","Gen 19:30 word 6","Hebrew","no","mapped","Regression test only"
"701","HC/Rd/Ncfpa","26","Exod 7:19 word 33","Hebrew","no","mapped","Regression test only"
"702","HC/Vprmsa","26","Gen 41:32 word 12","Hebrew","no","mapped","Regression test only"
"703","HPp3fp","26","Gen 6:2 word 9","Hebrew","no","mapped","Regression test only"
"704","HR/Aamsc","26","Exod 15:16 word 5","Hebrew","no","mapped","Regression test only"
"705","HR/Ncbdc/Sp2mp","26","Gen 19:8 word 17","Hebrew","no","mapped","Regression test only"
"706","HTi/D","26","Gen 16:13 word 11","Hebrew","no","mapped","Regression test only"
"707","HVNa","26","Gen 17:10 word 10","Hebrew","no","mapped","Regression test only"
"708","HVNrfpa","26","Exod 34:10 word 10","Hebrew","no","mapped","Regression test only"
"709","HVNv2mp","26","Gen 42:16 word 8","Hebrew","no","mapped","Regression test only"
"710","HVpi3ms/Sp2ms","26","Gen 27:10 word 6","Hebrew","no","mapped","Regression test only"
"711","HVPsfsa","26","Gen 15:9 word 6","Hebrew","yes","mapped","Already covered"
"712","HVqi1cs/Sp3ms","26","Gen 9:5 word 9","Hebrew","no","mapped","Regression test only"
"713","HVqrmpc/Sp2mp","26","Lev 26:7 word 3","Hebrew","no","mapped","Regression test only"
"714","AR/Sp1cs","25","Ezra 4:18 word 7","Aramaic","no","mapped","Regression test only"
"715","AVqi3mp","25","Ezra 4:13 word 16","Aramaic","no","mapped","Regression test only"
"716","AVQp3ms","25","Ezra 4:18 word 6","Aramaic","no","mapped","Regression test only"
"717","HC/Aampc","25","Exod 3:18 word 5","Hebrew","yes","mapped","Already covered"
"718","HC/Pdxfs","25","Gen 49:28 word 7","Hebrew","no","mapped","Regression test only"
"719","HC/R/Ncmpc/Sp3mp","25","Exod 23:32 word 4","Hebrew","no","mapped","Regression test only"
"720","HC/Vtq3cp","25","Gen 22:18 word 1","Hebrew","no","mapped","Regression test only"
"721","HR/Ncfdc/Sp3ms","25","Exod 4:25 word 9","Hebrew","no","mapped","Regression test only"
"722","HR/Vpc/Sp3mp","25","Gen 18:16 word 11","Hebrew","no","mapped","Regression test only"
"723","HVhh1cs","25","Gen 19:8 word 10","Hebrew","no","mapped","Regression test only"
"724","HVhi3ms/Sp3fs","25","Exod 30:7 word 11","Hebrew","no","mapped","Regression test only"
"725","HVNp1cp","25","Gen 31:15 word 3","Hebrew","no","mapped","Regression test only"
"726","HVpi1cs/Sp2ms","25","Gen 22:17 word 3","Hebrew","no","mapped","Regression test only"
"727","HVPp3fs","25","Gen 2:23 word 14","Hebrew","no","mapped","Regression test only"
"728","HVqp3ms/Sp2ms","25","Exod 2:14 word 3","Hebrew","yes","mapped","Already covered"
"729","AAafsa","24","Ezra 4:15 word 15","Aramaic","no","mapped","Regression test only"
"730","AC/Ncmpd/Td","24","Ezra 4:9 word 10","Aramaic","yes","mapped","Already covered"
"731","HC/Ncbsc/Sp2ms","24","Gen 45:10 word 11","Hebrew","no","mapped","Regression test only"
"732","HC/VNi3mp","24","Gen 42:16 word 9","Hebrew","no","mapped","Regression test only"
"733","HNcfdc/Sp2ms","24","Exod 3:5 word 8","Hebrew","yes","mapped","Already covered"
"734","HNcmsc/Sp3fp","24","Gen 19:33 word 3","Hebrew","no","mapped","Regression test only"
"735","HR/Ncfpc/Sp2ms","24","Deut 26:13 word 21","Hebrew","no","mapped","Regression test only"
"736","HR/Vqrmpc/Sp1cs","24","Exod 20:5 word 21","Hebrew","no","mapped","Regression test only"
"737","HTd/Vhrmpa","24","1Sam 4:8 word 12","Hebrew","no","mapped","Regression test only"
"738","HVpp3cp/Sp1cs","24","Gen 30:13 word 5","Hebrew","no","mapped","Regression test only"
"739","HVqi2ms/Sp1cs","24","Judg 13:16 word 7","Hebrew","no","mapped","Regression test only"
"740","HVqi3ms/Sp3mp","24","Exod 15:7 word 7","Hebrew","no","mapped","Regression test only"
"741","HVti2ms","24","Num 16:13 word 11","Hebrew","no","mapped","Regression test only"
"742","AR/Vhc","23","Ezra 6:12 word 13","Aramaic","no","mapped","Regression test only"
"743","HC/Ncfpc/Sp1cs","23","Gen 26:5 word 10","Hebrew","no","mapped","Regression test only"
"744","HC/R/Sp2mp","23","Gen 9:12 word 10","Hebrew","no","mapped","Regression test only"
"745","HC/Vhp1cs","23","Gen 6:18 word 1","Hebrew","no","mapped","Regression test only"
"746","HC/Vpv2ms","23","Gen 38:8 word 8","Hebrew","no","mapped","Regression test only"
"747","HC/Vqq1cs/Sp3mp","23","Deut 31:17 word 6","Hebrew","no","mapped","Regression test only"
"748","HC/Vqq3ms/Sp3fs","23","Exod 13:11 word 12","Hebrew","no","mapped","Regression test only"
"749","HC/Vqq3ms/Sp3ms","23","Gen 44:29 word 7","Hebrew","no","mapped","Regression test only"
"750","HNcmpc/Sp3fp","23","Gen 33:2 word 5","Hebrew","no","mapped","Regression test only"
"751","HR/Aafsa","23","Gen 50:20 word 7","Hebrew","no","mapped","Regression test only"
"752","HR/Ncbsc/Sp1cp","23","Gen 43:21 word 18","Hebrew","no","mapped","Regression test only"
"753","HR/R/D/Sd","23","Gen 6:16 word 7","Hebrew","no","mapped","Regression test only"
"754","HR/Vhc/Sp2ms","23","Exod 3:12 word 11","Hebrew","yes","mapped","Already covered"
"755","HTm/Sp3mp","23","1Sam 12:2 word 10","Hebrew","no","mapped","Regression test only"
"756","HVhi3ms/Sp3mp","23","Num 27:17 word 8","Hebrew","no","mapped","Regression test only"
"757","HVqi3mp/Sp1cs","23","Gen 26:7 word 13","Hebrew","no","mapped","Regression test only"
"758","HVqp1cs/Sp3mp","23","Gen 6:7 word 22","Hebrew","no","mapped","Regression test only"
"759","ANcmsc/Sp2ms","22","Ezra 7:14 word 15","Aramaic","no","mapped","Regression test only"
"760","HC/Ncfpc/Sp2mp","22","Exod 32:2 word 11","Hebrew","no","mapped","Regression test only"
"761","HC/Vhw3ms/Sp3fs","22","Gen 2:22 word 11","Hebrew","yes","mapped","Already covered"
"762","HC/VNp3ms","22","Exod 16:21 word 10","Hebrew","no","mapped","Regression test only"
"763","HR/Ncfdc/Sp1cs","22","Num 14:28 word 11","Hebrew","no","mapped","Regression test only"
"764","HVpp1cp","22","Exod 14:5 word 18","Hebrew","no","mapped","Regression test only"
"765","HVpp1cs/Sp2ms","22","Gen 3:11 word 11","Hebrew","no","mapped","Regression test only"
"766","HVqrmpc/Sp2fs","22","Ps 122:6 word 5","Hebrew","no","mapped","Regression test only"
"767","HVtp3ms","22","Gen 6:9 word 12","Hebrew","no","mapped","Regression test only"
"768","AAamsd/Td","21","Ezra 4:10 word 6","Aramaic","yes","mapped","Already covered"
"769","AC/Ncfsd/Td","21","Ezra 4:21 word 7","Aramaic","no","mapped","Regression test only"
"770","AVhp3ms","21","Ezra 4:10 word 4","Aramaic","no","mapped","Regression test only"
"771","HAomsa","21","Gen 1:8 word 10","Hebrew","yes","mapped","Already covered"
"772","HC/R/Ncfsc/Sp2ms","21","Gen 12:1 word 8","Hebrew","no","mapped","Regression test only"
"773","HC/R/Ncmsc/Sp1cs","21","Gen 21:23 word 9","Hebrew","no","mapped","Regression test only"
"774","HC/Vhq1cs/Sp3ms","21","Gen 43:9 word 9","Hebrew","no","mapped","Regression test only"
"775","HC/Vhq3ms/Sp3ms","21","Gen 32:9 word 8","Hebrew","no","mapped","Regression test only"
"776","HC/Vqq2ms/Sp3mp","21","Gen 47:6 word 21","Hebrew","no","mapped","Regression test only"
"777","HNcfdc/Sp3fs","21","Num 5:18 word 13","Hebrew","no","mapped","Regression test only"
"778","HR/Ncbsc/Sp3fs","21","Gen 39:12 word 8","Hebrew","no","mapped","Regression test only"
"779","HR/R/Sp2fs","21","Exod 8:25 word 6","Hebrew","no","mapped","Regression test only"
"780","HVhi1cp","21","Gen 19:9 word 11","Hebrew","no","mapped","Regression test only"
"781","HVhp3ms/Sp3mp","21","Gen 11:9 word 14","Hebrew","no","mapped","Regression test only"
"782","HVhrfsa","21","Exod 12:19 word 10","Hebrew","no","mapped","Regression test only"
"783","HVtv2mp","21","Exod 14:13 word 7","Hebrew","no","mapped","Regression test only"
"784","AC/Ncfsa","20","Ezra 4:20 word 10","Aramaic","no","mapped","Regression test only"
"785","ANcmsc/Sp1cs","20","Dan 4:2 word 6","Aramaic","no","mapped","Regression test only"
"786","ATa","20","Ezra 4:16 word 17","Aramaic","no","mapped","Regression test only"
"787","HC/Ncbdc/Sp3ms","20","Exod 29:17 word 7","Hebrew","no","mapped","Regression test only"
"788","HC/Ncbpc/Sp3mp","20","Gen 9:23 word 16","Hebrew","no","mapped","Regression test only"
"789","HC/Ncmsa/Sd","20","Gen 13:14 word 19","Hebrew","no","mapped","Regression test only"
"790","HC/Ncmsc/Sp2mp","20","Gen 9:2 word 1","Hebrew","no","mapped","Regression test only"
"791","HC/R/R","20","Exod 20:20 word 13","Hebrew","no","mapped","Regression test only"
"792","HC/Vhw2ms","20","Gen 19:19 word 7","Hebrew","no","mapped","Regression test only"
"793","HC/Vpw1cs","20","Gen 24:48 word 4","Hebrew","no","mapped","Regression test only"
"794","HC/Vqw3ms/Sp1cs","20","Gen 27:36 word 6","Hebrew","no","mapped","Regression test only"
"795","HR/R/Sp2ms","20","Gen 33:12 word 5","Hebrew","no","mapped","Regression test only"
"796","HR/Vpc/Sp1cs","20","Gen 9:14 word 2","Hebrew","no","mapped","Regression test only"
"797","HVhj2mp","20","Lev 25:14 word 10","Hebrew","no","mapped","Regression test only"
"798","HVNi3mp/Sn","20","Gen 18:29 word 7","Hebrew","no","mapped","Regression test only"
"799","HVpp2ms/Sp1cs","20","Gen 29:25 word 18","Hebrew","no","mapped","Regression test only"
"800","HVpv2fs","20","Gen 18:6 word 7","Hebrew","no","mapped","Regression test only"
"801","HVqp3cp/Sp3mp","20","Deut 29:25 word 10","Hebrew","no","mapped","Regression test only"
"802","HVqsmpc/Sp3mp","20","Num 1:21 word 1","Hebrew","no","mapped","Regression test only"
"803","HVtj2ms","20","Deut 2:9 word 9","Hebrew","no","mapped","Regression test only"
"804","ANgmpd/Td","19","Ezra 4:9 word 12","Aramaic","no","mapped","Regression test only"
"805","HAampc/Sp2ms","19","Deut 21:2 word 2","Hebrew","no","mapped","Regression test only"
"806","HC/Vpi3ms","19","Exod 6:11 word 7","Hebrew","no","mapped","Regression test only"
"807","HC/Vqi2ms","19","2Kgs 19:25 word 11","Hebrew","no","mapped","Regression test only"
"808","HC/Vqj3fs","19","Gen 24:51 word 6","Hebrew","no","mapped","Regression test only"
"809","HC/Vqp2mp","19","Gen 19:2 word 14","Hebrew","no","mapped","Regression test only"
"810","HC/Vqrmsc","19","Judg 20:33 word 9","Hebrew","no","mapped","Regression test only"
"811","HR/Ncfsc/Sp2fs","19","Gen 24:43 word 17","Hebrew","no","mapped","Regression test only"
"812","HR/Vqrmpa","19","1Chr 28:18 word 10","Hebrew","no","mapped","Regression test only"
"813","HTi/Tm","19","Gen 24:23 word 8","Hebrew","no","mapped","Regression test only"
"814","HTj/Sh","19","Gen 18:25 word 1","Hebrew","no","mapped","Regression test only"
"815","HVhi3mp/Sn","19","Exod 18:26 word 9","Hebrew","no","mapped","Regression test only"
"816","HVNsmsa","19","Gen 49:29 word 6","Hebrew","no","mapped","Regression test only"
"817","HVpi1cp","19","Gen 44:16 word 7","Hebrew","no","mapped","Regression test only"
"818","HVpi3ms/Sp3ms","19","Exod 21:26 word 13","Hebrew","no","mapped","Regression test only"
"819","HVqi1cs/Sp3fs","19","Gen 13:15 word 9","Hebrew","no","mapped","Regression test only"
"820","AVqi3fs","18","Ezra 6:8 word 23","Aramaic","no","mapped","Regression test only"
"821","HC/Ncbdc","18","Gen 29:17 word 1","Hebrew","no","mapped","Regression test only"
"822","HC/Ncmpc/Sp2fs","18","Ruth 1:16 word 19","Hebrew","no","mapped","Regression test only"
"823","HC/R/Ncmsc/Sp3mp","18","Gen 49:6 word 13","Hebrew","no","mapped","Regression test only"
"824","HC/R/Sp1cs","18","Judg 14:16 word 14","Hebrew","no","mapped","Regression test only"
"825","HC/R/Vqc/Sp3ms","18","Gen 24:30 word 10","Hebrew","no","mapped","Regression test only"
"826","HC/R/Vqrmpc","18","Exod 20:6 word 5","Hebrew","no","mapped","Regression test only"
"827","HC/Vhp3cp","18","Gen 29:3 word 11","Hebrew","no","mapped","Regression test only"
"828","HC/VNi3ms","18","Gen 48:16 word 9","Hebrew","no","mapped","Regression test only"
"829","HC/VNq2ms","18","Exod 7:15 word 8","Hebrew","no","mapped","Regression test only"
"830","HC/VNv2ms","18","Exod 32:12 word 17","Hebrew","no","mapped","Regression test only"
"831","HR/Acfdc","18","Gen 31:41 word 10","Hebrew","no","mapped","Regression test only"
"832","HR/Vqc/Sp1cp","18","Gen 24:65 word 9","Hebrew","no","mapped","Regression test only"
"833","HRd/Vqsmsa","18","Josh 8:31 word 9","Hebrew","no","mapped","Regression test only"
"834","HTd/Ncmda","18","Gen 49:14 word 6","Hebrew","yes","mapped","Already covered"
"835","HTi/Vqi2ms","18","Deut 8:2 word 20","Hebrew","no","mapped","Regression test only"
"836","HVhp1cp","18","Gen 43:22 word 3","Hebrew","no","mapped","Regression test only"
"837","HVhp3ms/Sp2ms","18","Gen 50:6 word 8","Hebrew","no","mapped","Regression test only"
"838","HVNsfsa","18","2Sam 18:8 word 5","Hebrew","no","mapped","Regression test only"
"839","HVpi2ms/Sp1cs","18","1Kgs 11:22 word 18","Hebrew","no","mapped","Regression test only"
"840","HVprfsa","18","Gen 1:2 word 11","Hebrew","no","mapped","Regression test only"
"841","HVpv2mp/Sp3ms","18","Ps 22:24 word 3","Hebrew","no","mapped","Regression test only"
"842","HVqp2ms/Sp3mp","18","Deut 13:3 word 14","Hebrew","no","mapped","Regression test only"
"843","HVqp3fs/Sp3ms","18","Gen 37:20 word 10","Hebrew","no","mapped","Regression test only"
"844","HVqv2fp","18","Gen 4:23 word 6","Hebrew","yes","mapped","Already covered"
"845","AAampa","17","Ezra 4:20 word 2","Aramaic","no","mapped","Regression test only"
"846","AC/D","17","Ezra 4:10 word 16","Aramaic","no","mapped","Regression test only"
"847","ANcfpd/Td","17","Ezra 4:10 word 2","Aramaic","yes","mapped","Already covered"
"848","AVqp3fs","17","Ezra 4:24 word 2","Aramaic","no","mapped","Regression test only"
"849","AVui3ms","17","Ezra 4:21 word 14","Aramaic","no","mapped","Regression test only"
"850","HC/Ncbsc/Sp3mp","17","Gen 46:32 word 8","Hebrew","no","mapped","Regression test only"
"851","HC/Ncfpc/Sp2fs","17","Isa 49:22 word 17","Hebrew","no","mapped","Regression test only"
"852","HC/Pp2fs","17","Num 5:20 word 1","Hebrew","no","mapped","Regression test only"
"853","HC/R/Ncmsc/Sp3fs","17","Gen 13:17 word 5","Hebrew","no","mapped","Regression test only"
"854","HC/R/Pdxms","17","Exod 17:12 word 16","Hebrew","no","mapped","Regression test only"
"855","HC/Vhi1cs","17","Gen 46:31 word 9","Hebrew","no","mapped","Regression test only"
"856","HC/Vhq1cs/Sp2ms","17","Gen 28:15 word 8","Hebrew","no","mapped","Regression test only"
"857","HC/VPq3ms","17","Exod 22:6 word 10","Hebrew","no","mapped","Regression test only"
"858","HC/Vpq3ms/Sp3ms","17","Lev 13:6 word 14","Hebrew","no","mapped","Regression test only"
"859","HC/Vpv2mp","17","Josh 1:11 word 4","Hebrew","no","mapped","Regression test only"
"860","HC/Vqv2ms/Sp1cs","17","1Sam 31:4 word 7","Hebrew","no","mapped","Regression test only"
"861","HNcbdc/Sp1cp","17","Gen 5:29 word 10","Hebrew","no","mapped","Regression test only"
"862","HNcbdc/Sp2fs","17","Ruth 2:9 word 1","Hebrew","no","mapped","Regression test only"
"863","HNcbpc/Sp1cp","17","Gen 43:18 word 24","Hebrew","no","mapped","Regression test only"
"864","HNgfsa","17","Gen 16:1 word 9","Hebrew","no","mapped","Regression test only"
"865","HR/Td/Ncmpa","17","1Sam 9:3 word 16","Hebrew","no","mapped","Regression test only"
"866","HR/Vqrmsc","17","Gen 34:30 word 10","Hebrew","no","mapped","Regression test only"
"867","HTi/R","17","Gen 3:11 word 8","Hebrew","no","mapped","Regression test only"
"868","HTi/Vqp2ms","17","1Kgs 20:13 word 13","Hebrew","no","mapped","Regression test only"
"869","HTr/Vqi3ms","17","Ps 137:9 word 2","Hebrew","no","mapped","Regression test only"
"870","HVhc/Sp1cs","17","Num 3:13 word 6","Hebrew","no","mapped","Regression test only"
"871","HVhi2mp/Sn","17","Gen 44:23 word 11","Hebrew","no","mapped","Regression test only"
"872","HVHi3mp","17","Lev 19:20 word 23","Hebrew","no","mapped","Regression test only"
"873","HVqi2ms/Sp3mp","17","Num 3:15 word 13","Hebrew","no","mapped","Regression test only"
"874","HVqp3cp/Sp2ms","17","Gen 50:17 word 12","Hebrew","no","mapped","Regression test only"
"875","HVtp1cs","17","Gen 24:40 word 5","Hebrew","no","mapped","Regression test only"
"876","HVtv2ms","17","Gen 13:17 word 2","Hebrew","no","mapped","Regression test only"
"877","AC/Ncmpc/Sp3ms","16","Ezra 5:6 word 11","Aramaic","no","mapped","Regression test only"
"878","ANcmpc/Sp3ms","16","Ezra 4:17 word 11","Aramaic","no","mapped","Regression test only"
"879","APp2ms","16","Dan 2:29 word 1","Aramaic","no","mapped","Regression test only"
"880","AR/Sp3fs","16","Ezra 4:19 word 18","Aramaic","no","mapped","Regression test only"
"881","HC/Acbsc","16","Gen 5:3 word 4","Hebrew","no","mapped","Regression test only"
"882","HC/Ncbpc/Sp3ms","16","Deut 8:11 word 12","Hebrew","no","mapped","Regression test only"
"883","HC/Ncmpc/Sp1cp","16","1Kgs 1:11 word 16","Hebrew","no","mapped","Regression test only"
"884","HC/Ncmsc/Sp2fs","16","Gen 3:16 word 7","Hebrew","no","mapped","Regression test only"
"885","HC/R/Ncmpc/Sp2mp","16","Lev 25:46 word 10","Hebrew","no","mapped","Regression test only"
"886","HC/Vhi3mp","16","Deut 1:22 word 12","Hebrew","no","mapped","Regression test only"
"887","HC/Vhj3ms","16","Gen 41:34 word 3","Hebrew","no","mapped","Regression test only"
"888","HC/Vhv2ms/Sp1cs","16","Gen 37:14 word 12","Hebrew","no","mapped","Regression test only"
"889","HC/Vpi1cs","16","Gen 12:2 word 5","Hebrew","no","mapped","Regression test only"
"890","HC/Vprmpa","16","1Kgs 22:44 word 8","Hebrew","no","mapped","Regression test only"
"891","HC/Vqq3cp/Sp3mp","16","Gen 33:13 word 12","Hebrew","no","mapped","Regression test only"
"892","HD/Sp3ms","16","Gen 18:22 word 7","Hebrew","no","mapped","Regression test only"
"893","HR/Acbsa","16","Gen 33:19 word 14","Hebrew","yes","mapped","Already covered"
"894","HR/Acmda","16","Exod 24:4 word 16","Hebrew","no","mapped","Regression test only"
"895","HR/Ncfdc/Sp3mp","16","Gen 20:8 word 12","Hebrew","no","mapped","Regression test only"
"896","HR/Ncfpc/Sp2mp","16","Gen 43:23 word 12","Hebrew","no","mapped","Regression test only"
"897","HR/Ncmdc/Sp3ms","16","Gen 2:7 word 10","Hebrew","yes","mapped","Already covered"
"898","HR/Ncmpc/Sp2fs","16","Gen 25:23 word 10","Hebrew","no","mapped","Regression test only"
"899","HR/Vhc/Sp3fs","16","Gen 35:17 word 2","Hebrew","no","mapped","Regression test only"
"900","HTi/Vqa","16","Gen 37:8 word 4","Hebrew","no","mapped","Regression test only"
"901","HTi/Vqi1cs","16","Exod 2:7 word 6","Hebrew","yes","mapped","Already covered"
"902","HTo/Sp3fp","16","Gen 19:8 word 12","Hebrew","no","mapped","Regression test only"
"903","HVhi3ms/Sp1cp","16","Num 11:4 word 13","Hebrew","no","mapped","Regression test only"
"904","HVNj3ms","16","Exod 34:3 word 8","Hebrew","no","mapped","Regression test only"
"905","HVNsmpa","16","1Kgs 22:17 word 6","Hebrew","no","mapped","Regression test only"
"906","HVpi1cs/Sp3ms","16","Gen 28:22 word 14","Hebrew","no","mapped","Regression test only"
"907","HVpi2mp/Sn","16","Gen 32:20 word 17","Hebrew","no","mapped","Regression test only"
"908","HVpi2ms/Sp3ms","16","Gen 43:9 word 4","Hebrew","no","mapped","Regression test only"
"909","HVpp3ms/Sp2ms","16","Deut 2:7 word 4","Hebrew","no","mapped","Regression test only"
"910","HVqi1cs/Sp3mp","16","2Sam 22:43 word 7","Hebrew","no","mapped","Regression test only"
"911","ANcfpa","15","Ezra 5:11 word 19","Aramaic","no","mapped","Regression test only"
"912","ANp/Td","15","Ezra 4:10 word 15","Aramaic","no","mapped","Regression test only"
"913","AR/Ncmsa","15","Ezra 7:26 word 18","Aramaic","no","mapped","Regression test only"
"914","AVqp2ms","15","Dan 2:23 word 10","Aramaic","no","mapped","Regression test only"
"915","HAcbpc","15","Exod 26:7 word 7","Hebrew","no","mapped","Regression test only"
"916","HC/R/Ncbdc","15","Gen 34:18 word 5","Hebrew","no","mapped","Regression test only"
"917","HC/Rd/Ngmpa","15","Gen 43:32 word 6","Hebrew","no","mapped","Regression test only"
"918","HC/VNp3cp","15","Gen 12:3 word 5","Hebrew","no","mapped","Regression test only"
"919","HC/Vpq1cs/Sp3mp","15","1Kgs 5:23 word 15","Hebrew","no","mapped","Regression test only"
"920","HC/Vpw2ms","15","Gen 31:26 word 9","Hebrew","no","mapped","Regression test only"
"921","HC/Vqw3fs/Sp3ms","15","Gen 39:12 word 1","Hebrew","yes","mapped","Already covered"
"922","HNcbsc/Sd","15","Gen 11:31 word 23","Hebrew","no","mapped","Regression test only"
"923","HR/Pp3fp","15","Gen 41:19 word 15","Hebrew","yes","mapped","Already covered"
"924","HR/VNc/Sp3ms","15","Gen 17:24 word 6","Hebrew","no","mapped","Regression test only"
"925","HRd/Aomsa","15","Gen 8:5 word 8","Hebrew","no","mapped","Regression test only"
"926","HTd/Vormpa","15","1Chr 9:33 word 2","Hebrew","no","mapped","Regression test only"
"927","HTd/Vtrmsa","15","Lev 14:7 word 3","Hebrew","no","mapped","Regression test only"
"928","HVhi2fs","15","Josh 2:20 word 2","Hebrew","no","mapped","Regression test only"
"929","HVhi3mp/Sp2ms","15","Gen 49:8 word 3","Hebrew","no","mapped","Regression test only"
"930","HVhp2ms/Sp1cs","15","Exod 33:12 word 15","Hebrew","no","mapped","Regression test only"
"931","HVHp3fs","15","Gen 33:11 word 6","Hebrew","yes","mapped","Already covered"
"932","HVhrmpc","15","Num 14:37 word 3","Hebrew","no","mapped","Regression test only"
"933","HVPi3mp","15","Job 6:17 word 2","Hebrew","no","mapped","Regression test only"
"934","HVqi3fs/Sp3ms","15","Deut 28:39 word 10","Hebrew","no","mapped","Regression test only"
"935","HVqp3cp/Sp3ms","15","Judg 10:6 word 33","Hebrew","no","mapped","Regression test only"
"936","HVqp3ms/Sp1cp","15","Gen 31:15 word 6","Hebrew","no","mapped","Regression test only"
"937","HVqrmpc/Sp1cp","15","Exod 1:10 word 14","Hebrew","yes","mapped","Already covered"
"938","HVtrmpa","15","Num 11:27 word 8","Hebrew","no","mapped","Regression test only"
"939","ANcbsd/Td","14","Dan 3:6 word 11","Aramaic","yes","mapped","Already covered"
"940","APp1cs","14","Ezra 6:12 word 20","Aramaic","no","mapped","Regression test only"
"941","AR/Ncmpa","14","Dan 2:4 word 6","Aramaic","no","mapped","Regression test only"
"942","HAampc/Sp3fs","14","Gen 41:8 word 13","Hebrew","no","mapped","Regression test only"
"943","HAofsc","14","Exod 16:36 word 2","Hebrew","no","mapped","Regression test only"
"944","HC/R/Ncfsc/Sp1cs","14","Gen 48:22 word 13","Hebrew","no","mapped","Regression test only"
"945","HC/R/Tn","14","2Kgs 12:9 word 8","Hebrew","no","mapped","Regression test only"
"946","HC/Rd/Aamsa","14","Gen 44:12 word 4","Hebrew","no","mapped","Regression test only"
"947","HC/Tm/Sp3mp","14","Gen 40:6 word 7","Hebrew","no","mapped","Regression test only"
"948","HC/Vhq3fs","14","Exod 26:33 word 13","Hebrew","no","mapped","Regression test only"
"949","HC/VHq3ms","14","Exod 21:29 word 7","Hebrew","no","mapped","Regression test only"
"950","HC/Vhq3ms/Sp2ms","14","Gen 40:13 word 8","Hebrew","no","mapped","Regression test only"
"951","HC/Vhrmpa","14","1Chr 8:40 word 9","Hebrew","no","mapped","Regression test only"
"952","HC/Vpi3mp","14","Num 5:2 word 5","Hebrew","no","mapped","Regression test only"
"953","HC/Vqsmpc","14","Num 4:38 word 1","Hebrew","no","mapped","Regression test only"
"954","HC/Vqsmpc/Sp3mp","14","Num 2:4 word 2","Hebrew","no","mapped","Regression test only"
"955","HC/Vqv2ms/Sh","14","Gen 27:3 word 9","Hebrew","no","mapped","Regression test only"
"956","HR/R/Sp2mp","14","Gen 26:27 word 11","Hebrew","no","mapped","Regression test only"
"957","HTd/Vtrmpa","14","Num 11:34 word 13","Hebrew","no","mapped","Regression test only"
"958","HVhp3cp/Sp3ms","14","Gen 39:1 word 15","Hebrew","no","mapped","Regression test only"
"959","HVhp3ms/Sp1cp","14","Exod 2:19 word 4","Hebrew","no","mapped","Regression test only"
"960","HVNj2mp","14","Gen 45:5 word 3","Hebrew","no","mapped","Regression test only"
"961","HVpp3ms/Sp3mp","14","Gen 50:12 word 6","Hebrew","no","mapped","Regression test only"
"962","AC/Ncmpa","13","Ezra 4:20 word 1","Aramaic","no","mapped","Regression test only"
"963","AVqv2ms","13","Ezra 5:15 word 6","Aramaic","no","mapped","Regression test only"
"964","HC/Aafpa","13","Gen 41:5 word 11","Hebrew","no","mapped","Regression test only"
"965","HC/Ncfda","13","Exod 30:2 word 7","Hebrew","no","mapped","Regression test only"
"966","HC/R/Ncbsc/Sp2ms","13","Deut 9:29 word 8","Hebrew","no","mapped","Regression test only"
"967","HC/R/Ncbsc/Sp3ms","13","2Sam 8:10 word 24","Hebrew","no","mapped","Regression test only"
"968","HC/R/Sp2fs","13","Num 21:7 word 10","Hebrew","no","mapped","Regression test only"
"969","HC/Vhw3fs/Sp3ms","13","Gen 24:18 word 9","Hebrew","yes","mapped","Already covered"
"970","HC/Vqq1cs/Sp2ms","13","Gen 17:6 word 5","Hebrew","no","mapped","Regression test only"
"971","HC/Vqq1cs/Sp3fs","13","Gen 9:16 word 4","Hebrew","no","mapped","Regression test only"
"972","HC/Vqw1cs/Sp3mp","13","Josh 7:21 word 17","Hebrew","no","mapped","Regression test only"
"973","HC/Vti3mp","13","Josh 18:4 word 8","Hebrew","no","mapped","Regression test only"
"974","HNcmdc","13","Lev 19:36 word 1","Hebrew","no","mapped","Regression test only"
"975","HNcmdc/Sp3ms","13","Lev 16:12 word 11","Hebrew","no","mapped","Regression test only"
"976","HR/Ncfpc/Sp3fs","13","Num 32:33 word 24","Hebrew","no","mapped","Regression test only"
"977","HR/R/Aamsa","13","2Sam 7:19 word 12","Hebrew","no","mapped","Regression test only"
"978","HRd/Ncfda","13","Exod 26:23 word 6","Hebrew","no","mapped","Regression test only"
"979","HTd/Ncmpa/Sd","13","Gen 15:5 word 7","Hebrew","no","mapped","Regression test only"
"980","HTd/VHsmpa","13","1Sam 21:7 word 14","Hebrew","no","mapped","Regression test only"
"981","HTd/VNrfsa","13","Exod 10:5 word 14","Hebrew","no","mapped","Regression test only"
"982","HVhi2ms/Sp3mp","13","Exod 15:17 word 1","Hebrew","no","mapped","Regression test only"
"983","HVHp3cp","13","Gen 43:18 word 4","Hebrew","yes","mapped","Already covered"
"984","HVhv2ms/Sp1cp","13","Judg 1:24 word 9","Hebrew","no","mapped","Regression test only"
"985","HVpi3fp","13","Job 27:4 word 2","Hebrew","no","mapped","Regression test only"
"986","HVPi3fs","13","Lev 6:21 word 4","Hebrew","no","mapped","Regression test only"
"987","HVpi3ms/Sp3fs","13","Lev 24:18 word 4","Hebrew","no","mapped","Regression test only"
"988","HVPp1cs","13","Gen 40:15 word 3","Hebrew","no","mapped","Regression test only"
"989","HVqi3fs/Sp3mp","13","Exod 15:9 word 7","Hebrew","no","mapped","Regression test only"
"990","HVqp2ms/Sp1cp","13","Exod 14:11 word 8","Hebrew","no","mapped","Regression test only"
"991","HVqv2mp/Sp1cs","13","Gen 23:8 word 12","Hebrew","no","mapped","Regression test only"
"992","HVqv2ms/Sp3mp","13","Gen 48:9 word 13","Hebrew","no","mapped","Regression test only"
"993","HVti1cs","13","Num 12:6 word 11","Hebrew","no","mapped","Regression test only"
"994","AC/Ncmpc","12","Ezra 4:12 word 18","Aramaic","no","mapped","Regression test only"
"995","AC/Vqp3ms","12","Ezra 5:15 word 1","Aramaic","no","mapped","Regression test only"
"996","AC/Vqrmpa","12","Ezra 5:11 word 12","Aramaic","no","mapped","Regression test only"
"997","APdxfs","12","Ezra 4:13 word 8","Aramaic","no","mapped","Regression test only"
"998","APdxmp","12","Ezra 4:21 word 6","Aramaic","yes","mapped","Already covered"
"999","APp3mp","12","Ezra 4:10 word 9","Aramaic","no","mapped","Regression test only"
"1000","AR/Ncfsd/Td","12","Ezra 6:2 word 3","Aramaic","no","mapped","Regression test only"
"1001","AR/Ncmpd/Td","12","Ezra 5:8 word 17","Aramaic","no","mapped","Regression test only"
"1002","AVhp3mp","12","Ezra 5:12 word 4","Aramaic","no","mapped","Regression test only"
"1003","AVqi2ms","12","Ezra 7:17 word 5","Aramaic","no","mapped","Regression test only"
"1004","HC/Ncfsc/Sp2fs","12","Ruth 2:11 word 18","Hebrew","no","mapped","Regression test only"
"1005","HC/R/Sp3fs","12","Gen 16:1 word 7","Hebrew","no","mapped","Regression test only"
"1006","HC/Rd/Ncbpa","12","Gen 47:17 word 15","Hebrew","no","mapped","Regression test only"
"1007","HC/Td/Vormpa","12","1Chr 15:19 word 1","Hebrew","no","mapped","Regression test only"
"1008","HC/Tn/Sp3ms","12","Gen 5:24 word 5","Hebrew","no","mapped","Regression test only"
"1009","HC/Vhc","12","2Kgs 3:24 word 15","Hebrew","no","mapped","Regression test only"
"1010","HC/Vhq2ms/Sp3mp","12","Gen 44:4 word 16","Hebrew","no","mapped","Regression test only"
"1011","HC/Vhw1cs/Sh","12","Josh 24:8 word 1","Hebrew","no","mapped","Regression test only"
"1012","HC/Vhw1cs/Sp3mp","12","Exod 32:24 word 8","Hebrew","no","mapped","Regression test only"
"1013","HC/Vpp3cp","12","Gen 15:13 word 13","Hebrew","no","mapped","Regression test only"
"1014","HC/VPsmsa","12","2Sam 3:29 word 14","Hebrew","no","mapped","Regression test only"
"1015","HC/Vpw3mp/Sp3mp","12","Gen 26:15 word 12","Hebrew","no","mapped","Regression test only"
"1016","HC/Vqq1cs/Sp3ms","12","Gen 17:20 word 16","Hebrew","no","mapped","Regression test only"
"1017","HC/Vqq3cp/Sp3fs","12","Deut 22:21 word 9","Hebrew","no","mapped","Regression test only"
"1018","HC/Vtw1cs","12","Deut 3:23 word 1","Hebrew","no","mapped","Regression test only"
"1019","HNcmsc/Sd","12","Gen 28:2 word 5","Hebrew","no","mapped","Regression test only"
"1020","HR/Ncbpc/Sp3fs","12","Gen 16:6 word 15","Hebrew","no","mapped","Regression test only"
"1021","HR/Ncbsc/Sp2fs","12","Gen 16:6 word 7","Hebrew","no","mapped","Regression test only"
"1022","HR/Ncfpc/Sp1cs","12","Gen 2:23 word 6","Hebrew","no","mapped","Regression test only"
"1023","HR/R/Ncbpc/Sp1cs","12","Gen 23:4 word 12","Hebrew","no","mapped","Regression test only"
"1024","HR/Td/Ncfsa","12","Judg 17:8 word 3","Hebrew","no","mapped","Regression test only"
"1025","HR/Vpc/Sp2ms","12","Exod 29:36 word 10","Hebrew","no","mapped","Regression test only"
"1026","HR/Vqrmpc/Sp3ms","12","Deut 7:9 word 12","Hebrew","no","mapped","Regression test only"
"1027","HTd/Ncfsa/Sd","12","Gen 44:13 word 8","Hebrew","no","mapped","Regression test only"
"1028","HTm/Sp2ms","12","Gen 20:3 word 9","Hebrew","no","mapped","Regression test only"
"1029","HTr/Vqp3ms","12","Ezra 8:20 word 3","Hebrew","no","mapped","Regression test only"
"1030","HVhp2ms/Sp1cp","12","Gen 47:25 word 2","Hebrew","no","mapped","Regression test only"
"1031","HVHsmpa","12","Gen 43:18 word 15","Hebrew","no","mapped","Regression test only"
"1032","HVNj2ms","12","Num 22:16 word 13","Hebrew","no","mapped","Regression test only"
"1033","HVpi3mp/Sp1cs","12","Num 14:11 word 7","Hebrew","no","mapped","Regression test only"
"1034","HVpp1cs/Sp3mp","12","Exod 32:8 word 6","Hebrew","no","mapped","Regression test only"
"1035","HVpp3ms/Sp1cs","12","Gen 41:51 word 8","Hebrew","no","mapped","Regression test only"
"1036","HVti2mp","12","Gen 42:1 word 11","Hebrew","no","mapped","Regression test only"
"1037","HVti3fs","12","Job 30:16 word 3","Hebrew","no","mapped","Regression test only"
"1038","AC/R/Ncmsc","11","Ezra 6:14 word 18","Aramaic","no","mapped","Regression test only"
"1039","AC/Tm","11","Dan 2:6 word 1","Aramaic","no","mapped","Regression test only"
"1040","AC/Tn","11","Ezra 5:5 word 7","Aramaic","no","mapped","Regression test only"
"1041","AR/Vpc","11","Ezra 4:21 word 4","Aramaic","no","mapped","Regression test only"
"1042","HAafpc","11","Gen 41:2 word 7","Hebrew","no","mapped","Regression test only"
"1043","HAamsc/Sp3ms","11","Exod 32:27 word 27","Hebrew","no","mapped","Regression test only"
"1044","HC/Ncbpc/Sp1cs","11","Exod 33:23 word 7","Hebrew","no","mapped","Regression test only"
"1045","HC/Ncmpc/Sp3fp","11","Gen 33:6 word 4","Hebrew","no","mapped","Regression test only"
"1046","HC/R/Vpc/Sp3ms","11","2Sam 8:10 word 12","Hebrew","no","mapped","Regression test only"
"1047","HC/Rd/Vqrmpa","11","1Sam 6:2 word 4","Hebrew","no","mapped","Regression test only"
"1048","HC/To/Sp1cs","11","Deut 4:14 word 1","Hebrew","no","mapped","Regression test only"
"1049","HC/Vhq3ms/Sp3mp","11","Lev 3:16 word 1","Hebrew","no","mapped","Regression test only"
"1050","HC/Vhw2mp","11","Deut 1:26 word 4","Hebrew","no","mapped","Regression test only"
"1051","HC/Vpq3ms/Sp2ms","11","Exod 18:23 word 6","Hebrew","no","mapped","Regression test only"
"1052","HC/Vqi1cs/Sp3mp","11","Deut 1:13 word 8","Hebrew","no","mapped","Regression test only"
"1053","HC/Vqrmpc/Sp3fs","11","Ezra 10:14 word 19","Hebrew","no","mapped","Regression test only"
"1054","HC/Vqrmsc/Sp3ms","11","Exod 15:1 word 18","Hebrew","no","mapped","Regression test only"
"1055","HNcbdc/Sp3fs","11","Gen 16:9 word 10","Hebrew","no","mapped","Regression test only"
"1056","HNgfpa","11","Ruth 1:4 word 4","Hebrew","no","mapped","Regression test only"
"1057","HR/Ncfda","11","Lev 5:4 word 6","Hebrew","no","mapped","Regression test only"
"1058","HR/Ncfsc/Sp1cp","11","Gen 1:26 word 6","Hebrew","yes","mapped","Already covered"
"1059","HR/Np/Sd","11","Josh 10:36 word 6","Hebrew","no","mapped","Regression test only"
"1060","HR/Vhrmsa","11","Gen 38:29 word 2","Hebrew","no","mapped","Regression test only"
"1061","HR/Vqrmpc/Sp3mp","11","Exod 32:25 word 12","Hebrew","no","mapped","Regression test only"
"1062","HRd/Vqrfsa","11","Ps 48:7 word 5","Hebrew","no","mapped","Regression test only"
"1063","HTi/Aamsa","11","Num 13:18 word 10","Hebrew","no","mapped","Regression test only"
"1064","HTn/Sp3mp","11","2Kgs 17:26 word 25","Hebrew","no","mapped","Regression test only"
"1065","HVhc/Sp3mp","11","Gen 11:6 word 10","Hebrew","no","mapped","Regression test only"
"1066","HVhi3mp/Sp3ms","11","Deut 32:16 word 1","Hebrew","no","mapped","Regression test only"
"1067","HVhj3mp","11","1Kgs 20:10 word 11","Hebrew","no","mapped","Regression test only"
"1068","HVhv2ms/Sp3ms","11","Exod 4:3 word 2","Hebrew","yes","mapped","Already covered"
"1069","HVoi3ms","11","Gen 1:20 word 9","Hebrew","no","mapped","Regression test only"
"1070","HVop3ms","11","Exod 32:1 word 4","Hebrew","no","mapped","Regression test only"
"1071","HVpi3mp/Sn","11","Deut 4:10 word 31","Hebrew","no","mapped","Regression test only"
"1072","HVprmpc/Sp2fs","11","Isa 49:17 word 3","Hebrew","no","mapped","Regression test only"
"1073","HVqc/Sp3fs","11","Gen 38:27 word 3","Hebrew","no","mapped","Regression test only"
"1074","HVqi2ms/Sp1cp","11","Josh 1:16 word 12","Hebrew","no","mapped","Regression test only"
"1075","HVqi3mp/Sp3mp","11","Deut 2:12 word 7","Hebrew","no","mapped","Regression test only"
"1076","HVqp1cs/Sp2fs","11","Num 22:29 word 13","Hebrew","no","mapped","Regression test only"
"1077","HVqrmsc/Sp3mp","11","Neh 6:8 word 14","Hebrew","no","mapped","Regression test only"
"1078","HVqv2ms/Sp3ms","11","Num 11:12 word 13","Hebrew","no","mapped","Regression test only"
"1079","HVrrmsa","11","Exod 9:17 word 2","Hebrew","no","mapped","Regression test only"
"1080","AVqv2mp","10","Ezra 4:21 word 2","Aramaic","no","mapped","Regression test only"
"1081","HC/Ncfdc","10","Gen 24:32 word 13","Hebrew","no","mapped","Regression test only"
"1082","HC/R/Acfsa","10","Gen 14:5 word 1","Hebrew","no","mapped","Regression test only"
"1083","HC/R/Ncbpa","10","Gen 31:27 word 11","Hebrew","no","mapped","Regression test only"
"1084","HC/R/Ncmpc/Sp1cp","10","Gen 31:16 word 10","Hebrew","no","mapped","Regression test only"
"1085","HC/R/Vpc/Sp3mp","10","Exod 32:12 word 10","Hebrew","no","mapped","Regression test only"
"1086","HC/R/Vqc/Sp3mp","10","Exod 40:32 word 5","Hebrew","no","mapped","Regression test only"
"1087","HC/Rd/Ngmsa","10","Gen 34:30 word 13","Hebrew","no","mapped","Regression test only"
"1088","HC/Td/Aafsa","10","Gen 19:38 word 1","Hebrew","no","mapped","Regression test only"
"1089","HC/Td/Ncbpa","10","Deut 7:19 word 6","Hebrew","no","mapped","Regression test only"
"1090","HC/To/Sp3ms","10","Gen 41:13 word 11","Hebrew","no","mapped","Regression test only"
"1091","HC/Vhw1cp","10","Gen 43:7 word 14","Hebrew","no","mapped","Regression test only"
"1092","HC/Vhw2fs","10","Isa 57:9 word 4","Hebrew","no","mapped","Regression test only"
"1093","HC/VNh1cp","10","Judg 1:3 word 8","Hebrew","no","mapped","Regression test only"
"1094","HC/VNw1cs","10","Gen 3:10 word 10","Hebrew","no","mapped","Regression test only"
"1095","HC/Vpq3fs","10","Exod 23:28 word 5","Hebrew","no","mapped","Regression test only"
"1096","HC/Vpw3ms/Sp3fs","10","Gen 21:14 word 16","Hebrew","no","mapped","Regression test only"
"1097","HC/Vqc","10","Exod 19:12 word 10","Hebrew","no","mapped","Regression test only"
"1098","HC/Vqc/Sp2ms","10","1Sam 29:6 word 15","Hebrew","no","mapped","Regression test only"
"1099","HC/Vqi1cs/Sp2ms","10","Gen 12:2 word 1","Hebrew","yes","mapped","Already covered"
"1100","HC/Vqq3ms/Sp3mp","10","Lev 15:14 word 18","Hebrew","no","mapped","Regression test only"
"1101","HC/Vqrfsa","10","Gen 16:11 word 7","Hebrew","no","mapped","Regression test only"
"1102","HC/Vqrmpc/Sp3ms","10","Exod 5:10 word 4","Hebrew","no","mapped","Regression test only"
"1103","HC/Vqsmsc","10","Num 24:4 word 10","Hebrew","no","mapped","Regression test only"
"1104","HC/Vqw3mp/Sp3fs","10","Num 32:39 word 7","Hebrew","no","mapped","Regression test only"
"1105","HC/Vqw3ms/Sp2ms","10","Deut 7:8 word 16","Hebrew","no","mapped","Regression test only"
"1106","HC/Vtq2mp","10","Lev 11:44 word 5","Hebrew","no","mapped","Regression test only"
"1107","HC/Vtv2mp","10","Gen 34:9 word 1","Hebrew","no","mapped","Regression test only"
"1108","HR/Aampc/Sp3ms","10","Josh 23:2 word 5","Hebrew","no","mapped","Regression test only"
"1109","HR/Ncfdc/Sp2ms","10","Exod 11:8 word 14","Hebrew","no","mapped","Regression test only"
"1110","HR/Ncfpc/Sp1cp","10","Gen 43:18 word 12","Hebrew","no","mapped","Regression test only"
"1111","HR/R/Ncbpc/Sp2ms","10","Exod 23:28 word 12","Hebrew","no","mapped","Regression test only"
"1112","HR/Td/Ncbsa","10","1Sam 28:3 word 15","Hebrew","no","mapped","Regression test only"
"1113","HR/Vqc/Sp2fs","10","Ruth 1:16 word 6","Hebrew","no","mapped","Regression test only"
"1114","HR/Vqsmpc/Sp3mp","10","Exod 30:12 word 7","Hebrew","no","mapped","Regression test only"
"1115","HTd/Ncfda","10","Deut 28:35 word 6","Hebrew","no","mapped","Regression test only"
"1116","HTd/VNrfpa","10","Gen 19:15 word 15","Hebrew","no","mapped","Regression test only"
"1117","HTd/VNsfpa","10","Ezek 9:4 word 20","Hebrew","no","mapped","Regression test only"
"1118","HTd/VPsmsa","10","Lev 14:2 word 4","Hebrew","no","mapped","Regression test only"
"1119","HTi/Pp2ms","10","Gen 27:21 word 9","Hebrew","no","mapped","Regression test only"
"1120","HVhi2ms/Sp3ms","10","Exod 22:25 word 9","Hebrew","no","mapped","Regression test only"
"1121","HVHi3fs","10","Lev 6:2 word 22","Hebrew","no","mapped","Regression test only"
"1122","HVhp1cs/Sp3mp","10","2Kgs 20:15 word 17","Hebrew","no","mapped","Regression test only"
"1123","HVhp2fs","10","Ruth 3:10 word 6","Hebrew","no","mapped","Regression test only"
"1124","HVhrfpa","10","Gen 32:16 word 2","Hebrew","no","mapped","Regression test only"
"1125","HVNp2mp","10","Josh 6:22 word 21","Hebrew","no","mapped","Regression test only"
"1126","HVpc/Sp3mp","10","Exod 9:17 word 5","Hebrew","no","mapped","Regression test only"
"1127","HVpc/Sp3ms","10","Gen 37:4 word 13","Hebrew","yes","mapped","Already covered"
"1128","HVpi3fs/Sp1cs","10","Gen 27:19 word 18","Hebrew","no","mapped","Regression test only"
"1129","HVpj3ms","10","Gen 28:3 word 3","Hebrew","yes","mapped","Already covered"
"1130","HVpp3cp/Sp3ms","10","1Chr 12:20 word 15","Hebrew","no","mapped","Regression test only"
"1131","HVprmpc/Sp1cs","10","Num 14:23 word 9","Hebrew","no","mapped","Regression test only"
"1132","HVprmpc/Sp2ms","10","Gen 12:3 word 2","Hebrew","no","mapped","Regression test only"
"1133","HVprmpc/Sp3ms","10","1Kgs 10:5 word 7","Hebrew","no","mapped","Regression test only"
"1134","HVPsfpa","10","Exod 26:17 word 5","Hebrew","no","mapped","Regression test only"
"1135","HVqc/Sp2fs","10","Gen 30:15 word 4","Hebrew","no","mapped","Regression test only"
"1136","HVqc/Sp2mp","10","Gen 3:5 word 6","Hebrew","no","mapped","Regression test only"
"1137","HVqi2fp","10","Ruth 1:11 word 6","Hebrew","no","mapped","Regression test only"
"1138","HVqi2ms/Sp3fs","10","Gen 3:17 word 20","Hebrew","no","mapped","Regression test only"
"1139","HVqj2ms/Sp1cs","10","Gen 47:29 word 26","Hebrew","no","mapped","Regression test only"
"1140","HVqp1cs/Sp3fs","10","Gen 23:11 word 11","Hebrew","no","mapped","Regression test only"
"1141","HVri1cs","10","Job 23:15 word 5","Hebrew","no","mapped","Regression test only"
"1142","HVtrfsa","10","Exod 9:24 word 4","Hebrew","no","mapped","Regression test only"
"1143","AAcmsa","9","Dan 2:31 word 7","Aramaic","no","mapped","Regression test only"
"1144","AC/Pp2ms","9","Ezra 7:25 word 1","Aramaic","no","mapped","Regression test only"
"1145","AC/Vqp3mp","9","Ezra 6:14 word 12","Aramaic","no","mapped","Regression test only"
"1146","ANcmsc/Sp3mp","9","Ezra 5:5 word 2","Aramaic","no","mapped","Regression test only"
"1147","AR/Ncfsa","9","Ezra 4:23 word 17","Aramaic","no","mapped","Regression test only"
"1148","ATo/Np","9","Dan 2:25 word 5","Aramaic","no","mapped","Regression test only"
"1149","AVqp1cp","9","Ezra 4:14 word 7","Aramaic","no","mapped","Regression test only"
"1150","AVqrfsa","9","Ezra 4:24 word 9","Aramaic","no","mapped","Regression test only"
"1151","AVQsmsa","9","Ezra 4:12 word 1","Aramaic","no","mapped","Regression test only"
"1152","HAobpc","9","Num 7:72 word 2","Hebrew","yes","mapped","Already covered"
"1153","HC/Ncfdc/Sp3mp","9","Exod 30:21 word 3","Hebrew","no","mapped","Regression test only"
"1154","HC/R/Ncfsc/Sp3mp","9","Lev 11:8 word 4","Hebrew","no","mapped","Regression test only"
"1155","HC/R/Ncmpc/Sp1cs","9","1Kgs 20:7 word 19","Hebrew","no","mapped","Regression test only"
"1156","HC/R/Pdxcp","9","Gen 9:19 word 5","Hebrew","no","mapped","Regression test only"
"1157","HC/R/Vqc/Sp3fs","9","Gen 2:15 word 10","Hebrew","yes","mapped","Already covered"
"1158","HC/Td/VNrmpa","9","Gen 14:10 word 12","Hebrew","no","mapped","Regression test only"
"1159","HC/Vhq3ms/Sp3fs","9","Exod 21:8 word 9","Hebrew","no","mapped","Regression test only"
"1160","HC/VNv2mp","9","Gen 18:4 word 7","Hebrew","no","mapped","Regression test only"
"1161","HC/Vqi1cs/Sp3ms","9","Judg 7:4 word 12","Hebrew","no","mapped","Regression test only"
"1162","HC/Vqi3fp","9","Prov 23:16 word 1","Hebrew","no","mapped","Regression test only"
"1163","HC/Vqq1cs/Sp2fs","9","Ruth 3:13 word 13","Hebrew","no","mapped","Regression test only"
"1164","HC/Vqq2ms/Sp3ms","9","Exod 13:13 word 9","Hebrew","no","mapped","Regression test only"
"1165","HC/Vqq3ms/Sp2ms","9","Gen 32:18 word 9","Hebrew","no","mapped","Regression test only"
"1166","HC/Vti3ms","9","Gen 20:7 word 8","Hebrew","no","mapped","Regression test only"
"1167","HC/Vtrmsa","9","Ezra 10:1 word 5","Hebrew","no","mapped","Regression test only"
"1168","HNcfdc/Sp2mp","9","Gen 18:4 word 6","Hebrew","no","mapped","Regression test only"
"1169","HNcfsc/Sp3fp","9","Lev 18:9 word 15","Hebrew","no","mapped","Regression test only"
"1170","HNcmdc/Sp2ms","9","Gen 3:19 word 2","Hebrew","no","mapped","Regression test only"
"1171","HR/Acfsc","9","Deut 13:13 word 3","Hebrew","no","mapped","Regression test only"
"1172","HR/Ncbpc/Sp2fs","9","Ps 116:7 word 3","Hebrew","no","mapped","Regression test only"
"1173","HR/Ncmda","9","Exod 28:42 word 8","Hebrew","no","mapped","Regression test only"
"1174","HR/Ncmsc/Sp3fp","9","Gen 7:14 word 7","Hebrew","yes","mapped","Already covered"
"1175","HR/Pp3mp","9","Exod 30:4 word 20","Hebrew","no","mapped","Regression test only"
"1176","HR/R/Sp1cp","9","Gen 26:16 word 6","Hebrew","no","mapped","Regression test only"
"1177","HR/R/Sp3fs","9","Gen 24:46 word 4","Hebrew","no","mapped","Regression test only"
"1178","HR/Vpc/Sp3fs","9","Gen 19:13 word 15","Hebrew","no","mapped","Regression test only"
"1179","HTd/VHsmsa","9","Gen 43:12 word 7","Hebrew","no","mapped","Regression test only"
"1180","HTi/C","9","Gen 27:36 word 2","Hebrew","no","mapped","Regression test only"
"1181","HTn/Sp2ms","9","Gen 20:7 word 12","Hebrew","no","mapped","Regression test only"
"1182","HVhi1cs/Sp3fs","9","Num 23:20 word 6","Hebrew","no","mapped","Regression test only"
"1183","HVhrmsc/Sp2ms","9","Gen 48:4 word 4","Hebrew","no","mapped","Regression test only"
"1184","HVhrmsc/Sp3mp","9","Gen 6:13 word 15","Hebrew","no","mapped","Regression test only"
"1185","HVNp2fs","9","Num 5:20 word 7","Hebrew","no","mapped","Regression test only"
"1186","HVNrfpc/Sp2ms","9","Neh 9:17 word 5","Hebrew","no","mapped","Regression test only"
"1187","HVNrmpc","9","Ps 147:2 word 4","Hebrew","no","mapped","Regression test only"
"1188","HVpi2fs","9","Job 2:10 word 6","Hebrew","no","mapped","Regression test only"
"1189","HVpi3fs/Sp2ms","9","Gen 27:4 word 10","Hebrew","no","mapped","Regression test only"
"1190","HVpi3mp/Sp3ms","9","Lev 22:9 word 11","Hebrew","no","mapped","Regression test only"
"1191","HVpi3ms/Sp3mp","9","Exod 6:1 word 13","Hebrew","no","mapped","Regression test only"
"1192","HVpp2fs","9","Ruth 2:19 word 5","Hebrew","no","mapped","Regression test only"
"1193","HVprfpa","9","Lev 26:16 word 13","Hebrew","no","mapped","Regression test only"
"1194","HVqc/Sp1cp","9","Exod 10:26 word 23","Hebrew","no","mapped","Regression test only"
"1195","HVqi2mp/Sp3ms","9","Exod 12:14 word 13","Hebrew","no","mapped","Regression test only"
"1196","HVqi3mp/Sp2ms","9","1Kgs 8:40 word 2","Hebrew","no","mapped","Regression test only"
"1197","HVqi3mp/Sp3fs","9","Lev 6:9 word 13","Hebrew","no","mapped","Regression test only"
"1198","HVqp3fs/Sp1cs","9","Job 33:4 word 3","Hebrew","no","mapped","Regression test only"
"1199","HVqv2ms/Sp3fs","9","Deut 31:19 word 11","Hebrew","no","mapped","Regression test only"
"1200","HVri3ms","9","Job 17:8 word 8","Hebrew","no","mapped","Regression test only"
"1201","HVtc","9","Num 32:18 word 6","Hebrew","no","mapped","Regression test only"
"1202","HVtp2ms","9","1Sam 18:21 word 17","Hebrew","no","mapped","Regression test only"
"1203","AAcfsa","8","Ezra 4:8 word 8","Aramaic","no","mapped","Regression test only"
"1204","AC/Aamsa","8","Dan 2:10 word 23","Aramaic","no","mapped","Regression test only"
"1205","AC/Acbsa","8","Dan 4:13 word 10","Aramaic","no","mapped","Regression test only"
"1206","AC/Ncfsc/Sp3ms","8","Dan 4:8 word 7","Aramaic","no","mapped","Regression test only"
"1207","AC/Tr","8","Ezra 7:25 word 23","Aramaic","no","mapped","Regression test only"
"1208","AC/Vhp3mp","8","Ezra 4:19 word 5","Aramaic","no","mapped","Regression test only"
"1209","ANcmpc/Sp3mp","8","Ezra 4:9 word 8","Aramaic","no","mapped","Regression test only"
"1210","APdxcp","8","Ezra 5:15 word 3","Aramaic","no","mapped","Regression test only"
"1211","AVqi2mp","8","Ezra 6:8 word 6","Aramaic","no","mapped","Regression test only"
"1212","AVqrfsd/Td","8","Dan 3:6 word 12","Aramaic","yes","mapped","Already covered"
"1213","HAampc/Sp3mp","8","Num 31:8 word 6","Hebrew","no","mapped","Regression test only"
"1214","HAcfsc","8","Gen 11:10 word 6","Hebrew","no","mapped","Regression test only"
"1215","HC/Ncfpc/Sp1cp","8","Josh 9:13 word 11","Hebrew","no","mapped","Regression test only"
"1216","HC/Np/Sd","8","Josh 13:18 word 1","Hebrew","no","mapped","Regression test only"
"1217","HC/R/Ncfpc/Sp2ms","8","Exod 7:28 word 15","Hebrew","no","mapped","Regression test only"
"1218","HC/R/Pdxfs","8","Josh 7:20 word 12","Hebrew","no","mapped","Regression test only"
"1219","HC/R/Vqc/Sp2ms","8","Deut 6:7 word 7","Hebrew","no","mapped","Regression test only"
"1220","HC/Td/Aafpa","8","Gen 41:4 word 12","Hebrew","no","mapped","Regression test only"
"1221","HC/Td/Aomsa","8","1Sam 17:13 word 20","Hebrew","no","mapped","Regression test only"
"1222","HC/Vhh1cp","8","1Sam 14:12 word 12","Hebrew","no","mapped","Regression test only"
"1223","HC/Vhi2ms","8","Exod 19:3 word 15","Hebrew","no","mapped","Regression test only"
"1224","HC/Vhv2ms/Sh","8","Gen 27:4 word 6","Hebrew","no","mapped","Regression test only"
"1225","HC/VNh1cs","8","Exod 14:4 word 7","Hebrew","no","mapped","Regression test only"
"1226","HC/VNi1cs","8","Gen 30:3 word 10","Hebrew","no","mapped","Regression test only"
"1227","HC/VNp1cs","8","Gen 34:30 word 20","Hebrew","no","mapped","Regression test only"
"1228","HC/VNp3fs","8","Esth 2:14 word 28","Hebrew","no","mapped","Regression test only"
"1229","HC/Vpq1cs/Sp2ms","8","Gen 26:24 word 16","Hebrew","no","mapped","Regression test only"
"1230","HC/Vpw3fs/Sp3ms","8","Judg 4:18 word 16","Hebrew","no","mapped","Regression test only"
"1231","HC/Vpw3mp/Sp3ms","8","Gen 49:23 word 1","Hebrew","no","mapped","Regression test only"
"1232","HC/Vqrmpc/Sp1cs","8","1Sam 2:30 word 23","Hebrew","no","mapped","Regression test only"
"1233","HC/Vqsfsa","8","Lev 21:14 word 2","Hebrew","no","mapped","Regression test only"
"1234","HC/Vqsmpa","8","Gen 30:39 word 9","Hebrew","no","mapped","Regression test only"
"1235","HC/Vqw1cs/Sp2fs","8","Ezek 16:6 word 3","Hebrew","no","mapped","Regression test only"
"1236","HC/Vtq3ms","8","Exod 21:19 word 3","Hebrew","no","mapped","Regression test only"
"1237","HC/Vtw3fs","8","Gen 24:65 word 16","Hebrew","yes","mapped","Already covered"
"1238","HNcfdc/Sp2fs","8","1Kgs 14:12 word 6","Hebrew","no","mapped","Regression test only"
"1239","HR/Acbpc","8","Gen 24:60 word 9","Hebrew","no","mapped","Regression test only"
"1240","HR/Acmsc/Sp3mp","8","Ezek 1:8 word 11","Hebrew","no","mapped","Regression test only"
"1241","HR/Ncfdc/Sp2mp","8","Exod 12:11 word 7","Hebrew","no","mapped","Regression test only"
"1242","HR/Ncfpc/Sp2fs","8","Jer 3:2 word 18","Hebrew","no","mapped","Regression test only"
"1243","HR/R/Ncbpc/Sp3ms","8","2Kgs 5:27 word 8","Hebrew","no","mapped","Regression test only"
"1244","HR/Vhc/Sp2mp","8","Lev 26:15 word 14","Hebrew","no","mapped","Regression test only"
"1245","HR/Vhrmpc","8","Lev 11:4 word 6","Hebrew","no","mapped","Regression test only"
"1246","HR/Vqrfsa","8","Gen 38:15 word 4","Hebrew","no","mapped","Regression test only"
"1247","HR/Vqrmsc/Sp3ms","8","Exod 18:8 word 3","Hebrew","no","mapped","Regression test only"
"1248","HRd/Ncmda","8","Gen 11:4 word 8","Hebrew","no","mapped","Regression test only"
"1249","HTd/Ncbda","8","Lev 8:21 word 4","Hebrew","no","mapped","Regression test only"
"1250","HTn/Sp1cs","8","Exod 5:10 word 12","Hebrew","no","mapped","Regression test only"
"1251","HVhh1cp","8","1Sam 14:36 word 13","Hebrew","no","mapped","Regression test only"
"1252","HVhj2ms/Sp1cs","8","Job 10:2 word 5","Hebrew","no","mapped","Regression test only"
"1253","HVhp3cp/Sp1cs","8","Ps 22:17 word 6","Hebrew","no","mapped","Regression test only"
"1254","HVhp3cp/Sp3mp","8","Num 17:3 word 13","Hebrew","no","mapped","Regression test only"
"1255","HVhrmsc/Sp3ms","8","Num 24:8 word 2","Hebrew","no","mapped","Regression test only"
"1256","HVHsfpa","8","Exod 39:6 word 5","Hebrew","no","mapped","Regression test only"
"1257","HVHsfsa","8","Gen 38:25 word 2","Hebrew","no","mapped","Regression test only"
"1258","HVmrmsa","8","Num 15:32 word 7","Hebrew","no","mapped","Regression test only"
"1259","HVNc/Sp3ms","8","Exod 40:37 word 9","Hebrew","no","mapped","Regression test only"
"1260","HVNrfpc/Sp3ms","8","Judg 6:13 word 15","Hebrew","no","mapped","Regression test only"
"1261","HVpc/Sp2ms","8","Exod 4:10 word 17","Hebrew","no","mapped","Regression test only"
"1262","HVpi1cs/Sp3mp","8","Gen 49:7 word 8","Hebrew","no","mapped","Regression test only"
"1263","HVpi3ms/Sp1cp","8","Gen 5:29 word 7","Hebrew","no","mapped","Regression test only"
"1264","HVpi3ms/Sp1cs","8","2Sam 22:20 word 4","Hebrew","no","mapped","Regression test only"
"1265","HVpj2mp","8","Gen 24:56 word 4","Hebrew","no","mapped","Regression test only"
"1266","HVprmpc/Sp3fs","8","Exod 31:14 word 8","Hebrew","no","mapped","Regression test only"
"1267","HVqi1cs/Sp2fs","8","Ps 137:5 word 2","Hebrew","no","mapped","Regression test only"
"1268","HVqi3fs/Sp2ms","8","Num 24:22 word 9","Hebrew","no","mapped","Regression test only"
"1269","HVqi3ms/Sp1cp","8","Gen 50:15 word 9","Hebrew","no","mapped","Regression test only"
"1270","HVqrmsc/Sp1cp","8","Judg 16:24 word 13","Hebrew","no","mapped","Regression test only"
"1271","HVqv2ms/Sp1cp","8","Gen 23:6 word 1","Hebrew","no","mapped","Regression test only"
"1272","HVri3mp","8","Gen 2:25 word 7","Hebrew","no","mapped","Regression test only"
"1273","AAafpa","7","Ezra 5:11 word 20","Aramaic","no","mapped","Regression test only"
"1274","AC/Ncfsc","7","Ezra 4:14 word 8","Aramaic","no","mapped","Regression test only"
"1275","AR/Ncmsc/Sp3ms","7","Ezra 5:7 word 6","Aramaic","no","mapped","Regression test only"
"1276","AT","7","Dan 4:12 word 11","Aramaic","yes","mapped","Already covered"
"1277","AVhi3ms","7","Ezra 4:13 word 19","Aramaic","no","mapped","Regression test only"
"1278","AVMi3ms","7","Ezra 5:17 word 6","Aramaic","no","mapped","Regression test only"
"1279","AVpp3ms","7","Ezra 6:12 word 3","Aramaic","no","mapped","Regression test only"
"1280","AVQp3mp","7","Dan 3:21 word 4","Aramaic","no","mapped","Regression test only"
"1281","HAafsc/Sp1cs","7","Ps 16:2 word 5","Hebrew","no","mapped","Regression test only"
"1282","HAampc/Sp1cs","7","Job 19:14 word 2","Hebrew","no","mapped","Regression test only"
"1283","HAcmpa","7","Gen 11:1 word 7","Hebrew","no","mapped","Regression test only"
"1284","HC/Ncbdc/Sp2ms","7","Deut 28:32 word 6","Hebrew","no","mapped","Regression test only"
"1285","HC/Ncbpc/Sp3fs","7","Josh 15:45 word 3","Hebrew","no","mapped","Regression test only"
"1286","HC/Ncfdc/Sp2ms","7","2Sam 3:34 word 4","Hebrew","no","mapped","Regression test only"
"1287","HC/Ncfdc/Sp3ms","7","Judg 1:6 word 12","Hebrew","no","mapped","Regression test only"
"1288","HC/R/Aamsa","7","Deut 28:48 word 10","Hebrew","no","mapped","Regression test only"
"1289","HC/R/Ncbpc/Sp3mp","7","Lev 18:3 word 19","Hebrew","no","mapped","Regression test only"
"1290","HC/R/Ncfpc/Sp3fs","7","Judg 11:26 word 4","Hebrew","no","mapped","Regression test only"
"1291","HC/R/Sp1cp","7","Gen 34:10 word 1","Hebrew","no","mapped","Regression test only"
"1292","HC/R/To","7","Lev 16:5 word 1","Hebrew","no","mapped","Regression test only"
"1293","HC/R/Vtc","7","Gen 43:18 word 18","Hebrew","no","mapped","Regression test only"
"1294","HC/Td/Acbpa","7","Num 3:46 word 4","Hebrew","no","mapped","Regression test only"
"1295","HC/Tn/Sp3mp","7","2Kgs 17:34 word 12","Hebrew","no","mapped","Regression test only"
"1296","HC/Vhi1cs/Sp2ms","7","Gen 24:3 word 1","Hebrew","no","mapped","Regression test only"
"1297","HC/Vhi3ms/Sp1cp","7","Deut 30:12 word 11","Hebrew","no","mapped","Regression test only"
"1298","HC/Vhp3ms/Sp1cs","7","1Sam 17:9 word 5","Hebrew","no","mapped","Regression test only"
"1299","HC/VNa","7","1Chr 5:20 word 12","Hebrew","no","mapped","Regression test only"
"1300","HC/VNrfpc/Sp3ms","7","Ps 78:4 word 10","Hebrew","no","mapped","Regression test only"
"1301","HC/Vpi1cs/Sp2ms","7","Gen 12:2 word 4","Hebrew","no","mapped","Regression test only"
"1302","HC/Vpp1cs","7","1Sam 23:23 word 18","Hebrew","no","mapped","Regression test only"
"1303","HC/Vpq2ms/Sp3ms","7","Exod 19:23 word 20","Hebrew","no","mapped","Regression test only"
"1304","HC/Vpw1cs/Sh","7","Job 29:17 word 1","Hebrew","no","mapped","Regression test only"
"1305","HC/Vpw2fs","7","1Sam 19:17 word 8","Hebrew","no","mapped","Regression test only"
"1306","HC/Vqi3mp/Sp1cs","7","Exod 7:16 word 12","Hebrew","no","mapped","Regression test only"
"1307","HC/Vqp1cp","7","Gen 26:22 word 18","Hebrew","no","mapped","Regression test only"
"1308","HC/Vqp2fs","7","Judg 13:3 word 14","Hebrew","no","mapped","Regression test only"
"1309","HC/Vqq3cp/Sp2ms","7","Deut 4:30 word 3","Hebrew","no","mapped","Regression test only"
"1310","HC/Vqq3cp/Sp3ms","7","Lev 24:9 word 4","Hebrew","no","mapped","Regression test only"
"1311","HC/Vqq3ms/Sp1cs","7","Gen 28:20 word 9","Hebrew","no","mapped","Regression test only"
"1312","HC/Vqv2ms/Sp3ms","7","Exod 14:16 word 10","Hebrew","no","mapped","Regression test only"
"1313","HC/Vtv2ms","7","Exod 8:16 word 7","Hebrew","no","mapped","Regression test only"
"1314","HC/Vvw3fs","7","Ruth 2:10 word 4","Hebrew","no","mapped","Regression test only"
"1315","HR/Ncfsc/Sp2mp","7","Gen 34:8 word 9","Hebrew","no","mapped","Regression test only"
"1316","HR/Ngmpa","7","Judg 14:3 word 16","Hebrew","no","mapped","Regression test only"
"1317","HTd/VNsfsa","7","Lev 11:47 word 8","Hebrew","no","mapped","Regression test only"
"1318","HTd/VNsmpa","7","Num 25:5 word 9","Hebrew","no","mapped","Regression test only"
"1319","HTd/VPsmpa","7","Exod 39:34 word 5","Hebrew","no","mapped","Regression test only"
"1320","HTi/Vqp2mp","7","Gen 29:5 word 3","Hebrew","no","mapped","Regression test only"
"1321","HTi/Vqp3ms","7","Deut 4:33 word 1","Hebrew","no","mapped","Regression test only"
"1322","HTm/Sp2fs","7","Gen 16:11 word 5","Hebrew","no","mapped","Regression test only"
"1323","HTr/D","7","Ps 122:4 word 1","Hebrew","no","mapped","Regression test only"
"1324","HTr/Vqi3mp","7","Eccl 1:11 word 6","Hebrew","no","mapped","Regression test only"
"1325","HTr/Vqp1cs","7","Judg 5:7 word 6","Hebrew","no","mapped","Regression test only"
"1326","HVhc/Sp2ms","7","Exod 9:16 word 6","Hebrew","no","mapped","Regression test only"
"1327","HVHp1cs","7","1Kgs 22:34 word 21","Hebrew","no","mapped","Regression test only"
"1328","HVhrfsc","7","Lev 11:3 word 7","Hebrew","no","mapped","Regression test only"
"1329","HVhv2fs/Sp1cs","7","Gen 24:17 word 5","Hebrew","no","mapped","Regression test only"
"1330","HVhv2ms/Sp3mp","7","Gen 19:5 word 12","Hebrew","no","mapped","Regression test only"
"1331","HVmi3ms","7","Ps 90:6 word 5","Hebrew","no","mapped","Regression test only"
"1332","HVNi1cp","7","Gen 31:49 word 9","Hebrew","no","mapped","Regression test only"
"1333","HVNi2fs","7","Isa 23:16 word 12","Hebrew","no","mapped","Regression test only"
"1334","HVormsa","7","1Sam 2:7 word 6","Hebrew","no","mapped","Regression test only"
"1335","HVpc/Sp1cs","7","Deut 25:7 word 22","Hebrew","no","mapped","Regression test only"
"1336","HVpi2ms/Sp3mp","7","Exod 23:24 word 11","Hebrew","no","mapped","Regression test only"
"1337","HVpp3ms/Sp1cp","7","Deut 1:41 word 11","Hebrew","no","mapped","Regression test only"
"1338","HVqp3cp/Sp1cp","7","Ps 17:11 word 4","Hebrew","no","mapped","Regression test only"
"1339","AC/Ncfpa","6","Ezra 4:15 word 18","Aramaic","no","mapped","Regression test only"
"1340","AC/Ncfpc/Sp3ms","6","Dan 2:32 word 8","Aramaic","no","mapped","Regression test only"
"1341","AC/Ncmpc/Sp3mp","6","Ezra 4:23 word 15","Aramaic","no","mapped","Regression test only"
"1342","AC/R/Sp1cs","6","Ezra 4:19 word 1","Aramaic","no","mapped","Regression test only"
"1343","AC/Vqi3ms","6","Ezra 6:5 word 18","Aramaic","no","mapped","Regression test only"
"1344","ANcfpc","6","Ezra 7:25 word 21","Aramaic","no","mapped","Regression test only"
"1345","ANcfpc/Sp3ms","6","Dan 2:33 word 1","Aramaic","no","mapped","Regression test only"
"1346","ANcfsc/Sp1cs","6","Dan 4:15 word 17","Aramaic","no","mapped","Regression test only"
"1347","ANgmsd/Td","6","Ezra 5:12 word 15","Aramaic","no","mapped","Regression test only"
"1348","ANxxxa","6","Dan 5:25 word 5","Aramaic","yes","mapped","Already covered"
"1349","APdxcs","6","Ezra 4:22 word 6","Aramaic","no","mapped","Regression test only"
"1350","AVMrmsa","6","Ezra 7:13 word 6","Aramaic","no","mapped","Regression test only"
"1351","AVup3fs","6","Dan 2:34 word 5","Aramaic","no","mapped","Regression test only"
"1352","HAampc/Sp2fs","6","2Kgs 4:3 word 10","Hebrew","no","mapped","Regression test only"
"1353","HAamsc/Sp2ms","6","Gen 22:2 word 7","Hebrew","no","mapped","Regression test only"
"1354","HAompa","6","Gen 6:16 word 13","Hebrew","no","mapped","Regression test only"
"1355","HC/Aafpc","6","Gen 41:2 word 9","Hebrew","no","mapped","Regression test only"
"1356","HC/Aafsc","6","Gen 29:17 word 8","Hebrew","no","mapped","Regression test only"
"1357","HC/Aampc/Sp3fs","6","Ps 132:16 word 4","Hebrew","no","mapped","Regression test only"
"1358","HC/Aampc/Sp3mp","6","Neh 3:5 word 5","Hebrew","no","mapped","Regression test only"
"1359","HC/Aampc/Sp3ms","6","Josh 8:33 word 3","Hebrew","no","mapped","Regression test only"
"1360","HC/Ncbpc/Sp1cp","6","Neh 5:3 word 5","Hebrew","no","mapped","Regression test only"
"1361","HC/Ncbsc/Sp1cp","6","Gen 37:27 word 4","Hebrew","no","mapped","Regression test only"
"1362","HC/Ncbsc/Sp2mp","6","Gen 45:20 word 1","Hebrew","no","mapped","Regression test only"
"1363","HC/Ncfsa/Sd","6","Gen 28:14 word 8","Hebrew","no","mapped","Regression test only"
"1364","HC/Ncfsc/Sp1cp","6","Gen 47:18 word 28","Hebrew","no","mapped","Regression test only"
"1365","HC/Ngmsa","6","Deut 23:4 word 4","Hebrew","no","mapped","Regression test only"
"1366","HC/R/Acmsa","6","Deut 28:7 word 13","Hebrew","no","mapped","Regression test only"
"1367","HC/R/D/Sd","6","1Chr 23:27 word 12","Hebrew","no","mapped","Regression test only"
"1368","HC/R/Ncbsc/Sp1cs","6","Gen 30:25 word 15","Hebrew","no","mapped","Regression test only"
"1369","HC/R/Ncbsc/Sp3mp","6","Deut 31:4 word 10","Hebrew","no","mapped","Regression test only"
"1370","HC/Rd/Np","6","Josh 9:3 word 9","Hebrew","no","mapped","Regression test only"
"1371","HC/Rd/Vqrmsa","6","2Sam 12:3 word 1","Hebrew","no","mapped","Regression test only"
"1372","HC/Td/Aofsa","6","Exod 23:11 word 1","Hebrew","no","mapped","Regression test only"
"1373","HC/Td/Vhrmpa","6","Neh 8:3 word 17","Hebrew","no","mapped","Regression test only"
"1374","HC/Vhi1cp","6","Josh 10:4 word 4","Hebrew","no","mapped","Regression test only"
"1375","HC/Vhi1cs/Sp3ms","6","Exod 15:2 word 9","Hebrew","no","mapped","Regression test only"
"1376","HC/Vhp2mp","6","Gen 19:2 word 13","Hebrew","no","mapped","Regression test only"
"1377","HC/Vhp2ms","6","Num 14:15 word 1","Hebrew","no","mapped","Regression test only"
"1378","HC/Vhrmpc","6","Jer 17:26 word 19","Hebrew","no","mapped","Regression test only"
"1379","HC/Vhrmsc","6","Exod 21:15 word 1","Hebrew","no","mapped","Regression test only"
"1380","HC/Vhw3fs/Sp1cs","6","Job 29:11 word 7","Hebrew","no","mapped","Regression test only"
"1381","HC/Vhw3mp/Sp3fs","6","Josh 10:35 word 4","Hebrew","no","mapped","Regression test only"
"1382","HC/Vhw3ms/Sp1cp","6","Num 20:16 word 8","Hebrew","no","mapped","Regression test only"
"1383","HC/VNi3fs","6","Gen 1:9 word 10","Hebrew","no","mapped","Regression test only"
"1384","HC/VNj3fs","6","1Chr 21:22 word 17","Hebrew","no","mapped","Regression test only"
"1385","HC/VNrfpa","6","Deut 28:59 word 10","Hebrew","no","mapped","Regression test only"
"1386","HC/VNrfsa","6","Gen 20:16 word 18","Hebrew","no","mapped","Regression test only"
"1387","HC/VNrmsc","6","1Sam 16:18 word 17","Hebrew","no","mapped","Regression test only"
"1388","HC/Vph1cp","6","Judg 20:13 word 10","Hebrew","no","mapped","Regression test only"
"1389","HC/Vpi2ms","6","Num 17:25 word 15","Hebrew","no","mapped","Regression test only"
"1390","HC/Vpq2ms/Sp3mp","6","Exod 19:10 word 8","Hebrew","no","mapped","Regression test only"
"1391","HC/VPq3cp","6","Job 33:21 word 5","Hebrew","no","mapped","Regression test only"
"1392","HC/Vpw3fp","6","Exod 1:17 word 12","Hebrew","no","mapped","Regression test only"
"1393","HC/Vqi2mp","6","Job 6:27 word 5","Hebrew","no","mapped","Regression test only"
"1394","HC/Vqq2ms/Sp3fs","6","Exod 23:11 word 3","Hebrew","no","mapped","Regression test only"
"1395","HC/Vqrmpc/Sp3mp","6","Judg 2:18 word 22","Hebrew","no","mapped","Regression test only"
"1396","HC/Vqw2ms/Sp3mp","6","Neh 9:22 word 5","Hebrew","no","mapped","Regression test only"
"1397","HC/Vqw3fs/Sp3mp","6","Gen 31:34 word 5","Hebrew","no","mapped","Regression test only"
"1398","HC/Vvw3mp","6","Gen 43:28 word 9","Hebrew","no","mapped","Regression test only"
"1399","HNcfdc/Sp1cp","6","Gen 31:42 word 18","Hebrew","no","mapped","Regression test only"
"1400","HNgmsc","6","Judg 3:15 word 14","Hebrew","no","mapped","Regression test only"
"1401","HR/Ncfdc/Sp1cp","6","2Sam 7:22 word 15","Hebrew","no","mapped","Regression test only"
"1402","HR/Ncmdc","6","1Sam 25:23 word 10","Hebrew","no","mapped","Regression test only"
"1403","HR/R/D","6","Exod 26:24 word 3","Hebrew","no","mapped","Regression test only"
"1404","HR/R/Ncmsa","6","Exod 11:7 word 8","Hebrew","no","mapped","Regression test only"
"1405","HR/Td/Ncfpa","6","Josh 20:4 word 4","Hebrew","no","mapped","Regression test only"
"1406","HR/To/Sp3ms","6","1Kgs 22:7 word 9","Hebrew","no","mapped","Regression test only"
"1407","HR/Vpc/Sp2mp","6","Exod 12:31 word 19","Hebrew","no","mapped","Regression test only"
"1408","HR/Vqc/Sp3fp","6","Gen 30:38 word 16","Hebrew","no","mapped","Regression test only"
"1409","HTd/Acbsa","6","Exod 38:28 word 2","Hebrew","no","mapped","Regression test only"
"1410","HTd/Vhrmsc/Sp2ms","6","Deut 8:14 word 7","Hebrew","no","mapped","Regression test only"
"1411","HTd/Vqp3fs","6","Gen 18:21 word 5","Hebrew","no","mapped","Regression test only"
"1412","HTd/Vqsfpa","6","Josh 2:6 word 7","Hebrew","no","mapped","Regression test only"
"1413","HTi/R/Ncmsa","6","2Sam 2:26 word 6","Hebrew","no","mapped","Regression test only"
"1414","HTi/Vha","6","Gen 24:5 word 13","Hebrew","no","mapped","Regression test only"
"1415","HTi/Vhi2ms","6","Gen 18:28 word 6","Hebrew","no","mapped","Regression test only"
"1416","HTi/VNp3ms","6","Deut 4:32 word 22","Hebrew","no","mapped","Regression test only"
"1417","HTi/Vqi1cp","6","Gen 41:38 word 5","Hebrew","no","mapped","Regression test only"
"1418","HTi/Vqi3mp","6","Judg 3:4 word 7","Hebrew","no","mapped","Regression test only"
"1419","HTn/Sp2mp","6","Deut 1:32 word 3","Hebrew","no","mapped","Regression test only"
"1420","HTn/Sp3fs","6","Gen 7:8 word 7","Hebrew","no","mapped","Regression test only"
"1421","HTr/Vqp3cp","6","Eccl 2:7 word 16","Hebrew","no","mapped","Regression test only"
"1422","HVhi2ms/Sp3fs","6","Lev 6:14 word 6","Hebrew","no","mapped","Regression test only"
"1423","HVhi3fs/Sp3mp","6","Exod 15:9 word 11","Hebrew","no","mapped","Regression test only"
"1424","HVhi3fs/Sp3ms","6","Job 27:20 word 1","Hebrew","no","mapped","Regression test only"
"1425","HVhj3fs","6","Gen 1:11 word 3","Hebrew","yes","mapped","Already covered"
"1426","HVhp2ms/Sp3ms","6","1Sam 29:4 word 16","Hebrew","no","mapped","Regression test only"
"1427","HVhp3ms/Sp3fs","6","2Chr 15:16 word 6","Hebrew","no","mapped","Regression test only"
"1428","HVhrmsc/Sp2fs","6","Ruth 2:19 word 10","Hebrew","no","mapped","Regression test only"
"1429","HVKp3fs","6","1Sam 2:5 word 12","Hebrew","yes","mapped","Already covered"
"1430","HVNh1cs","6","Gen 19:20 word 10","Hebrew","no","mapped","Regression test only"
"1431","HVNsfpa","6","2Sam 18:8 word 4","Hebrew","no","mapped","Regression test only"
"1432","HVNv2fs","6","Num 5:19 word 18","Hebrew","no","mapped","Regression test only"
"1433","HVpp1cs/Sp3ms","6","Exod 28:3 word 8","Hebrew","no","mapped","Regression test only"
"1434","HVprmsc/Sp3mp","6","Lev 21:23 word 20","Hebrew","no","mapped","Regression test only"
"1435","HVprmsc/Sp3ms","6","Exod 24:13 word 4","Hebrew","no","mapped","Regression test only"
"1436","HVqj3fp","6","2Sam 2:7 word 2","Hebrew","no","mapped","Regression test only"
"1437","HVqp1cp/Sp3ms","6","1Chr 13:3 word 8","Hebrew","no","mapped","Regression test only"
"1438","HVQp3cp","6","Neh 2:3 word 17","Hebrew","no","mapped","Regression test only"
"1439","HVqp3fs/Sp3mp","6","Gen 31:32 word 21","Hebrew","no","mapped","Regression test only"
"1440","HVqrmsc/Sp2fs","6","Ps 53:6 word 11","Hebrew","no","mapped","Regression test only"
"1441","HVqv2mp/Sp3ms","6","Exod 16:25 word 3","Hebrew","no","mapped","Regression test only"
"1442","HVri2fs","6","Ps 42:6 word 2","Hebrew","no","mapped","Regression test only"
"1443","HVtj3ms","6","1Kgs 20:11 word 7","Hebrew","no","mapped","Regression test only"
"1444","HVtv2fs","6","2Sam 14:2 word 10","Hebrew","no","mapped","Regression test only"
"1445","HVvi2mp","6","Josh 23:7 word 17","Hebrew","no","mapped","Regression test only"
"1446","HVvi2ms","6","Exod 20:5 word 2","Hebrew","no","mapped","Regression test only"
"1447","HVvi3mp","6","Gen 49:8 word 8","Hebrew","no","mapped","Regression test only"
"1448","AAofsa","5","Dan 2:39 word 10","Aramaic","no","mapped","Regression test only"
"1449","AC/Ncmsc/Sp2ms","5","Dan 2:39 word 1","Aramaic","no","mapped","Regression test only"
"1450","AC/Vhp3ms","5","Ezra 4:10 word 8","Aramaic","no","mapped","Regression test only"
"1451","AC/Vpp3mp","5","Ezra 4:19 word 4","Aramaic","no","mapped","Regression test only"
"1452","AC/Vqp3fs","5","Ezra 4:24 word 8","Aramaic","no","mapped","Regression test only"
"1453","ANcfsc/Sp3ms","5","Ezra 6:12 word 12","Aramaic","no","mapped","Regression test only"
"1454","ANcmpc/Sp2ms","5","Ezra 4:11 word 10","Aramaic","no","mapped","Regression test only"
"1455","ANcmsc/Sp2mp","5","Ezra 7:17 word 19","Aramaic","no","mapped","Regression test only"
"1456","APfxbs","5","Dan 2:22 word 6","Aramaic","yes","mapped","Already covered"
"1457","APp3ms","5","Dan 2:22 word 1","Aramaic","no","mapped","Regression test only"
"1458","AR/Ncfsc/Sp2ms","5","Ezra 7:14 word 17","Aramaic","no","mapped","Regression test only"
"1459","AR/Ncfsc/Sp3ms","5","Dan 4:32 word 18","Aramaic","no","mapped","Regression test only"
"1460","AR/Ncmpc","5","Ezra 6:10 word 8","Aramaic","no","mapped","Regression test only"
"1461","AR/Ncmsc/Sp1cs","5","Dan 3:14 word 10","Aramaic","no","mapped","Regression test only"
"1462","ATo/Ncmpc","5","Dan 2:14 word 14","Aramaic","no","mapped","Regression test only"
"1463","ATo/Ncmsc","5","Ezra 5:12 word 6","Aramaic","no","mapped","Regression test only"
"1464","AVHp3fs","5","Ezra 4:15 word 29","Aramaic","no","mapped","Regression test only"
"1465","AVhrmsa","5","Dan 2:21 word 2","Aramaic","no","mapped","Regression test only"
"1466","AVpi3ms","5","Ezra 4:15 word 2","Aramaic","no","mapped","Regression test only"
"1467","AVqsmsa","5","Ezra 5:11 word 16","Aramaic","no","mapped","Regression test only"
"1468","AVui3fs","5","Ezra 4:13 word 9","Aramaic","no","mapped","Regression test only"
"1469","HAampc/Sp2mp","5","Deut 29:9 word 10","Hebrew","no","mapped","Regression test only"
"1470","HAamsc/Sp3mp","5","1Sam 17:51 word 20","Hebrew","no","mapped","Regression test only"
"1471","HAcbsc","5","Num 2:9 word 5","Hebrew","no","mapped","Regression test only"
"1472","HC/Ncbda","5","Deut 29:3 word 7","Hebrew","no","mapped","Regression test only"
"1473","HC/Ncbpc/Sp2ms","5","2Sam 17:11 word 17","Hebrew","no","mapped","Regression test only"
"1474","HC/Ncmsc/Sp1cp","5","Gen 44:26 word 17","Hebrew","no","mapped","Regression test only"
"1475","HC/R/Aampc","5","Lev 9:1 word 8","Hebrew","no","mapped","Regression test only"
"1476","HC/R/Ncfda","5","Num 11:31 word 20","Hebrew","yes","mapped","Already covered"
"1477","HC/R/Ncfdc","5","Exod 26:22 word 1","Hebrew","no","mapped","Regression test only"
"1478","HC/R/Ncfpc/Sp2mp","5","Gen 45:19 word 11","Hebrew","no","mapped","Regression test only"
"1479","HC/R/Ncfpc/Sp3mp","5","Gen 25:16 word 8","Hebrew","no","mapped","Regression test only"
"1480","HC/R/Ncfpc/Sp3ms","5","Gen 32:1 word 6","Hebrew","no","mapped","Regression test only"
"1481","HC/R/Ncfsc/Sp1cp","5","Gen 43:7 word 6","Hebrew","no","mapped","Regression test only"
"1482","HC/R/Ncmpc/Sp3fs","5","Deut 8:9 word 16","Hebrew","no","mapped","Regression test only"
"1483","HC/R/VNc","5","Exod 40:36 word 1","Hebrew","no","mapped","Regression test only"
"1484","HC/R/Vqrmpc/Sp1cs","5","2Sam 22:4 word 4","Hebrew","no","mapped","Regression test only"
"1485","HC/R/Vqrmpc/Sp3ms","5","Josh 23:2 word 7","Hebrew","no","mapped","Regression test only"
"1486","HC/R/Vqrmsa","5","Prov 20:19 word 5","Hebrew","no","mapped","Regression test only"
"1487","HC/Td/Vhrmsa","5","Exod 16:17 word 7","Hebrew","no","mapped","Regression test only"
"1488","HC/Td/VNsfsa","5","Dan 8:22 word 1","Hebrew","no","mapped","Regression test only"
"1489","HC/Td/Vqsmsa","5","Lev 13:45 word 1","Hebrew","no","mapped","Regression test only"
"1490","HC/Tj","5","Exod 4:1 word 4","Hebrew","yes","mapped","Already covered"
"1491","HC/Vhi1cs/Sp3mp","5","Gen 49:7 word 10","Hebrew","no","mapped","Regression test only"
"1492","HC/Vhi3fs","5","Exod 2:7 word 13","Hebrew","yes","mapped","Already covered"
"1493","HC/VHp3ms","5","Exod 22:1 word 5","Hebrew","no","mapped","Regression test only"
"1494","HC/Vhq1cp","5","Gen 29:8 word 15","Hebrew","no","mapped","Regression test only"
"1495","HC/Vhq1cs/Sp3fs","5","2Sam 14:30 word 13","Hebrew","no","mapped","Regression test only"
"1496","HC/Vhv2fs","5","Gen 21:18 word 5","Hebrew","no","mapped","Regression test only"
"1497","HC/VNq2fs","5","Jer 22:22 word 11","Hebrew","no","mapped","Regression test only"
"1498","HC/VNrmpa","5","Num 22:15 word 7","Hebrew","no","mapped","Regression test only"
"1499","HC/VNw2ms","5","Exod 9:15 word 11","Hebrew","no","mapped","Regression test only"
"1500","HC/Vpi1cs/Sp3ms","5","Num 22:6 word 17","Hebrew","no","mapped","Regression test only"
"1501","HC/Vpp2ms","5","Exod 9:1 word 8","Hebrew","no","mapped","Regression test only"
"1502","HC/Vpq3ms/Sp3fs","5","Exod 21:26 word 11","Hebrew","no","mapped","Regression test only"
"1503","HC/Vprmsc/Sp1cs","5","2Sam 22:2 word 5","Hebrew","no","mapped","Regression test only"
"1504","HC/Vpv2ms/Sp1cs","5","Judg 16:28 word 10","Hebrew","no","mapped","Regression test only"
"1505","HC/Vpw2ms/Sp1cs","5","2Sam 22:40 word 1","Hebrew","no","mapped","Regression test only"
"1506","HC/VPw3mp","5","Gen 2:1 word 1","Hebrew","yes","mapped","Already covered"
"1507","HC/Vpw3mp/Sp3fs","5","Judg 19:25 word 20","Hebrew","no","mapped","Regression test only"
"1508","HC/Vqi1cp/Sp3ms","5","Judg 19:22 word 31","Hebrew","no","mapped","Regression test only"
"1509","HC/Vqi3ms/Sp3fs","5","Deut 30:12 word 9","Hebrew","no","mapped","Regression test only"
"1510","HC/Vqp3ms/Sp3ms","5","Gen 42:38 word 12","Hebrew","no","mapped","Regression test only"
"1511","HC/Vqq2ms/Sp1cs","5","Gen 29:15 word 7","Hebrew","no","mapped","Regression test only"
"1512","HC/Vqrfpa","5","2Sam 19:36 word 24","Hebrew","no","mapped","Regression test only"
"1513","HC/Vqw1cp/Sh","5","Gen 41:11 word 1","Hebrew","no","mapped","Regression test only"
"1514","HC/Vqw1cs/Sp2ms","5","Exod 33:17 word 16","Hebrew","no","mapped","Regression test only"
"1515","HC/Vqw1cs/Sp3ms","5","2Sam 4:10 word 14","Hebrew","no","mapped","Regression test only"
"1516","HC/Vqw2mp/Sn","5","Deut 1:22 word 1","Hebrew","no","mapped","Regression test only"
"1517","HC/Vqw2ms/Sp1cs","5","Gen 33:10 word 21","Hebrew","no","mapped","Regression test only"
"1518","HC/Vtc/Sp3mp","5","1Chr 4:33 word 11","Hebrew","no","mapped","Regression test only"
"1519","HC/Vtq1cs","5","Lev 26:12 word 1","Hebrew","no","mapped","Regression test only"
"1520","HC/Vvi3mp","5","Ps 22:28 word 8","Hebrew","no","mapped","Regression test only"
"1521","HC/Vvq2mp","5","Exod 24:1 word 14","Hebrew","no","mapped","Regression test only"
"1522","HC/Vvq3cp","5","Exod 11:8 word 6","Hebrew","no","mapped","Regression test only"
"1523","HNcfsa/Sh","5","Exod 15:16 word 3","Hebrew","no","mapped","Regression test only"
"1524","HNcmdc/Sp1cs","5","Job 16:16 word 7","Hebrew","no","mapped","Regression test only"
"1525","HNcmdc/Sp3fs","5","Num 4:9 word 11","Hebrew","no","mapped","Regression test only"
"1526","HNcmpa/Sd","5","Exod 13:10 word 7","Hebrew","no","mapped","Regression test only"
"1527","HR/Acbpc/Sp3ms","5","1Sam 18:7 word 7","Hebrew","no","mapped","Regression test only"
"1528","HR/Ncbdc/Sp1cp","5","Num 13:33 word 10","Hebrew","no","mapped","Regression test only"
"1529","HR/Ncbdc/Sp3fs","5","Gen 16:4 word 10","Hebrew","no","mapped","Regression test only"
"1530","HR/Ncmpc/Sp3fp","5","Gen 31:43 word 24","Hebrew","no","mapped","Regression test only"
"1531","HR/Rd/Aafsa","5","Judg 20:32 word 7","Hebrew","no","mapped","Regression test only"
"1532","HR/Td/Np","5","Josh 3:1 word 5","Hebrew","no","mapped","Regression test only"
"1533","HR/Vhc/Sp1cp","5","Exod 14:11 word 15","Hebrew","no","mapped","Regression test only"
"1534","HR/VNc/Sp1cs","5","Exod 14:18 word 6","Hebrew","no","mapped","Regression test only"
"1535","HR/VNc/Sp3mp","5","Gen 2:4 word 5","Hebrew","yes","mapped","Already covered"
"1536","HR/Vqrmpc/Sp2ms","5","Deut 28:31 word 15","Hebrew","no","mapped","Regression test only"
"1537","HRd/Aofsa","5","Gen 13:4 word 7","Hebrew","no","mapped","Regression test only"
"1538","HRd/Ncbda","5","Gen 3:6 word 10","Hebrew","no","mapped","Regression test only"
"1539","HRd/Vprmpa","5","2Chr 5:13 word 3","Hebrew","no","mapped","Regression test only"
"1540","HTd/Ngfpa","5","Exod 1:15 word 5","Hebrew","yes","mapped","Already covered"
"1541","HTd/Vprfpa","5","Exod 1:17 word 2","Hebrew","no","mapped","Regression test only"
"1542","HTi/Ncfsc","5","Gen 17:17 word 14","Hebrew","no","mapped","Regression test only"
"1543","HTi/Ncmsc","5","2Sam 3:8 word 9","Hebrew","no","mapped","Regression test only"
"1544","HTi/Pdxfs","5","Ruth 1:19 word 16","Hebrew","no","mapped","Regression test only"
"1545","HTi/Pdxms","5","Gen 43:29 word 10","Hebrew","yes","mapped","Already covered"
"1546","HTi/Vqi3fs","5","2Sam 24:13 word 9","Hebrew","no","mapped","Regression test only"
"1547","HTr/Tn","5","Ps 124:6 word 3","Hebrew","no","mapped","Regression test only"
"1548","HTr/Vqp3fs","5","Song 1:7 word 3","Hebrew","no","mapped","Regression test only"
"1549","HVhc/Sp2mp","5","Lev 23:12 word 3","Hebrew","no","mapped","Regression test only"
"1550","HVhi3mp/Sp1cs","5","Neh 2:7 word 15","Hebrew","no","mapped","Regression test only"
"1551","HVhj2ms/Sp1cp","5","Exod 33:15 word 8","Hebrew","no","mapped","Regression test only"
"1552","HVhp1cs/Sp3ms","5","Gen 43:9 word 7","Hebrew","no","mapped","Regression test only"
"1553","HVhp2ms/Sp3mp","5","1Kgs 8:53 word 3","Hebrew","no","mapped","Regression test only"
"1554","HVhp3cp/Sp2ms","5","Exod 32:4 word 14","Hebrew","no","mapped","Regression test only"
"1555","HVhp3fs/Sp3ms","5","Judg 14:17 word 15","Hebrew","no","mapped","Regression test only"
"1556","HVNc/Sp2fs","5","Deut 28:24 word 13","Hebrew","no","mapped","Regression test only"
"1557","HVNj3mp","5","Gen 1:9 word 3","Hebrew","yes","mapped","Already covered"
"1558","HVNv2ms/Sh","5","Gen 21:23 word 2","Hebrew","no","mapped","Regression test only"
"1559","HVoi3mp","5","Isa 15:5 word 20","Hebrew","no","mapped","Regression test only"
"1560","HVop3cp","5","Exod 15:17 word 11","Hebrew","no","mapped","Regression test only"
"1561","HVormpa","5","2Chr 20:21 word 5","Hebrew","no","mapped","Regression test only"
"1562","HVpi3mp/Sp2ms","5","Ps 63:4 word 6","Hebrew","no","mapped","Regression test only"
"1563","HVpj3mp","5","Esth 2:2 word 5","Hebrew","no","mapped","Regression test only"
"1564","HVpp1cs/Sp2fs","5","Song 1:9 word 4","Hebrew","no","mapped","Regression test only"
"1565","HVpp3fs/Sp1cs","5","Ps 44:16 word 7","Hebrew","no","mapped","Regression test only"
"1566","HVpp3ms/Sp2fs","5","Deut 6:17 word 10","Hebrew","no","mapped","Regression test only"
"1567","HVpp3ms/Sp3fs","5","Gen 5:29 word 14","Hebrew","no","mapped","Regression test only"
"1568","HVprmsc","5","Num 11:28 word 5","Hebrew","no","mapped","Regression test only"
"1569","HVprmsc/Sp1cs","5","Job 31:29 word 4","Hebrew","no","mapped","Regression test only"
"1570","HVprmsc/Sp2mp","5","Exod 31:13 word 21","Hebrew","no","mapped","Regression test only"
"1571","HVPsmpc","5","1Chr 25:7 word 5","Hebrew","no","mapped","Regression test only"
"1572","HVpv2mp/Sp1cs","5","Gen 24:54 word 11","Hebrew","no","mapped","Regression test only"
"1573","HVpv2ms/Sh","5","2Kgs 8:4 word 9","Hebrew","no","mapped","Regression test only"
"1574","HVqi2fs/Sn","5","Ruth 2:8 word 18","Hebrew","no","mapped","Regression test only"
"1575","HVqi3fs/Sp1cs","5","Gen 19:19 word 21","Hebrew","no","mapped","Regression test only"
"1576","HVqp1cp/Sp2ms","5","Gen 26:29 word 7","Hebrew","no","mapped","Regression test only"
"1577","HVqp3ms/Sp2fs","5","1Sam 25:32 word 9","Hebrew","no","mapped","Regression test only"
"1578","HVqrfsc/Sp2fs","5","Ezek 27:12 word 2","Hebrew","no","mapped","Regression test only"
"1579","HVqrmsc/Sp3fs","5","2Kgs 21:12 word 16","Hebrew","no","mapped","Regression test only"
"1580","HVqsfsc","5","Gen 20:3 word 16","Hebrew","no","mapped","Regression test only"
"1581","HVtc/Sp2ms","5","1Kgs 21:20 word 10","Hebrew","no","mapped","Regression test only"
"1582","HVtj2mp","5","Lev 18:24 word 2","Hebrew","no","mapped","Regression test only"
"1583","AAafpd/Td","4","Dan 2:22 word 3","Aramaic","yes","mapped","Already covered"
"1584","AAamsc","4","Dan 2:14 word 7","Aramaic","no","mapped","Regression test only"
"1585","AAcmpa","4","Dan 6:8 word 25","Aramaic","no","mapped","Regression test only"
"1586","AC/Aafsa","4","Dan 7:7 word 12","Aramaic","no","mapped","Regression test only"
"1587","AC/Ngmpd/Td","4","Ezra 6:16 word 5","Aramaic","no","mapped","Regression test only"
"1588","AC/R/Ncmpc","4","Ezra 6:7 word 8","Aramaic","no","mapped","Regression test only"
"1589","AC/R/Ncmsa","4","Dan 2:38 word 1","Aramaic","no","mapped","Regression test only"
"1590","AC/R/Np","4","Ezra 5:1 word 14","Aramaic","no","mapped","Regression test only"
"1591","AC/R/Sp3mp","4","Ezra 5:2 word 15","Aramaic","no","mapped","Regression test only"
"1592","AC/Ta","4","Ezra 5:10 word 1","Aramaic","no","mapped","Regression test only"
"1593","AC/VQp3fs","4","Dan 5:28 word 4","Aramaic","no","mapped","Regression test only"
"1594","ANcbsa","4","Dan 3:27 word 23","Aramaic","no","mapped","Regression test only"
"1595","ANcfpc/Sp2ms","4","Dan 3:17 word 14","Aramaic","no","mapped","Regression test only"
"1596","ANcfsc/Sp2ms","4","Dan 4:23 word 8","Aramaic","no","mapped","Regression test only"
"1597","APp1cp","4","Ezra 4:16 word 2","Aramaic","no","mapped","Regression test only"
"1598","APp3fs","4","Ezra 6:15 word 10","Aramaic","no","mapped","Regression test only"
"1599","AR/Ncmpc/Sp2ms","4","Dan 2:4 word 10","Aramaic","no","mapped","Regression test only"
"1600","AR/Ncmsc/Sp2ms","4","Dan 2:4 word 11","Aramaic","no","mapped","Regression test only"
"1601","AR/Ncmsc/Sp3fs","4","Ezra 4:15 word 21","Aramaic","no","mapped","Regression test only"
"1602","AR/R","4","Ezra 6:13 word 9","Aramaic","no","mapped","Regression test only"
"1603","AR/Sp1cp","4","Ezra 4:12 word 10","Aramaic","no","mapped","Regression test only"
"1604","AR/Sp3fp","4","Dan 2:33 word 6","Aramaic","no","mapped","Regression test only"
"1605","AR/Vhc/Sp1cs","4","Dan 2:26 word 11","Aramaic","no","mapped","Regression test only"
"1606","ATo/Ncmpd/Td","4","Dan 3:2 word 5","Aramaic","no","mapped","Regression test only"
"1607","ATo/Ncmsd/Td","4","Ezra 4:14 word 18","Aramaic","no","mapped","Regression test only"
"1608","AVhi3mp","4","Ezra 6:5 word 17","Aramaic","no","mapped","Regression test only"
"1609","AVhrmpa","4","Ezra 4:16 word 1","Aramaic","no","mapped","Regression test only"
"1610","AVMrmpa","4","Ezra 7:16 word 13","Aramaic","no","mapped","Regression test only"
"1611","AVpi3mp","4","Dan 4:13 word 5","Aramaic","no","mapped","Regression test only"
"1612","AVpi3mp/Sp3ms","4","Dan 4:16 word 10","Aramaic","no","mapped","Regression test only"
"1613","AVprmsa","4","Dan 4:26 word 10","Aramaic","no","mapped","Regression test only"
"1614","AVpsmsa","4","Ezra 4:18 word 5","Aramaic","no","mapped","Regression test only"
"1615","AVQp3fs","4","Dan 5:28 word 2","Aramaic","no","mapped","Regression test only"
"1616","AVQsfsa","4","Dan 2:41 word 14","Aramaic","no","mapped","Regression test only"
"1617","AVusmsa","4","Ezra 4:19 word 17","Aramaic","no","mapped","Regression test only"
"1618","HAamsc/Sp1cs","4","Isa 42:1 word 5","Hebrew","no","mapped","Regression test only"
"1619","HC/Aampc/Sp2ms","4","2Chr 6:41 word 14","Hebrew","no","mapped","Regression test only"
"1620","HC/Acmdc/Sp3mp","4","1Kgs 11:29 word 17","Hebrew","no","mapped","Regression test only"
"1621","HC/Aofsc","4","Num 28:5 word 1","Hebrew","no","mapped","Regression test only"
"1622","HC/Ncbdc/Sp1cs","4","1Kgs 1:48 word 15","Hebrew","no","mapped","Regression test only"
"1623","HC/Ncmdc","4","Lev 6:3 word 5","Hebrew","no","mapped","Regression test only"
"1624","HC/Pp2fp","4","Gen 31:6 word 1","Hebrew","yes","mapped","Already covered"
"1625","HC/R/Aampa","4","Ps 125:4 word 4","Hebrew","no","mapped","Regression test only"
"1626","HC/R/Acfda","4","2Chr 34:3 word 12","Hebrew","no","mapped","Regression test only"
"1627","HC/R/C","4","Lev 26:43 word 14","Hebrew","no","mapped","Regression test only"
"1628","HC/R/Ncbpc/Sp1cs","4","Job 23:17 word 6","Hebrew","no","mapped","Regression test only"
"1629","HC/R/R/Ncmsc","4","Lev 23:38 word 4","Hebrew","no","mapped","Regression test only"
"1630","HC/R/Vqc/Sp1cs","4","Ezra 9:3 word 1","Hebrew","no","mapped","Regression test only"
"1631","HC/R/Vqrmpa","4","2Kgs 25:12 word 7","Hebrew","no","mapped","Regression test only"
"1632","HC/Rd/Vprmpa","4","Exod 7:11 word 5","Hebrew","no","mapped","Regression test only"
"1633","HC/Td/Acmsa","4","Gen 42:13 word 17","Hebrew","no","mapped","Regression test only"
"1634","HC/Td/Ncbda","4","Gen 27:22 word 11","Hebrew","no","mapped","Regression test only"
"1635","HC/Td/VNrfsa","4","Lev 2:3 word 1","Hebrew","no","mapped","Regression test only"
"1636","HC/Td/Vprmpa","4","1Sam 25:26 word 19","Hebrew","no","mapped","Regression test only"
"1637","HC/Td/Vqrfsa","4","Lev 20:10 word 15","Hebrew","no","mapped","Regression test only"
"1638","HC/Tj/Sp2ms","4","2Sam 16:8 word 19","Hebrew","no","mapped","Regression test only"
"1639","HC/To/Sp3fs","4","Lev 10:17 word 12","Hebrew","no","mapped","Regression test only"
"1640","HC/Vhi2mp","4","Job 19:5 word 5","Hebrew","no","mapped","Regression test only"
"1641","HC/Vhi3ms/Sp3mp","4","2Kgs 17:27 word 15","Hebrew","no","mapped","Regression test only"
"1642","HC/Vhj3mp","4","Gen 31:37 word 16","Hebrew","no","mapped","Regression test only"
"1643","HC/Vhp1cp","4","1Kgs 8:47 word 15","Hebrew","no","mapped","Regression test only"
"1644","HC/Vhp1cs/Sp3mp","4","Jer 30:3 word 15","Hebrew","no","mapped","Regression test only"
"1645","HC/Vhp3ms/Sp3ms","4","2Kgs 6:10 word 11","Hebrew","no","mapped","Regression test only"
"1646","HC/Vhq3cp/Sp2ms","4","Deut 28:2 word 6","Hebrew","no","mapped","Regression test only"
"1647","HC/Vhq3cp/Sp3mp","4","Lev 17:5 word 14","Hebrew","no","mapped","Regression test only"
"1648","HC/Vhv2mp/Sp3fs","4","2Sam 14:30 word 14","Hebrew","no","mapped","Regression test only"
"1649","HC/Vhv2mp/Sp3ms","4","1Kgs 21:10 word 12","Hebrew","no","mapped","Regression test only"
"1650","HC/Vhv2ms/Sp3ms","4","Gen 22:2 word 17","Hebrew","no","mapped","Regression test only"
"1651","HC/Vhw2ms/Sp1cs","4","Job 2:3 word 24","Hebrew","no","mapped","Regression test only"
"1652","HC/Vhw3ms/Sp2ms","4","Deut 4:37 word 9","Hebrew","no","mapped","Regression test only"
"1653","HC/VNsmsa","4","Esth 3:12 word 38","Hebrew","no","mapped","Regression test only"
"1654","HC/VNw1cs/Sh","4","Job 1:15 word 9","Hebrew","no","mapped","Regression test only"
"1655","HC/Voq1cs","4","2Sam 7:13 word 5","Hebrew","no","mapped","Regression test only"
"1656","HC/Vow3ms","4","2Sam 1:17 word 1","Hebrew","no","mapped","Regression test only"
"1657","HC/Vpi1cp","4","Gen 19:32 word 8","Hebrew","no","mapped","Regression test only"
"1658","HC/Vpi1cs/Sp3mp","4","Gen 48:9 word 16","Hebrew","no","mapped","Regression test only"
"1659","HC/Vpi2ms/Sp1cs","4","Ps 31:4 word 8","Hebrew","no","mapped","Regression test only"
"1660","HC/Vpi3ms/Sp3ms","4","Neh 3:15 word 14","Hebrew","no","mapped","Regression test only"
"1661","HC/Vpp1cs/Sp3mp","4","Neh 13:30 word 1","Hebrew","no","mapped","Regression test only"
"1662","HC/Vpq1cs/Sp2fs","4","Ezek 22:15 word 4","Hebrew","no","mapped","Regression test only"
"1663","HC/Vpw1cs/Sp3ms","4","Gen 27:33 word 19","Hebrew","no","mapped","Regression test only"
"1664","HC/Vpw2mp","4","Prov 1:24 word 3","Hebrew","no","mapped","Regression test only"
"1665","HC/Vpw3ms/Sp1cs","4","Gen 30:27 word 10","Hebrew","no","mapped","Regression test only"
"1666","HC/Vqi1cp/Sp2ms","4","1Sam 11:1 word 17","Hebrew","no","mapped","Regression test only"
"1667","HC/Vqi3ms/Sp2ms","4","Gen 49:25 word 3","Hebrew","no","mapped","Regression test only"
"1668","HC/Vqp1cs/Sp2ms","4","Jer 15:21 word 4","Hebrew","no","mapped","Regression test only"
"1669","HC/Vqrmsc/Sp2fs","4","Isa 41:14 word 11","Hebrew","no","mapped","Regression test only"
"1670","HC/Vqrmsc/Sp2ms","4","Isa 22:17 word 6","Hebrew","no","mapped","Regression test only"
"1671","HC/Vqsmpc/Sp3ms","4","Num 2:6 word 2","Hebrew","no","mapped","Regression test only"
"1672","HC/Vqv2fp","4","Ruth 1:9 word 4","Hebrew","no","mapped","Regression test only"
"1673","HC/Vqv2mp/Sp3fs","4","Gen 1:28 word 12","Hebrew","no","mapped","Regression test only"
"1674","HC/Vqw1cs/Sp3fs","4","Gen 48:7 word 15","Hebrew","no","mapped","Regression test only"
"1675","HC/Vqw3fs/Sp1cs","4","Num 22:33 word 1","Hebrew","no","mapped","Regression test only"
"1676","HC/Vtw1cs/Sh","4","2Sam 22:24 word 4","Hebrew","no","mapped","Regression test only"
"1677","HC/Vvq2ms","4","Deut 4:19 word 16","Hebrew","no","mapped","Regression test only"
"1678","HNcmdc/Sp2fs","4","Song 4:5 word 2","Hebrew","no","mapped","Regression test only"
"1679","HNcmsc/Sp2fp","4","Gen 31:5 word 7","Hebrew","yes","mapped","Already covered"
"1680","HR/Aafpa","4","Neh 4:7 word 2","Hebrew","no","mapped","Regression test only"
"1681","HR/Aampc/Sp1cp","4","Ps 44:14 word 3","Hebrew","no","mapped","Regression test only"
"1682","HR/Aampc/Sp1cs","4","Lev 10:3 word 10","Hebrew","no","mapped","Regression test only"
"1683","HR/Aamsc/Sp1cs","4","Ps 89:4 word 3","Hebrew","no","mapped","Regression test only"
"1684","HR/Acbsc","4","Exod 38:27 word 14","Hebrew","yes","mapped","Already covered"
"1685","HR/Acfda","4","1Sam 18:21 word 16","Hebrew","no","mapped","Regression test only"
"1686","HR/Acmdc/Sp3mp","4","Exod 26:24 word 14","Hebrew","no","mapped","Regression test only"
"1687","HR/Acmsc/Sp3fp","4","Ezek 1:10 word 13","Hebrew","no","mapped","Regression test only"
"1688","HR/Aobpc","4","Exod 26:8 word 13","Hebrew","no","mapped","Regression test only"
"1689","HR/D/Sp1cs","4","Gen 48:15 word 15","Hebrew","no","mapped","Regression test only"
"1690","HR/Td/Ngmsa","4","2Sam 21:20 word 21","Hebrew","no","mapped","Regression test only"
"1691","HR/Vha","4","2Chr 11:12 word 7","Hebrew","no","mapped","Regression test only"
"1692","HR/Vhrmsc","4","Ps 37:7 word 7","Hebrew","no","mapped","Regression test only"
"1693","HR/VNrmpc","4","Ps 34:19 word 3","Hebrew","no","mapped","Regression test only"
"1694","HR/Vprmsa","4","Gen 19:14 word 20","Hebrew","no","mapped","Regression test only"
"1695","HR/Vrc","4","Gen 43:18 word 16","Hebrew","no","mapped","Regression test only"
"1696","HRd/Acbpa","4","Exod 34:7 word 3","Hebrew","no","mapped","Regression test only"
"1697","HRd/Acmsa","4","Exod 16:22 word 9","Hebrew","no","mapped","Regression test only"
"1698","HRd/Ncmsa/Sd","4","Josh 15:21 word 10","Hebrew","no","mapped","Regression test only"
"1699","HRd/Vhrmpa","4","Job 33:22 word 5","Hebrew","no","mapped","Regression test only"
"1700","HTd/Acmda","4","1Chr 25:19 word 1","Hebrew","no","mapped","Regression test only"
"1701","HTd/Ncfpc","4","1Kgs 14:24 word 7","Hebrew","no","mapped","Regression test only"
"1702","HTd/Ncmsa/Sh","4","Gen 43:16 word 13","Hebrew","no","mapped","Regression test only"
"1703","HTd/VNp3ms","4","Gen 21:3 word 6","Hebrew","no","mapped","Regression test only"
"1704","HTd/VNsmsa","4","2Kgs 22:7 word 6","Hebrew","no","mapped","Regression test only"
"1705","HTd/Vprfsa","4","Gen 35:17 word 6","Hebrew","no","mapped","Regression test only"
"1706","HTi/Ncbsc","4","Num 11:23 word 5","Hebrew","no","mapped","Regression test only"
"1707","HTi/R/Ncmsc","4","Gen 17:17 word 8","Hebrew","no","mapped","Regression test only"
"1708","HTi/R/Vqc","4","Isa 58:5 word 9","Hebrew","no","mapped","Regression test only"
"1709","HTi/VNi3ms","4","Gen 18:14 word 1","Hebrew","no","mapped","Regression test only"
"1710","HTi/Vpi2ms","4","Job 38:31 word 1","Hebrew","no","mapped","Regression test only"
"1711","HTi/VPi3ms","4","Job 37:20 word 1","Hebrew","no","mapped","Regression test only"
"1712","HTi/Vprmsa","4","Gen 18:17 word 3","Hebrew","no","mapped","Regression test only"
"1713","HTi/Vqp1cs","4","Judg 9:9 word 4","Hebrew","no","mapped","Regression test only"
"1714","HTj/Sp1cp","4","Josh 9:25 word 2","Hebrew","no","mapped","Regression test only"
"1715","HTm/Sp1cp","4","Gen 44:16 word 15","Hebrew","no","mapped","Regression test only"
"1716","HTm/Sp3ms","4","Deut 29:14 word 4","Hebrew","no","mapped","Regression test only"
"1717","HVhi3fp","4","Lev 7:30 word 2","Hebrew","yes","mapped","Already covered"
"1718","HVhi3mp/Sp3mp","4","1Chr 9:28 word 7","Hebrew","no","mapped","Regression test only"
"1719","HVhj3ms/Sp2ms","4","2Kgs 19:10 word 9","Hebrew","no","mapped","Regression test only"
"1720","HVhp2fs/Sp1cp","4","Josh 2:17 word 9","Hebrew","no","mapped","Regression test only"
"1721","HVHp2ms","4","Exod 26:30 word 6","Hebrew","no","mapped","Regression test only"
"1722","HVKp3cp","4","Isa 19:8 word 13","Hebrew","no","mapped","Regression test only"
"1723","HVKp3ms","4","Isa 16:8 word 4","Hebrew","no","mapped","Regression test only"
"1724","HVli3ms","4","Ps 112:5 word 5","Hebrew","no","mapped","Regression test only"
"1725","HVNrmsc","4","Exod 15:6 word 3","Hebrew","no","mapped","Regression test only"
"1726","HVoi2mp","4","Ps 62:4 word 3","Hebrew","no","mapped","Regression test only"
"1727","HVoi2ms","4","Job 17:4 word 8","Hebrew","no","mapped","Regression test only"
"1728","HVoi3fs","4","Ps 34:22 word 1","Hebrew","no","mapped","Regression test only"
"1729","HVpc/Sp3fs","4","Deut 22:29 word 18","Hebrew","no","mapped","Regression test only"
"1730","HVph1cp","4","Ps 2:3 word 1","Hebrew","no","mapped","Regression test only"
"1731","HVpi1cs/Sp2fs","4","Isa 16:9 word 8","Hebrew","no","mapped","Regression test only"
"1732","HVpi2mp/Sp1cs","4","Job 21:34 word 2","Hebrew","no","mapped","Regression test only"
"1733","HVpi2ms/Sp1cp","4","2Kgs 4:29 word 13","Hebrew","no","mapped","Regression test only"
"1734","HVpi2ms/Sp3fs","4","Gen 6:16 word 6","Hebrew","no","mapped","Regression test only"
"1735","HVpi3fs/Sp3mp","4","Prov 1:32 word 7","Hebrew","no","mapped","Regression test only"
"1736","HVpi3fs/Sp3ms","4","Ps 89:22 word 7","Hebrew","no","mapped","Regression test only"
"1737","HVpj2fs","4","2Sam 14:18 word 8","Hebrew","no","mapped","Regression test only"
"1738","HVpp1cs/Sp3fs","4","Ps 132:14 word 8","Hebrew","no","mapped","Regression test only"
"1739","HVPp2fs","4","Jer 3:2 word 8","Hebrew","no","mapped","Regression test only"
"1740","HVpp2ms/Sp1cp","4","Josh 1:16 word 7","Hebrew","no","mapped","Regression test only"
"1741","HVpp2ms/Sp3ms","4","Deut 33:8 word 8","Hebrew","no","mapped","Regression test only"
"1742","HVpp3cp/Sp2ms","4","Ps 45:9 word 10","Hebrew","no","mapped","Regression test only"
"1743","HVqc/Sp3fp","4","Ruth 1:19 word 4","Hebrew","no","mapped","Regression test only"
"1744","HVqi1cp/Sp1cp","4","Judg 9:28 word 10","Hebrew","no","mapped","Regression test only"
"1745","HVqi2mp/Sp1cs","4","Job 6:23 word 6","Hebrew","no","mapped","Regression test only"
"1746","HVqi2mp/Sp3mp","4","Lev 11:42 word 19","Hebrew","no","mapped","Regression test only"
"1747","HVqi3mp/Sp2fs","4","Isa 60:12 word 6","Hebrew","no","mapped","Regression test only"
"1748","HVqp2fp","4","Gen 31:6 word 2","Hebrew","no","mapped","Regression test only"
"1749","HVqp2ms/Sp3fs","4","Gen 38:23 word 14","Hebrew","no","mapped","Regression test only"
"1750","HVqp3cp/Sp3fs","4","Num 21:18 word 2","Hebrew","no","mapped","Regression test only"
"1751","HVqp3fs/Sp1cp","4","Num 20:14 word 18","Hebrew","no","mapped","Regression test only"
"1752","HVqp3fs/Sp2ms","4","Job 42:5 word 6","Hebrew","no","mapped","Regression test only"
"1753","HVQp3ms","4","Gen 44:28 word 7","Hebrew","no","mapped","Regression test only"
"1754","HVqsmpc/Sp3ms","4","Num 1:22 word 7","Hebrew","no","mapped","Regression test only"
"1755","HVtc/Sp3mp","4","1Chr 7:5 word 10","Hebrew","no","mapped","Regression test only"
"1756","HVtp1cp","4","Josh 9:12 word 4","Hebrew","no","mapped","Regression test only"
"1757","HVup3cp","4","Num 1:47 word 5","Hebrew","yes","mapped","Already covered"
"1758","HVvrmpa","4","Gen 37:9 word 19","Hebrew","no","mapped","Regression test only"
"1759","HVvv2mp","4","1Chr 16:29 word 9","Hebrew","yes","mapped","Already covered"
"1760","AAafsd/Td","3","Ezra 4:12 word 14","Aramaic","yes","mapped","Already covered"
"1761","AAampd/Td","3","Dan 2:30 word 9","Aramaic","yes","mapped","Already covered"
"1762","AAcfpa","3","Dan 3:1 word 9","Aramaic","no","mapped","Regression test only"
"1763","AAofsd/Td","3","Dan 7:19 word 6","Aramaic","no","mapped","Regression test only"
"1764","AAomsd/Td","3","Dan 3:25 word 18","Aramaic","no","mapped","Regression test only"
"1765","AC/Aamsc","3","Dan 2:48 word 15","Aramaic","no","mapped","Regression test only"
"1766","AC/Ncfpc/Sp2ms","3","Dan 4:24 word 11","Aramaic","no","mapped","Regression test only"
"1767","AC/Ncfpc/Sp3mp","3","Ezra 7:17 word 11","Aramaic","no","mapped","Regression test only"
"1768","AC/Ncfpd/Td","3","Dan 2:41 word 4","Aramaic","no","mapped","Regression test only"
"1769","AC/Ncmsc/Sp1cs","3","Dan 4:31 word 8","Aramaic","no","mapped","Regression test only"
"1770","AC/Pp3ms","3","Ezra 5:8 word 11","Aramaic","no","mapped","Regression test only"
"1771","AC/R/Ncfsc","3","Dan 4:31 word 1","Aramaic","no","mapped","Regression test only"
"1772","AC/R/Sp3fp","3","Dan 2:33 word 10","Aramaic","no","mapped","Regression test only"
"1773","AC/R/Sp3ms","3","Dan 4:9 word 17","Aramaic","no","mapped","Regression test only"
"1774","AC/Varmsa","3","Ezra 5:8 word 22","Aramaic","no","mapped","Regression test only"
"1775","AC/Vprmsa","3","Dan 2:23 word 5","Aramaic","no","mapped","Regression test only"
"1776","AC/Vqrmpc","3","Ezra 7:24 word 10","Aramaic","no","mapped","Regression test only"
"1777","AC/VQsfsa","3","Dan 2:9 word 11","Aramaic","no","mapped","Regression test only"
"1778","ANcmpc/Sp1cs","3","Dan 2:23 word 3","Aramaic","no","mapped","Regression test only"
"1779","ANcmsc/Sp3fs","3","Dan 7:6 word 15","Aramaic","no","mapped","Regression test only"
"1780","ANgmpa","3","Dan 3:8 word 8","Aramaic","no","mapped","Regression test only"
"1781","APdxbp","3","Dan 2:40 word 18","Aramaic","yes","mapped","Already covered"
"1782","AR/Ncfpa","3","Ezra 4:10 word 10","Aramaic","no","mapped","Regression test only"
"1783","AR/Ncmpc/Sp3ms","3","Dan 2:7 word 7","Aramaic","no","mapped","Regression test only"
"1784","AR/Pfxcs","3","Ezra 6:8 word 4","Aramaic","no","mapped","Regression test only"
"1785","AR/Sp2mp","3","Ezra 5:3 word 17","Aramaic","no","mapped","Regression test only"
"1786","ATi/Tn","3","Dan 3:24 word 10","Aramaic","no","mapped","Regression test only"
"1787","AVhi2mp/Sp1cs","3","Dan 2:5 word 11","Aramaic","no","mapped","Regression test only"
"1788","AVhp2ms","3","Dan 3:12 word 30","Aramaic","no","mapped","Regression test only"
"1789","AVMi3fs","3","Dan 2:44 word 12","Aramaic","no","mapped","Regression test only"
"1790","AVpi3mp/Sp1cs","3","Dan 4:2 word 9","Aramaic","no","mapped","Regression test only"
"1791","AVpp2ms","3","Dan 3:12 word 5","Aramaic","no","mapped","Regression test only"
"1792","AVprmpa","3","Ezra 5:2 word 20","Aramaic","no","mapped","Regression test only"
"1793","AVqi1cp","3","Ezra 5:10 word 7","Aramaic","no","mapped","Regression test only"
"1794","AVqi3ms/Sp3fs","3","Dan 4:14 word 22","Aramaic","no","mapped","Regression test only"
"1795","AVqp3ms/Sp3ms","3","Ezra 5:11 word 24","Aramaic","no","mapped","Regression test only"
"1796","AVqrfpa","3","Dan 5:6 word 13","Aramaic","no","mapped","Regression test only"
"1797","AVqrmpc","3","Ezra 7:25 word 20","Aramaic","no","mapped","Regression test only"
"1798","AVup3ms","3","Dan 2:35 word 20","Aramaic","no","mapped","Regression test only"
"1799","AVurmsa","3","Ezra 5:8 word 12","Aramaic","no","mapped","Regression test only"
"1800","HAcmdc/Sp1cp","3","Gen 31:37 word 18","Hebrew","no","mapped","Regression test only"
"1801","HAcmsc/Sp3mp","3","Num 12:4 word 16","Hebrew","no","mapped","Regression test only"
"1802","HC/Acbpc/Sp3ms","3","2Kgs 1:9 word 5","Hebrew","no","mapped","Regression test only"
"1803","HC/Aompa","3","Gen 6:16 word 14","Hebrew","no","mapped","Regression test only"
"1804","HC/Ncfsc/Sp2mp","3","Deut 4:6 word 6","Hebrew","no","mapped","Regression test only"
"1805","HC/Ncmda","3","Lev 11:35 word 8","Hebrew","no","mapped","Regression test only"
"1806","HC/Np/Sp3mp","3","Deut 7:5 word 10","Hebrew","no","mapped","Regression test only"
"1807","HC/Pp3fp","3","2Sam 4:6 word 1","Hebrew","no","mapped","Regression test only"
"1808","HC/R/Aamsc","3","Ps 89:19 word 4","Hebrew","no","mapped","Regression test only"
"1809","HC/R/Acbpa","3","1Sam 29:2 word 5","Hebrew","no","mapped","Regression test only"
"1810","HC/R/Ncbpc/Sp2ms","3","Gen 4:14 word 8","Hebrew","no","mapped","Regression test only"
"1811","HC/R/Ncbpc/Sp3ms","3","Job 21:33 word 9","Hebrew","no","mapped","Regression test only"
"1812","HC/R/Ncfdc/Sp2ms","3","Ezek 3:10 word 13","Hebrew","no","mapped","Regression test only"
"1813","HC/R/Ncfpc/Sp1cs","3","Gen 31:28 word 5","Hebrew","no","mapped","Regression test only"
"1814","HC/R/Ncfsc/Sp3fs","3","Gen 24:53 word 13","Hebrew","no","mapped","Regression test only"
"1815","HC/R/Ncmpc/Sp3fp","3","Gen 4:4 word 7","Hebrew","no","mapped","Regression test only"
"1816","HC/R/Ncmsc/Sp2mp","3","Gen 47:24 word 12","Hebrew","no","mapped","Regression test only"
"1817","HC/R/VNc/Sp3mp","3","Ezek 1:21 word 5","Hebrew","no","mapped","Regression test only"
"1818","HC/R/VNc/Sp3ms","3","Num 9:22 word 18","Hebrew","no","mapped","Regression test only"
"1819","HC/R/Vvc","3","Judg 2:19 word 12","Hebrew","no","mapped","Regression test only"
"1820","HC/Td/Ncmda","3","1Kgs 7:49 word 13","Hebrew","no","mapped","Regression test only"
"1821","HC/Td/VNsfpa","3","Ezek 36:35 word 10","Hebrew","no","mapped","Regression test only"
"1822","HC/Td/Vprmsa","3","Lev 16:26 word 1","Hebrew","no","mapped","Regression test only"
"1823","HC/Ti/Sp3ms","3","Exod 2:20 word 4","Hebrew","no","mapped","Regression test only"
"1824","HC/Tj/Sp1cs","3","Gen 6:13 word 14","Hebrew","no","mapped","Regression test only"
"1825","HC/Tn/Sp1cs","3","Job 7:8 word 7","Hebrew","no","mapped","Regression test only"
"1826","HC/To/Sp2mp","3","Lev 26:33 word 1","Hebrew","no","mapped","Regression test only"
"1827","HC/To/Sp3mp","3","Lev 14:11 word 7","Hebrew","no","mapped","Regression test only"
"1828","HC/VHa","3","Lev 19:20 word 12","Hebrew","no","mapped","Regression test only"
"1829","HC/Vhi1cp/Sp3mp","3","1Sam 11:12 word 12","Hebrew","no","mapped","Regression test only"
"1830","HC/Vhi2ms/Sp3mp","3","Neh 9:28 word 17","Hebrew","no","mapped","Regression test only"
"1831","HC/Vhi3fs/Sp2ms","3","Job 12:7 word 5","Hebrew","no","mapped","Regression test only"
"1832","HC/Vhi3ms/Sp1cs","3","1Sam 26:24 word 13","Hebrew","no","mapped","Regression test only"
"1833","HC/Vhi3ms/Sp2ms","3","Deut 32:7 word 10","Hebrew","no","mapped","Regression test only"
"1834","HC/Vhj3ms/Sp2ms","3","Gen 28:3 word 5","Hebrew","no","mapped","Regression test only"
"1835","HC/Vhp2ms/Sp3ms","3","2Kgs 9:2 word 11","Hebrew","no","mapped","Regression test only"
"1836","HC/Vhq1cs/Sp2fs","3","Ezek 16:41 word 10","Hebrew","no","mapped","Regression test only"
"1837","HC/Vhq2ms/Sp1cs","3","Gen 40:14 word 12","Hebrew","no","mapped","Regression test only"
"1838","HC/Vhq2ms/Sp3ms","3","Deut 22:2 word 18","Hebrew","no","mapped","Regression test only"
"1839","HC/Vhv2ms/Sp1cp","3","1Chr 16:35 word 6","Hebrew","no","mapped","Regression test only"
"1840","HC/Vhv2ms/Sp3fs","3","2Kgs 18:25 word 16","Hebrew","no","mapped","Regression test only"
"1841","HC/Vhv2ms/Sp3mp","3","Ps 59:12 word 8","Hebrew","no","mapped","Regression test only"
"1842","HC/Vhw2ms/Sp3mp","3","Neh 9:23 word 5","Hebrew","no","mapped","Regression test only"
"1843","HC/Vhw3fp","3","Gen 19:33 word 1","Hebrew","no","mapped","Regression test only"
"1844","HC/VHw3fs","3","2Kgs 11:16 word 10","Hebrew","no","mapped","Regression test only"
"1845","HC/Vlq1cs","3","Gen 45:11 word 1","Hebrew","no","mapped","Regression test only"
"1846","HC/Vmi3mp","3","Ps 59:7 word 5","Hebrew","no","mapped","Regression test only"
"1847","HC/VNj3mp","3","Prov 16:3 word 5","Hebrew","no","mapped","Regression test only"
"1848","HC/VNj3ms","3","Lev 9:6 word 9","Hebrew","no","mapped","Regression test only"
"1849","HC/VNp2ms","3","Gen 24:8 word 7","Hebrew","no","mapped","Regression test only"
"1850","HC/VNq1cp","3","Exod 33:16 word 13","Hebrew","no","mapped","Regression test only"
"1851","HC/VNsfsa","3","Jer 48:19 word 9","Hebrew","no","mapped","Regression test only"
"1852","HC/VNw2mp","3","Deut 1:27 word 1","Hebrew","no","mapped","Regression test only"
"1853","HC/Voq3ms","3","2Kgs 21:6 word 5","Hebrew","no","mapped","Regression test only"
"1854","HC/Vpc","3","Eccl 7:25 word 6","Hebrew","no","mapped","Regression test only"
"1855","HC/Vpi3ms/Sp2ms","3","Gen 49:25 word 6","Hebrew","no","mapped","Regression test only"
"1856","HC/Vpj3mp","3","2Kgs 2:16 word 14","Hebrew","no","mapped","Regression test only"
"1857","HC/Vpq1cp","3","Gen 37:26 word 11","Hebrew","no","mapped","Regression test only"
"1858","HC/Vpq2ms/Sp1cs","3","1Sam 20:5 word 14","Hebrew","no","mapped","Regression test only"
"1859","HC/Vpq3cp/Sp2fs","3","Ezek 5:17 word 6","Hebrew","no","mapped","Regression test only"
"1860","HC/Vpq3cp/Sp3fs","3","2Kgs 3:25 word 9","Hebrew","no","mapped","Regression test only"
"1861","HC/Vprmpc","3","Ps 38:21 word 1","Hebrew","no","mapped","Regression test only"
"1862","HC/Vprmpc/Sp3ms","3","Deut 33:11 word 10","Hebrew","no","mapped","Regression test only"
"1863","HC/Vprmsc/Sp3ms","3","Exod 33:11 word 16","Hebrew","no","mapped","Regression test only"
"1864","HC/VPsmpa","3","Josh 9:4 word 14","Hebrew","no","mapped","Regression test only"
"1865","HC/VPsmpc/Sp3ms","3","2Kgs 10:11 word 11","Hebrew","no","mapped","Regression test only"
"1866","HC/Vpv2fs","3","1Kgs 1:12 word 6","Hebrew","no","mapped","Regression test only"
"1867","HC/Vpv2ms/Sp3ms","3","Deut 3:28 word 4","Hebrew","no","mapped","Regression test only"
"1868","HC/Vpw1cs/Sp2ms","3","Ps 81:8 word 3","Hebrew","no","mapped","Regression test only"
"1869","HC/Vpw1cs/Sp3mp","3","Deut 9:17 word 8","Hebrew","no","mapped","Regression test only"
"1870","HC/Vpw2ms/Sp3ms","3","Job 14:20 word 6","Hebrew","no","mapped","Regression test only"
"1871","HC/Vqh1cp/Sp3ms","3","Gen 37:20 word 3","Hebrew","no","mapped","Regression test only"
"1872","HC/Vqi1cs/Sp3fs","3","Neh 2:5 word 19","Hebrew","no","mapped","Regression test only"
"1873","HC/Vqi3ms/Sp3mp","3","Ps 55:20 word 3","Hebrew","no","mapped","Regression test only"
"1874","HC/Vqp1cp/Sp3ms","3","Judg 16:2 word 20","Hebrew","no","mapped","Regression test only"
"1875","HC/Vqp1cs/Sp3fs","3","2Kgs 19:25 word 8","Hebrew","no","mapped","Regression test only"
"1876","HC/Vqq2fp","3","Exod 1:16 word 5","Hebrew","no","mapped","Regression test only"
"1877","HC/Vqq3cp/Sp1cs","3","Gen 20:11 word 11","Hebrew","no","mapped","Regression test only"
"1878","HC/Vqrmpc/Sp2mp","3","Deut 29:9 word 11","Hebrew","no","mapped","Regression test only"
"1879","HC/Vqrmpc/Sp2ms","3","Num 24:9 word 9","Hebrew","no","mapped","Regression test only"
"1880","HC/Vqrmpc/Sp3fp","3","2Kgs 19:26 word 1","Hebrew","no","mapped","Regression test only"
"1881","HC/Vqrmsc/Sp3fs","3","Isa 22:11 word 12","Hebrew","no","mapped","Regression test only"
"1882","HC/Vqsfsc","3","Gen 31:39 word 11","Hebrew","no","mapped","Regression test only"
"1883","HC/Vqv2mp/Sp3ms","3","1Sam 7:3 word 25","Hebrew","no","mapped","Regression test only"
"1884","HC/Vqv2ms/Sp1cp","3","Josh 10:6 word 19","Hebrew","no","mapped","Regression test only"
"1885","HC/Vqv2ms/Sp3fs","3","2Sam 11:25 word 24","Hebrew","no","mapped","Regression test only"
"1886","HC/Vqv2ms/Sp3mp","3","Neh 3:36 word 10","Hebrew","no","mapped","Regression test only"
"1887","HC/Vqw2fs/Sp3mp","3","Ezek 16:20 word 9","Hebrew","no","mapped","Regression test only"
"1888","HC/Vqw3mp/Sn","3","Judg 8:1 word 17","Hebrew","no","mapped","Regression test only"
"1889","HC/Vqw3ms/Sp1cp","3","Josh 24:17 word 20","Hebrew","no","mapped","Regression test only"
"1890","HC/Vrv2mp","3","Isa 46:8 word 3","Hebrew","no","mapped","Regression test only"
"1891","HC/Vrw3mp","3","Gen 25:22 word 1","Hebrew","no","mapped","Regression test only"
"1892","HC/Vrw3ms","3","1Sam 21:14 word 5","Hebrew","no","mapped","Regression test only"
"1893","HC/Vti3fs","3","Num 24:7 word 10","Hebrew","no","mapped","Regression test only"
"1894","HC/Vtp3cp","3","1Sam 31:4 word 14","Hebrew","no","mapped","Regression test only"
"1895","HC/Vtq2ms","3","Deut 22:1 word 10","Hebrew","no","mapped","Regression test only"
"1896","HC/Vvw3ms","3","Gen 43:28 word 8","Hebrew","no","mapped","Regression test only"
"1897","HD/Sp2ms","3","Gen 46:30 word 12","Hebrew","no","mapped","Regression test only"
"1898","HNcbsa/Sh","3","1Sam 3:19 word 10","Hebrew","no","mapped","Regression test only"
"1899","HPdxcs","3","Judg 6:20 word 13","Hebrew","yes","mapped","Already covered"
"1900","HPf","3","Ruth 4:1 word 16","Hebrew","yes","mapped","Already covered"
"1901","HR/Aampc/Sp2ms","3","Ps 31:20 word 6","Hebrew","no","mapped","Regression test only"
"1902","HR/Aamsc/Sp3ms","3","Exod 14:27 word 11","Hebrew","no","mapped","Regression test only"
"1903","HR/Ncbda","3","Num 10:31 word 14","Hebrew","no","mapped","Regression test only"
"1904","HR/Ncbdc/Sp2fs","3","Gen 16:6 word 11","Hebrew","no","mapped","Regression test only"
"1905","HR/Ncbdc/Sp3fp","3","Esth 1:17 word 10","Hebrew","no","mapped","Regression test only"
"1906","HR/Ncbsc/Sp2fp","3","Ezek 13:21 word 7","Hebrew","no","mapped","Regression test only"
"1907","HR/Ncmdc/Sp3mp","3","1Kgs 20:32 word 3","Hebrew","no","mapped","Regression test only"
"1908","HR/Ngmsa","3","1Sam 15:15 word 3","Hebrew","no","mapped","Regression test only"
"1909","HR/R/Ncbpc/Sp2mp","3","Deut 11:23 word 7","Hebrew","no","mapped","Regression test only"
"1910","HR/R/R","3","Exod 20:20 word 8","Hebrew","no","mapped","Regression test only"
"1911","HR/Vhrfsa","3","1Chr 21:12 word 13","Hebrew","no","mapped","Regression test only"
"1912","HR/Vlc","3","1Kgs 4:7 word 19","Hebrew","no","mapped","Regression test only"
"1913","HR/Voc","3","Ps 109:16 word 13","Hebrew","no","mapped","Regression test only"
"1914","HR/Vpc/Sp1cp","3","Exod 13:15 word 5","Hebrew","no","mapped","Regression test only"
"1915","HR/Vqrmsc/Sp1cs","3","2Sam 22:18 word 2","Hebrew","no","mapped","Regression test only"
"1916","HRd/Acbsa","3","Judg 20:10 word 4","Hebrew","no","mapped","Regression test only"
"1917","HRd/Vprfpa","3","Exod 1:15 word 4","Hebrew","no","mapped","Regression test only"
"1918","HRd/Vqsmpa","3","Num 11:26 word 15","Hebrew","no","mapped","Regression test only"
"1919","HTd/Aompa","3","1Kgs 6:8 word 15","Hebrew","no","mapped","Regression test only"
"1920","HTd/Vhrfsa","3","Isa 23:8 word 6","Hebrew","no","mapped","Regression test only"
"1921","HTd/VPsfsa","3","Deut 22:25 word 8","Hebrew","no","mapped","Regression test only"
"1922","HTd/Vqrmsc","3","Ps 114:8 word 1","Hebrew","no","mapped","Regression test only"
"1923","HTi/Ncbsa","3","Num 11:22 word 1","Hebrew","no","mapped","Regression test only"
"1924","HTi/Ncfsa","3","Gen 27:38 word 5","Hebrew","no","mapped","Regression test only"
"1925","HTi/Ncmpa","3","2Kgs 5:7 word 10","Hebrew","no","mapped","Regression test only"
"1926","HTi/Np","3","1Sam 14:45 word 5","Hebrew","no","mapped","Regression test only"
"1927","HTi/Pp1cs","3","Num 11:12 word 1","Hebrew","no","mapped","Regression test only"
"1928","HTi/R/D","3","2Kgs 1:3 word 15","Hebrew","no","mapped","Regression test only"
"1929","HTi/R/R","3","2Kgs 18:25 word 2","Hebrew","no","mapped","Regression test only"
"1930","HTi/Sp3ms","3","2Kgs 19:13 word 1","Hebrew","no","mapped","Regression test only"
"1931","HTi/Vhi1cs","3","Judg 20:23 word 12","Hebrew","no","mapped","Regression test only"
"1932","HTi/Vhp3cp","3","2Kgs 19:12 word 1","Hebrew","no","mapped","Regression test only"
"1933","HTi/Vqi3ms/Sp2ms","3","Num 11:23 word 10","Hebrew","no","mapped","Regression test only"
"1934","HTi/Vqrmsc","3","Gen 18:25 word 15","Hebrew","no","mapped","Regression test only"
"1935","HTj/Sp1cs","3","Gen 9:9 word 2","Hebrew","no","mapped","Regression test only"
"1936","HTr/Ncmsa","3","Job 19:29 word 11","Hebrew","no","mapped","Regression test only"
"1937","HTr/Vhp3ms","3","2Chr 29:36 word 6","Hebrew","no","mapped","Regression test only"
"1938","HTr/Vqi3fs","3","Song 2:7 word 16","Hebrew","no","mapped","Regression test only"
"1939","HVHa","3","Josh 9:24 word 6","Hebrew","no","mapped","Regression test only"
"1940","HVHc","3","Gen 40:20 word 5","Hebrew","no","mapped","Regression test only"
"1941","HVhc/Sp1cp","3","Deut 2:30 word 6","Hebrew","no","mapped","Regression test only"
"1942","HVHc/Sp3fs","3","Lev 26:34 word 8","Hebrew","no","mapped","Regression test only"
"1943","HVhi1cs/Sp2fs","3","1Sam 19:17 word 21","Hebrew","no","mapped","Regression test only"
"1944","HVHi2ms/Sp3mp","3","Exod 20:5 word 5","Hebrew","no","mapped","Regression test only"
"1945","HVhi3fs/Sp1cs","3","Ps 18:36 word 8","Hebrew","no","mapped","Regression test only"
"1946","HVhp1cs/Sp2fs","3","Isa 60:10 word 9","Hebrew","no","mapped","Regression test only"
"1947","HVhp1cs/Sp3fs","3","2Kgs 19:25 word 10","Hebrew","no","mapped","Regression test only"
"1948","HVhrmpc/Sp1cs","3","Job 16:20 word 1","Hebrew","no","mapped","Regression test only"
"1949","HVhrmsc/Sp1cs","3","2Sam 22:3 word 10","Hebrew","no","mapped","Regression test only"
"1950","HVhv2mp/Sp3fs","3","Gen 38:24 word 16","Hebrew","no","mapped","Regression test only"
"1951","HVhv2mp/Sp3ms","3","Gen 44:21 word 4","Hebrew","no","mapped","Regression test only"
"1952","HVjp3cp","3","Job 16:16 word 3","Hebrew","yes","mapped","Already covered"
"1953","HVlp3ms","3","2Sam 19:33 word 8","Hebrew","no","mapped","Regression test only"
"1954","HVmi3mp","3","Ps 102:15 word 8","Hebrew","no","mapped","Regression test only"
"1955","HVmp2ms","3","Ps 74:13 word 2","Hebrew","no","mapped","Regression test only"
"1956","HVmrmpa","3","Deut 18:14 word 9","Hebrew","no","mapped","Regression test only"
"1957","HVNc/Sp3mp","3","Gen 5:2 word 11","Hebrew","no","mapped","Regression test only"
"1958","HVNi2mp/Sn","3","Deut 4:26 word 27","Hebrew","no","mapped","Regression test only"
"1959","HVNj3fs","3","Num 21:27 word 7","Hebrew","no","mapped","Regression test only"
"1960","HVoi1cs/Sp2ms","3","Ps 30:2 word 1","Hebrew","no","mapped","Regression test only"
"1961","HVoi3ms/Sp3fs","3","Ps 24:2 word 8","Hebrew","no","mapped","Regression test only"
"1962","HVOp1cs","3","Ps 51:7 word 3","Hebrew","no","mapped","Regression test only"
"1963","HVop2ms","3","Ps 8:4 word 9","Hebrew","no","mapped","Regression test only"
"1964","HVorfpa","3","2Chr 16:9 word 4","Hebrew","no","mapped","Regression test only"
"1965","HVov2mp","3","Ps 99:5 word 1","Hebrew","no","mapped","Regression test only"
"1966","HVph1cs/Sp2ms","3","Ps 22:23 word 6","Hebrew","no","mapped","Regression test only"
"1967","HVpi1cs/Sp2mp","3","Job 16:5 word 1","Hebrew","no","mapped","Regression test only"
"1968","HVpi3mp/Sp3mp","3","Exod 15:5 word 2","Hebrew","no","mapped","Regression test only"
"1969","HVPp1cp","3","Jer 4:13 word 12","Hebrew","no","mapped","Regression test only"
"1970","HVpp2fs/Sp1cs","3","1Sam 19:17 word 7","Hebrew","no","mapped","Regression test only"
"1971","HVPp2mp","3","Isa 51:1 word 10","Hebrew","no","mapped","Regression test only"
"1972","HVPp2ms","3","Gen 3:19 word 11","Hebrew","no","mapped","Regression test only"
"1973","HVpp3cp/Sp3mp","3","Gen 26:15 word 10","Hebrew","no","mapped","Regression test only"
"1974","HVqi3fs/Sp3fs","3","Job 39:15 word 4","Hebrew","no","mapped","Regression test only"
"1975","HVqi3ms/Sp2fs","3","Ruth 3:13 word 6","Hebrew","no","mapped","Regression test only"
"1976","HVqj3fs/Sp1cs","3","Ps 36:12 word 2","Hebrew","no","mapped","Regression test only"
"1977","HVQj3ms","3","Gen 18:4 word 1","Hebrew","no","mapped","Regression test only"
"1978","HVqp1cp/Sp3fs","3","Job 5:27 word 3","Hebrew","no","mapped","Regression test only"
"1979","HVqp2fs/Sp1cs","3","1Sam 25:33 word 6","Hebrew","no","mapped","Regression test only"
"1980","HVqp2ms/Sp3ms","3","Deut 22:2 word 7","Hebrew","no","mapped","Regression test only"
"1981","HVqp3cp/Sn","3","Deut 8:3 word 10","Hebrew","no","mapped","Regression test only"
"1982","HVqrfpc","3","Isa 61:4 word 4","Hebrew","no","mapped","Regression test only"
"1983","HVqrfpc/Sp2fs","3","Isa 51:19 word 3","Hebrew","no","mapped","Regression test only"
"1984","HVqrfsc/Sp1cs","3","Song 3:4 word 19","Hebrew","no","mapped","Regression test only"
"1985","HVqrfsc/Sp3ms","3","Deut 27:23 word 4","Hebrew","no","mapped","Regression test only"
"1986","HVqsmpc/Sp3fs","3","Prov 7:26 word 7","Hebrew","no","mapped","Regression test only"
"1987","HVQsmsa","3","Exod 3:2 word 16","Hebrew","yes","mapped","Already covered"
"1988","HVqv2mp/Sp3fs","3","2Kgs 9:33 word 3","Hebrew","no","mapped","Regression test only"
"1989","HVqv2mp/Sp3mp","3","1Kgs 20:18 word 5","Hebrew","no","mapped","Regression test only"
"1990","HVri2mp","3","Deut 14:1 word 6","Hebrew","no","mapped","Regression test only"
"1991","HVrp3cp","3","Ps 76:6 word 1","Hebrew","no","mapped","Regression test only"
"1992","HVrp3fs","3","Isa 24:19 word 2","Hebrew","no","mapped","Regression test only"
"1993","HVrrfsa","3","Job 20:27 word 5","Hebrew","no","mapped","Regression test only"
"1994","HVrv2fs","3","Ps 60:10 word 10","Hebrew","no","mapped","Regression test only"
"1995","HVta","3","Num 16:13 word 14","Hebrew","no","mapped","Regression test only"
"1996","HVth1cp","3","Exod 1:10 word 2","Hebrew","yes","mapped","Already covered"
"1997","HVti3mp/Sn","3","Job 9:6 word 5","Hebrew","no","mapped","Regression test only"
"1998","HVvi3ms","3","2Sam 15:32 word 7","Hebrew","no","mapped","Regression test only"
"1999","AAampc","2","Dan 7:18 word 3","Aramaic","no","mapped","Regression test only"
"2000","AAcmsc","2","Dan 4:26 word 3","Aramaic","no","mapped","Regression test only"
"2001","AAobsa","2","Ezra 6:15 word 6","Aramaic","no","mapped","Regression test only"
"2002","AAobsd","2","Dan 2:39 word 9","Aramaic","yes","mapped","Already covered"
"2003","AC/Aafsd/Td","2","Ezra 4:12 word 15","Aramaic","no","mapped","Regression test only"
"2004","AC/Aampa","2","Ezra 4:20 word 6","Aramaic","no","mapped","Regression test only"
"2005","AC/Acbpa","2","Dan 6:1 word 8","Aramaic","no","mapped","Regression test only"
"2006","AC/Ncfda","2","Dan 7:7 word 15","Aramaic","no","mapped","Regression test only"
"2007","AC/Ncmpc/Sp2ms","2","Dan 5:10 word 19","Aramaic","no","mapped","Regression test only"
"2008","AC/Pfxcs","2","Ezra 6:9 word 1","Aramaic","no","mapped","Regression test only"
"2009","AC/Pp1cs","2","Dan 2:30 word 1","Aramaic","no","mapped","Regression test only"
"2010","AC/Pp3fs","2","Dan 2:44 word 23","Aramaic","no","mapped","Regression test only"
"2011","AC/R/Ncmpa","2","Ezra 7:26 word 25","Aramaic","no","mapped","Regression test only"
"2012","AC/R/Ncmpc/Sp3ms","2","Dan 4:9 word 12","Aramaic","no","mapped","Regression test only"
"2013","AC/R/Ncmsd/Td","2","Dan 2:40 word 14","Aramaic","no","mapped","Regression test only"
"2014","AC/R/Prxcs","2","Dan 4:22 word 30","Aramaic","no","mapped","Regression test only"
"2015","AC/R/Sp3fs","2","Dan 2:42 word 14","Aramaic","no","mapped","Regression test only"
"2016","AC/R/Vhc","2","Ezra 7:15 word 1","Aramaic","no","mapped","Regression test only"
"2017","AC/R/Vqc/Sp3ms","2","Dan 4:32 word 7","Aramaic","no","mapped","Regression test only"
"2018","AC/To/Aamsd/Td","2","Dan 4:31 word 11","Aramaic","no","mapped","Regression test only"
"2019","AC/Vep3ms","2","Ezra 6:15 word 1","Aramaic","no","mapped","Regression test only"
"2020","AC/Vhp3fs","2","Dan 2:34 word 17","Aramaic","no","mapped","Regression test only"
"2021","AC/VHp3ms","2","Dan 6:24 word 11","Aramaic","no","mapped","Regression test only"
"2022","AC/Vpv2mp","2","Dan 4:11 word 7","Aramaic","no","mapped","Regression test only"
"2023","AC/Vqi2mp","2","Dan 3:5 word 16","Aramaic","no","mapped","Regression test only"
"2024","AC/Vqi2ms","2","Ezra 4:15 word 10","Aramaic","no","mapped","Regression test only"
"2025","AC/Vqi3fs","2","Dan 2:40 word 20","Aramaic","no","mapped","Regression test only"
"2026","AC/VQp3mp","2","Ezra 5:14 word 29","Aramaic","no","mapped","Regression test only"
"2027","AC/Vqrmpd/Td","2","Dan 4:4 word 8","Aramaic","yes","mapped","Already covered"
"2028","AC/Vqrmsc","2","Dan 2:29 word 12","Aramaic","no","mapped","Regression test only"
"2029","ANcfsc/Sp3fs","2","Dan 7:5 word 15","Aramaic","no","mapped","Regression test only"
"2030","ANgmpc/Sp1cs","2","Dan 2:10 word 3","Aramaic","no","mapped","Regression test only"
"2031","APf3cs","2","Dan 3:11 word 2","Aramaic","no","mapped","Regression test only"
"2032","APfxcs","2","Ezra 7:18 word 2","Aramaic","no","mapped","Regression test only"
"2033","APi","2","Ezra 5:4 word 5","Aramaic","no","mapped","Regression test only"
"2034","APrxcs","2","Dan 4:22 word 31","Aramaic","no","mapped","Regression test only"
"2035","AR/Ncfda","2","Dan 2:34 word 9","Aramaic","no","mapped","Regression test only"
"2036","AR/Ncfpc/Sp3mp","2","Ezra 6:18 word 3","Aramaic","no","mapped","Regression test only"
"2037","AR/Ncfpd/Td","2","Dan 7:7 word 23","Aramaic","no","mapped","Regression test only"
"2038","AR/Ncmpc/Sp3mp","2","Ezra 5:10 word 11","Aramaic","no","mapped","Regression test only"
"2039","AR/Ncmsc/Sp3mp","2","Dan 2:38 word 14","Aramaic","no","mapped","Regression test only"
"2040","AR/Pdxms","2","Dan 2:10 word 25","Aramaic","no","mapped","Regression test only"
"2041","AR/Sp3cs","2","Dan 5:21 word 34","Aramaic","yes","mapped","Already covered"
"2042","AR/Vec","2","Ezra 5:3 word 24","Aramaic","no","mapped","Regression test only"
"2043","AR/Vhc/Sp2ms","2","Ezra 5:10 word 5","Aramaic","no","mapped","Regression test only"
"2044","AR/Vhc/Sp3ms","2","Dan 6:4 word 17","Aramaic","no","mapped","Regression test only"
"2045","AR/Vqrmpc/Sp2ms","2","Dan 4:16 word 25","Aramaic","no","mapped","Regression test only"
"2046","AR/Vuc","2","Dan 2:25 word 3","Aramaic","no","mapped","Regression test only"
"2047","ATa/Sp1cp","2","Dan 3:18 word 11","Aramaic","no","mapped","Regression test only"
"2048","ATa/Sp2mp","2","Dan 3:14 word 12","Aramaic","no","mapped","Regression test only"
"2049","ATi/Ta/Sp2ms","2","Dan 2:26 word 8","Aramaic","no","mapped","Regression test only"
"2050","ATm","2","Dan 2:43 word 18","Aramaic","no","mapped","Regression test only"
"2051","ATo/Sp3mp","2","Ezra 5:2 word 21","Aramaic","no","mapped","Regression test only"
"2052","ATo/Sp3ms","2","Dan 6:17 word 19","Aramaic","no","mapped","Regression test only"
"2053","AVai3mp","2","Ezra 4:12 word 23","Aramaic","no","mapped","Regression test only"
"2054","AVai3ms","2","Dan 2:44 word 5","Aramaic","yes","mapped","Already covered"
"2055","AVarfsa","2","Dan 3:22 word 8","Aramaic","no","mapped","Regression test only"
"2056","AVarmpa","2","Dan 3:25 word 9","Aramaic","no","mapped","Regression test only"
"2057","AVarmsa","2","Dan 5:19 word 30","Aramaic","no","mapped","Regression test only"
"2058","AVhi1cp","2","Dan 2:7 word 9","Aramaic","no","mapped","Regression test only"
"2059","AVhi2mp","2","Ezra 7:25 word 26","Aramaic","no","mapped","Regression test only"
"2060","AVhi2ms","2","Ezra 7:16 word 5","Aramaic","no","mapped","Regression test only"
"2061","AVhi3fs","2","Dan 2:40 word 19","Aramaic","no","mapped","Regression test only"
"2062","AVhp1cs","2","Dan 2:25 word 12","Aramaic","no","mapped","Regression test only"
"2063","AVHp3mp","2","Dan 3:13 word 14","Aramaic","no","mapped","Regression test only"
"2064","AVHp3ms","2","Dan 5:13 word 3","Aramaic","no","mapped","Regression test only"
"2065","AVip3fs","2","Dan 2:45 word 7","Aramaic","yes","mapped","Already covered"
"2066","AVip3mp","2","Dan 7:8 word 15","Aramaic","no","mapped","Regression test only"
"2067","AVMi3mp","2","Dan 5:10 word 21","Aramaic","no","mapped","Regression test only"
"2068","AVMp3mp","2","Ezra 7:15 word 7","Aramaic","no","mapped","Regression test only"
"2069","AVMsmpa","2","Dan 2:43 word 8","Aramaic","no","mapped","Regression test only"
"2070","AVpp1cs","2","Dan 4:31 word 13","Aramaic","no","mapped","Regression test only"
"2071","AVpp3mp","2","Ezra 5:5 word 8","Aramaic","no","mapped","Regression test only"
"2072","AVPp3ms","2","Dan 3:19 word 7","Aramaic","no","mapped","Regression test only"
"2073","AVqi1cs","2","Dan 5:17 word 15","Aramaic","no","mapped","Regression test only"
"2074","AVqp2mp","2","Ezra 4:18 word 3","Aramaic","no","mapped","Regression test only"
"2075","AVQsmpa","2","Dan 3:25 word 8","Aramaic","no","mapped","Regression test only"
"2076","AVqv2fs","2","Dan 7:5 word 19","Aramaic","no","mapped","Regression test only"
"2077","AVti3mp","2","Ezra 4:13 word 11","Aramaic","no","mapped","Regression test only"
"2078","AVui2mp","2","Dan 2:5 word 15","Aramaic","no","mapped","Regression test only"
"2079","HAampc/Sp1cp","2","Josh 9:11 word 3","Hebrew","no","mapped","Regression test only"
"2080","HAcbpc/Sp2ms","2","2Kgs 1:10 word 18","Hebrew","no","mapped","Regression test only"
"2081","HAcbpc/Sp3ms","2","2Kgs 1:10 word 26","Hebrew","no","mapped","Regression test only"
"2082","HAcfdc/Sp3mp","2","Ruth 1:19 word 2","Hebrew","no","mapped","Regression test only"
"2083","HC/Aafsc/Sp3mp","2","Deut 23:7 word 4","Hebrew","no","mapped","Regression test only"
"2084","HC/Aampc/Sp1cs","2","Ps 38:12 word 6","Hebrew","no","mapped","Regression test only"
"2085","HC/Aamsc/Sp2ms","2","2Kgs 19:28 word 4","Hebrew","no","mapped","Regression test only"
"2086","HC/Aamsc/Sp3ms","2","Exod 12:4 word 8","Hebrew","no","mapped","Regression test only"
"2087","HC/D/Sp3ms","2","Job 2:3 word 21","Hebrew","no","mapped","Regression test only"
"2088","HC/Ncbdc/Sp2fs","2","Jer 2:37 word 5","Hebrew","no","mapped","Regression test only"
"2089","HC/Ncbdc/Sp2mp","2","Ezek 33:25 word 11","Hebrew","no","mapped","Regression test only"
"2090","HC/Ncbdc/Sp3fs","2","Judg 19:27 word 16","Hebrew","no","mapped","Regression test only"
"2091","HC/Ncbpc/Sp2fs","2","Ezek 26:9 word 5","Hebrew","no","mapped","Regression test only"
"2092","HC/Ncbpc/Sp2mp","2","1Sam 8:15 word 2","Hebrew","no","mapped","Regression test only"
"2093","HC/Ncbsc/Sp2fs","2","Isa 62:4 word 22","Hebrew","no","mapped","Regression test only"
"2094","HC/Ncfdc/Sp1cs","2","2Chr 7:15 word 5","Hebrew","no","mapped","Regression test only"
"2095","HC/Ncmdc/Sp2fs","2","Song 7:8 word 5","Hebrew","no","mapped","Regression test only"
"2096","HC/Ncmdc/Sp3fs","2","Exod 25:38 word 1","Hebrew","no","mapped","Regression test only"
"2097","HC/Ncmdc/Sp3ms","2","Prov 30:13 word 5","Hebrew","no","mapped","Regression test only"
"2098","HC/Ncmsc/Sp2fp","2","Gen 31:7 word 1","Hebrew","no","mapped","Regression test only"
"2099","HC/R/Aamsc/Sp2ms","2","Lev 25:6 word 9","Hebrew","no","mapped","Regression test only"
"2100","HC/R/Acmda","2","Josh 6:22 word 1","Hebrew","no","mapped","Regression test only"
"2101","HC/R/Acmsc","2","Job 32:3 word 1","Hebrew","no","mapped","Regression test only"
"2102","HC/R/Ncbdc/Sp2mp","2","Jer 44:25 word 12","Hebrew","no","mapped","Regression test only"
"2103","HC/R/Ncbdc/Sp3ms","2","2Chr 6:4 word 12","Hebrew","no","mapped","Regression test only"
"2104","HC/R/Ncfdc/Sp3ms","2","Isa 6:10 word 12","Hebrew","no","mapped","Regression test only"
"2105","HC/R/Ncfpc/Sp2fs","2","Jer 30:17 word 5","Hebrew","no","mapped","Regression test only"
"2106","HC/R/Ncmpc/Sp2fs","2","Jer 48:7 word 5","Hebrew","no","mapped","Regression test only"
"2107","HC/R/Ngmpa","2","2Sam 8:12 word 5","Hebrew","no","mapped","Regression test only"
"2108","HC/R/Pp3fp","2","2Sam 12:8 word 21","Hebrew","no","mapped","Regression test only"
"2109","HC/R/R/Sp1cs","2","Isa 44:6 word 13","Hebrew","no","mapped","Regression test only"
"2110","HC/R/R/Sp3ms","2","Prov 14:14 word 5","Hebrew","no","mapped","Regression test only"
"2111","HC/R/Td/Aafpa","2","Ezek 42:5 word 9","Hebrew","no","mapped","Regression test only"
"2112","HC/R/Td/Ncmpa","2","Ezra 10:9 word 23","Hebrew","no","mapped","Regression test only"
"2113","HC/R/Td/Ncmsa","2","Ezek 14:7 word 6","Hebrew","no","mapped","Regression test only"
"2114","HC/R/Vhc/Sp2ms","2","Exod 23:20 word 8","Hebrew","no","mapped","Regression test only"
"2115","HC/R/Vhc/Sp3mp","2","2Chr 34:14 word 1","Hebrew","no","mapped","Regression test only"
"2116","HC/R/Vhc/Sp3ms","2","Exod 3:8 word 5","Hebrew","yes","mapped","Already covered"
"2117","HC/R/Vhrmpc","2","Lev 11:4 word 8","Hebrew","no","mapped","Regression test only"
"2118","HC/R/Vqc/Sp2mp","2","Lev 19:9 word 1","Hebrew","no","mapped","Regression test only"
"2119","HC/Rd/VNsfsa","2","Ezek 34:4 word 9","Hebrew","no","mapped","Regression test only"
"2120","HC/Td/Acfsa","2","Deut 21:15 word 8","Hebrew","no","mapped","Regression test only"
"2121","HC/Td/VNsmpa","2","Isa 27:13 word 11","Hebrew","no","mapped","Regression test only"
"2122","HC/Td/Vqrfpa","2","1Kgs 22:38 word 11","Hebrew","no","mapped","Regression test only"
"2123","HC/Td/Vqsfsa","2","Deut 21:15 word 14","Hebrew","no","mapped","Regression test only"
"2124","HC/Td/Vqsmpa","2","Gen 30:35 word 7","Hebrew","no","mapped","Regression test only"
"2125","HC/Td/Vtrmsa","2","1Chr 29:11 word 15","Hebrew","no","mapped","Regression test only"
"2126","HC/Tm/Sp2mp","2","Deut 1:10 word 5","Hebrew","no","mapped","Regression test only"
"2127","HC/Tm/Sp3ms","2","Num 23:17 word 3","Hebrew","no","mapped","Regression test only"
"2128","HC/Tn/Sp2fs","2","Ezek 26:21 word 3","Hebrew","no","mapped","Regression test only"
"2129","HC/Tn/Sp2ms","2","1Kgs 21:5 word 11","Hebrew","no","mapped","Regression test only"
"2130","HC/To/Sp1cp","2","Deut 6:23 word 1","Hebrew","no","mapped","Regression test only"
"2131","HC/To/Sp2ms","2","1Kgs 11:37 word 1","Hebrew","no","mapped","Regression test only"
"2132","HC/Vfw3ms","2","Gen 19:16 word 1","Hebrew","no","mapped","Regression test only"
"2133","HC/Vhh1cp/Sp3ms","2","Gen 37:20 word 4","Hebrew","no","mapped","Regression test only"
"2134","HC/Vhi1cp/Sp3fs","2","Isa 7:6 word 3","Hebrew","no","mapped","Regression test only"
"2135","HC/Vhi1cp/Sp3ms","2","2Sam 14:7 word 12","Hebrew","no","mapped","Regression test only"
"2136","HC/Vhi2ms/Sp1cs","2","Job 13:26 word 5","Hebrew","no","mapped","Regression test only"
"2137","HC/Vhi3fs/Sp3ms","2","Job 18:7 word 4","Hebrew","no","mapped","Regression test only"
"2138","HC/Vhi3mp/Sp3mp","2","Neh 9:27 word 18","Hebrew","no","mapped","Regression test only"
"2139","HC/Vhi3mp/Sp3ms","2","2Chr 24:11 word 25","Hebrew","no","mapped","Regression test only"
"2140","HC/Vhi3ms/Sp3fs","2","Isa 44:7 word 4","Hebrew","no","mapped","Regression test only"
"2141","HC/Vhp1cs/Sp3ms","2","1Sam 17:9 word 13","Hebrew","no","mapped","Regression test only"
"2142","HC/Vhp3ms/Sp3mp","2","2Kgs 17:21 word 19","Hebrew","no","mapped","Regression test only"
"2143","HC/Vhq2fp","2","Exod 1:16 word 11","Hebrew","no","mapped","Regression test only"
"2144","HC/Vhq2ms/Sp3fs","2","Deut 21:12 word 1","Hebrew","no","mapped","Regression test only"
"2145","HC/VHq3cp","2","Job 24:24 word 4","Hebrew","no","mapped","Regression test only"
"2146","HC/Vhq3cp/Sp2fs","2","Ezek 16:39 word 14","Hebrew","no","mapped","Regression test only"
"2147","HC/Vhq3ms/Sp1cs","2","Gen 32:12 word 13","Hebrew","no","mapped","Regression test only"
"2148","HC/Vhw1cs/Sp2fs","2","Jer 15:6 word 12","Hebrew","no","mapped","Regression test only"
"2149","HC/Vhw2ms/Sp1cp","2","Ps 44:10 word 3","Hebrew","no","mapped","Regression test only"
"2150","HC/Vhw3fs/Sp3mp","2","Josh 2:15 word 1","Hebrew","no","mapped","Regression test only"
"2151","HC/Vkq3ms","2","Prov 1:33 word 5","Hebrew","no","mapped","Regression test only"
"2152","HC/Vlp3cp","2","1Kgs 4:7 word 8","Hebrew","yes","mapped","Already covered"
"2153","HC/Vlq3ms","2","Isa 11:8 word 1","Hebrew","no","mapped","Regression test only"
"2154","HC/Vlrmsa","2","2Sam 6:16 word 18","Hebrew","no","mapped","Regression test only"
"2155","HC/Vlw3ms/Sp1cs","2","Job 16:12 word 3","Hebrew","no","mapped","Regression test only"
"2156","HC/Vmh1cs","2","Ps 26:6 word 4","Hebrew","no","mapped","Regression test only"
"2157","HC/Vmrmpa","2","Isa 2:6 word 9","Hebrew","no","mapped","Regression test only"
"2158","HC/Vmrmsa","2","Gen 49:10 word 5","Hebrew","no","mapped","Regression test only"
"2159","HC/VNc","2","2Chr 33:19 word 2","Hebrew","no","mapped","Regression test only"
"2160","HC/VNw3fp","2","Gen 3:7 word 1","Hebrew","no","mapped","Regression test only"
"2161","HC/Voi2ms","2","Job 35:14 word 8","Hebrew","no","mapped","Regression test only"
"2162","HC/Vop1cs","2","Ps 131:2 word 4","Hebrew","no","mapped","Regression test only"
"2163","HC/Voq1cs/Sp2ms","2","Ezek 38:4 word 1","Hebrew","no","mapped","Regression test only"
"2164","HC/Vorfpa","2","Ezra 2:65 word 13","Hebrew","no","mapped","Regression test only"
"2165","HC/Vov2ms/Sp1cs","2","Judg 9:54 word 11","Hebrew","no","mapped","Regression test only"
"2166","HC/Vow2ms","2","2Sam 7:24 word 1","Hebrew","no","mapped","Regression test only"
"2167","HC/Vpi3fs","2","2Sam 13:6 word 15","Hebrew","no","mapped","Regression test only"
"2168","HC/Vpi3ms/Sp1cs","2","Job 6:9 word 3","Hebrew","no","mapped","Regression test only"
"2169","HC/Vpp1cs/Sp2fs","2","Nah 1:12 word 11","Hebrew","no","mapped","Regression test only"
"2170","HC/Vpp3fs","2","Lev 13:12 word 6","Hebrew","no","mapped","Regression test only"
"2171","HC/Vpp3fs/Sp3ms","2","1Sam 16:14 word 6","Hebrew","no","mapped","Regression test only"
"2172","HC/Vpp3ms/Sp3mp","2","1Kgs 14:15 word 19","Hebrew","no","mapped","Regression test only"
"2173","HC/Vpq2fs","2","Ruth 3:4 word 10","Hebrew","no","mapped","Regression test only"
"2174","HC/Vpq3cp/Sp1cs","2","Deut 31:20 word 19","Hebrew","no","mapped","Regression test only"
"2175","HC/Vpq3cp/Sp3ms","2","Jer 48:12 word 10","Hebrew","no","mapped","Regression test only"
"2176","HC/Vprfpa","2","1Kgs 11:8 word 7","Hebrew","no","mapped","Regression test only"
"2177","HC/Vprfsa","2","2Kgs 2:21 word 20","Hebrew","no","mapped","Regression test only"
"2178","HC/Vprmpc/Sp1cp","2","Ps 44:8 word 4","Hebrew","no","mapped","Regression test only"
"2179","HC/Vprmpc/Sp1cs","2","Ps 18:41 word 5","Hebrew","no","mapped","Regression test only"
"2180","HC/Vprmpc/Sp2ms","2","Gen 27:29 word 16","Hebrew","no","mapped","Regression test only"
"2181","HC/VPsfsa","2","Josh 6:1 word 3","Hebrew","no","mapped","Regression test only"
"2182","HC/Vpv2ms/Sp1cp","2","1Chr 16:35 word 5","Hebrew","no","mapped","Regression test only"
"2183","HC/Vpv2ms/Sp3fs","2","Deut 31:19 word 7","Hebrew","no","mapped","Regression test only"
"2184","HC/Vpw1cp","2","Gen 41:12 word 8","Hebrew","no","mapped","Regression test only"
"2185","HC/Vpw1cs/Sp3fs","2","Judg 20:6 word 3","Hebrew","no","mapped","Regression test only"
"2186","HC/Vpw2fp","2","Exod 1:18 word 11","Hebrew","no","mapped","Regression test only"
"2187","HC/Vpw2mp/Sp1cs","2","Gen 26:27 word 10","Hebrew","no","mapped","Regression test only"
"2188","HC/Vpw2ms/Sp3mp","2","Ps 22:5 word 5","Hebrew","no","mapped","Regression test only"
"2189","HC/Vpw3fs/Sp1cs","2","Job 29:11 word 4","Hebrew","no","mapped","Regression test only"
"2190","HC/Vpw3fs/Sp3mp","2","Josh 2:21 word 5","Hebrew","no","mapped","Regression test only"
"2191","HC/Vpw3ms/Sp1cp","2","Gen 19:13 word 13","Hebrew","no","mapped","Regression test only"
"2192","HC/Vqc/Sp1cs","2","Ps 139:2 word 4","Hebrew","no","mapped","Regression test only"
"2193","HC/Vqh1cs/Sp2ms","2","Gen 27:21 word 7","Hebrew","no","mapped","Regression test only"
"2194","HC/Vqi1cp/Sp3fs","2","Deut 30:13 word 16","Hebrew","no","mapped","Regression test only"
"2195","HC/Vqi2ms/Sp1cs","2","Job 13:24 word 4","Hebrew","no","mapped","Regression test only"
"2196","HC/Vqi2ms/Sp3mp","2","Exod 15:17 word 2","Hebrew","no","mapped","Regression test only"
"2197","HC/Vqi3fs/Sp2ms","2","Prov 4:6 word 3","Hebrew","no","mapped","Regression test only"
"2198","HC/Vqi3ms/Sp1cp","2","Hos 6:1 word 8","Hebrew","no","mapped","Regression test only"
"2199","HC/Vqi3ms/Sp1cs","2","1Sam 24:16 word 11","Hebrew","no","mapped","Regression test only"
"2200","HC/Vqi3ms/Sp3ms","2","Isa 46:6 word 9","Hebrew","no","mapped","Regression test only"
"2201","HC/Vqj3ms/Sp1cp","2","Exod 4:23 word 6","Hebrew","no","mapped","Regression test only"
"2202","HC/Vqj3ms/Sp2ms","2","Num 6:24 word 3","Hebrew","no","mapped","Regression test only"
"2203","HC/Vqj3ms/Sp3ms","2","Gen 41:33 word 7","Hebrew","no","mapped","Regression test only"
"2204","HC/Vqp1cs/Sp2fs","2","Nah 3:6 word 5","Hebrew","no","mapped","Regression test only"
"2205","HC/Vqp1cs/Sp3ms","2","1Kgs 17:12 word 23","Hebrew","no","mapped","Regression test only"
"2206","HC/Vqp3cp/Sp3mp","2","Gen 15:13 word 12","Hebrew","no","mapped","Regression test only"
"2207","HC/Vqp3cp/Sp3ms","2","Jer 10:25 word 18","Hebrew","no","mapped","Regression test only"
"2208","HC/Vqp3ms/Sp2ms","2","2Chr 25:19 word 6","Hebrew","no","mapped","Regression test only"
"2209","HC/Vqp3ms/Sp3fs","2","Deut 14:21 word 9","Hebrew","no","mapped","Regression test only"
"2210","HC/Vqq3cp/Sp2fs","2","Ezek 23:24 word 17","Hebrew","no","mapped","Regression test only"
"2211","HC/Vqq3fs/Sp3mp","2","Jer 5:14 word 20","Hebrew","no","mapped","Regression test only"
"2212","HC/Vqq3ms/Sp1cp","2","1Sam 8:20 word 6","Hebrew","no","mapped","Regression test only"
"2213","HC/Vqrfsc","2","Deut 14:6 word 5","Hebrew","no","mapped","Regression test only"
"2214","HC/Vqrmpc/Sp1cp","2","Deut 32:31 word 5","Hebrew","no","mapped","Regression test only"
"2215","HC/Vqrmpc/Sp2fs","2","Isa 1:26 word 4","Hebrew","no","mapped","Regression test only"
"2216","HC/Vqrmsc/Sp1cs","2","Ps 19:15 word 10","Hebrew","no","mapped","Regression test only"
"2217","HC/Vqv2mp/Sp1cs","2","Josh 10:4 word 3","Hebrew","no","mapped","Regression test only"
"2218","HC/Vqw1cp/Sp3mp","2","Num 21:30 word 1","Hebrew","no","mapped","Regression test only"
"2219","HC/Vqw2ms/Sp1cp","2","Isa 64:6 word 11","Hebrew","no","mapped","Regression test only"
"2220","HC/Vqw2ms/Sp3fs","2","2Chr 20:7 word 12","Hebrew","no","mapped","Regression test only"
"2221","HC/Vqw2ms/Sp3ms","2","Job 7:18 word 1","Hebrew","no","mapped","Regression test only"
"2222","HC/Vqw3fs/Sh","2","Ezek 23:16 word 2","Hebrew","no","mapped","Regression test only"
"2223","HC/Vqw3fs/Sp3fs","2","Exod 2:3 word 9","Hebrew","yes","mapped","Already covered"
"2224","HC/Vqw3mp/Sp1cs","2","1Sam 8:8 word 12","Hebrew","no","mapped","Regression test only"
"2225","HC/Vri3ms","2","Job 39:28 word 3","Hebrew","no","mapped","Regression test only"
"2226","HC/Vrq3cp","2","Jer 25:16 word 2","Hebrew","no","mapped","Regression test only"
"2227","HC/Vrv2ms","2","Job 37:14 word 5","Hebrew","no","mapped","Regression test only"
"2228","HC/Vrw1cs","2","1Kgs 3:21 word 8","Hebrew","yes","mapped","Already covered"
"2229","HC/Vth1cp","2","2Sam 10:12 word 2","Hebrew","no","mapped","Regression test only"
"2230","HC/Vth1cs","2","Ps 119:45 word 1","Hebrew","no","mapped","Regression test only"
"2231","HC/Vtrmpa","2","2Chr 30:22 word 19","Hebrew","no","mapped","Regression test only"
"2232","HC/Vtv2fs","2","Gen 16:9 word 8","Hebrew","no","mapped","Regression test only"
"2233","HC/Vvj3mp","2","Gen 27:29 word 4","Hebrew","no","mapped","Regression test only"
"2234","HC/Vvrmpa","2","Neh 9:3 word 13","Hebrew","no","mapped","Regression test only"
"2235","HC/Vvv2mp","2","Ps 99:5 word 4","Hebrew","no","mapped","Regression test only"
"2236","HC/Vvw3fp","2","Gen 33:6 word 5","Hebrew","no","mapped","Regression test only"
"2237","HD/Sp1cs","2","Josh 14:11 word 1","Hebrew","no","mapped","Regression test only"
"2238","HNcbpc/Sp2cp","2","Lev 11:43 word 4","Hebrew","yes","mapped","Already covered"
"2239","HNcfdc/Sp3fp","2","Ezek 1:24 word 17","Hebrew","no","mapped","Regression test only"
"2240","HNcfpc/Sp3fp","2","Ezek 1:11 word 12","Hebrew","no","mapped","Regression test only"
"2241","HNcfsc/Sh","2","Ps 44:27 word 2","Hebrew","no","mapped","Regression test only"
"2242","HNcfsc/Sp2fp","2","Ezek 16:45 word 14","Hebrew","no","mapped","Regression test only"
"2243","HNcmdc/Sp2mp","2","Exod 9:8 word 10","Hebrew","no","mapped","Regression test only"
"2244","HNp/Sp1cs","2","Ezek 29:3 word 20","Hebrew","no","mapped","Regression test only"
"2245","HNp/Sp3ms","2","Exod 34:13 word 9","Hebrew","no","mapped","Regression test only"
"2246","HR/Aafpc","2","Ps 63:10 word 6","Hebrew","no","mapped","Regression test only"
"2247","HR/Aamsc/Sp3mp","2","Jer 6:13 word 2","Hebrew","no","mapped","Regression test only"
"2248","HR/Ncbpc/Sp3fp","2","Ezek 16:47 word 2","Hebrew","no","mapped","Regression test only"
"2249","HR/Ncfdc/Sp2fs","2","Isa 49:20 word 3","Hebrew","no","mapped","Regression test only"
"2250","HR/Ncfdc/Sp3fs","2","Hos 4:19 word 4","Hebrew","no","mapped","Regression test only"
"2251","HR/Ncfsa/Sd","2","Josh 15:10 word 13","Hebrew","no","mapped","Regression test only"
"2252","HR/Ncfsc/Sp2fp","2","Ezek 16:55 word 13","Hebrew","no","mapped","Regression test only"
"2253","HR/Ncfsc/Sp3fp","2","Ezek 16:55 word 5","Hebrew","no","mapped","Regression test only"
"2254","HR/Ncmdc/Sp1cp","2","1Kgs 20:31 word 18","Hebrew","no","mapped","Regression test only"
"2255","HR/Ncmsa/Sd","2","1Kgs 6:15 word 5","Hebrew","no","mapped","Regression test only"
"2256","HR/R/Ncmpc","2","2Kgs 19:25 word 6","Hebrew","no","mapped","Regression test only"
"2257","HR/Sd","2","Ps 116:14 word 4","Hebrew","no","mapped","Regression test only"
"2258","HR/Sp2fp","2","Ezek 13:18 word 25","Hebrew","no","mapped","Regression test only"
"2259","HR/Td/Aafpa","2","Ezek 42:5 word 8","Hebrew","no","mapped","Regression test only"
"2260","HR/Td/Vqrmsa","2","Josh 8:7 word 3","Hebrew","no","mapped","Regression test only"
"2261","HR/Tr/D","2","Gen 6:3 word 8","Hebrew","no","mapped","Regression test only"
"2262","HR/Tr/Vqp3ms","2","Eccl 5:14 word 8","Hebrew","no","mapped","Regression test only"
"2263","HR/Vhrmpa","2","1Chr 16:42 word 6","Hebrew","no","mapped","Regression test only"
"2264","HR/Vlc/Sp2ms","2","1Kgs 17:4 word 7","Hebrew","no","mapped","Regression test only"
"2265","HR/Vmc","2","Exod 5:12 word 6","Hebrew","no","mapped","Regression test only"
"2266","HR/VNrfpc/Sp3ms","2","Ps 78:32 word 7","Hebrew","no","mapped","Regression test only"
"2267","HR/VNrmsa","2","Prov 14:6 word 6","Hebrew","no","mapped","Regression test only"
"2268","HR/Voc/Sp1cs","2","Ezek 32:10 word 9","Hebrew","no","mapped","Regression test only"
"2269","HR/Vpc/Sp2fs","2","Ezek 16:52 word 19","Hebrew","no","mapped","Regression test only"
"2270","HR/Vprmsc","2","Isa 49:7 word 9","Hebrew","no","mapped","Regression test only"
"2271","HR/VPsfpc","2","Exod 26:23 word 4","Hebrew","no","mapped","Regression test only"
"2272","HR/VPsmpc/Sp1cs","2","Ps 31:12 word 8","Hebrew","no","mapped","Regression test only"
"2273","HR/Vqrfpa","2","Ezek 13:20 word 15","Hebrew","no","mapped","Regression test only"
"2274","HR/Vqrmpc/Sp2fs","2","Isa 62:8 word 12","Hebrew","no","mapped","Regression test only"
"2275","HR/Vqsmpa","2","Isa 49:9 word 2","Hebrew","no","mapped","Regression test only"
"2276","HR/Vqsmpc","2","Num 26:64 word 5","Hebrew","no","mapped","Regression test only"
"2277","HR/Vrrmpa","2","Num 11:1 word 3","Hebrew","no","mapped","Regression test only"
"2278","HR/Vtc/Sp2ms","2","2Chr 20:37 word 9","Hebrew","no","mapped","Regression test only"
"2279","HR/Vtc/Sp3ms","2","Gen 42:21 word 14","Hebrew","no","mapped","Regression test only"
"2280","HR/Vtrmpa","2","Prov 18:8 word 3","Hebrew","no","mapped","Regression test only"
"2281","HRd/Aompa","2","Eccl 1:11 word 3","Hebrew","no","mapped","Regression test only"
"2282","HRd/Ngfsa","2","2Kgs 4:12 word 6","Hebrew","no","mapped","Regression test only"
"2283","HRd/Vhrmsa","2","Prov 8:9 word 3","Hebrew","no","mapped","Regression test only"
"2284","HRd/VNrfpa","2","Song 6:4 word 8","Hebrew","no","mapped","Regression test only"
"2285","HRd/VNsmpa","2","Judg 21:7 word 4","Hebrew","no","mapped","Regression test only"
"2286","HRd/Vqc","2","Ps 66:9 word 6","Hebrew","no","mapped","Regression test only"
"2287","HTd/Aobsa","2","Ps 6:1 word 4","Hebrew","no","mapped","Regression test only"
"2288","HTd/Ncbsa/Sd","2","Gen 24:16 word 10","Hebrew","no","mapped","Regression test only"
"2289","HTd/Ncmsc","2","2Kgs 16:14 word 2","Hebrew","no","mapped","Regression test only"
"2290","HTd/Ncmsc/Sp2ms","2","Lev 27:23 word 6","Hebrew","no","mapped","Regression test only"
"2291","HTd/Pdxmp","2","Joel 3:2 word 7","Hebrew","no","mapped","Regression test only"
"2292","HTd/Vhp3cp","2","Ezra 8:25 word 13","Hebrew","no","mapped","Regression test only"
"2293","HTd/Vhp3ms","2","1Chr 26:28 word 2","Hebrew","no","mapped","Regression test only"
"2294","HTd/Vhrmsc","2","Ps 113:5 word 4","Hebrew","no","mapped","Regression test only"
"2295","HTd/VHsfsa","2","Num 25:15 word 3","Hebrew","no","mapped","Regression test only"
"2296","HTd/Vvrmpa","2","Zeph 1:5 word 2","Hebrew","no","mapped","Regression test only"
"2297","HTi/Aafsa","2","Num 13:19 word 7","Hebrew","no","mapped","Regression test only"
"2298","HTi/D/Sp3ms","2","Gen 43:27 word 10","Hebrew","no","mapped","Regression test only"
"2299","HTi/Ncbdc","2","Num 16:14 word 14","Hebrew","no","mapped","Regression test only"
"2300","HTi/Ncmsc/Sp2ms","2","1Sam 24:17 word 12","Hebrew","no","mapped","Regression test only"
"2301","HTi/R/Ncfsc/Sp2ms","2","Job 22:4 word 1","Hebrew","no","mapped","Regression test only"
"2302","HTi/R/Ncmpa","2","Ps 77:8 word 1","Hebrew","no","mapped","Regression test only"
"2303","HTi/R/Pdxms","2","Isa 58:5 word 1","Hebrew","no","mapped","Regression test only"
"2304","HTi/Sp3mp","2","Isa 19:12 word 1","Hebrew","no","mapped","Regression test only"
"2305","HTi/Ta","2","Amos 2:11 word 6","Hebrew","no","mapped","Regression test only"
"2306","HTi/To/Sp1cs","2","Jer 5:22 word 1","Hebrew","no","mapped","Regression test only"
"2307","HTi/Vhi3ms","2","Job 40:27 word 1","Hebrew","no","mapped","Regression test only"
"2308","HTi/Vhp3ms","2","Gen 24:21 word 6","Hebrew","no","mapped","Regression test only"
"2309","HTi/VNa","2","1Sam 2:27 word 11","Hebrew","no","mapped","Regression test only"
"2310","HTi/Vpi3mp","2","Neh 3:34 word 14","Hebrew","no","mapped","Regression test only"
"2311","HTi/Vqc","2","Judg 9:2 word 10","Hebrew","no","mapped","Regression test only"
"2312","HTi/Vqi2ms/Sp3mp","2","1Sam 14:37 word 7","Hebrew","no","mapped","Regression test only"
"2313","HTi/Vqp3cp","2","Gen 8:8 word 6","Hebrew","no","mapped","Regression test only"
"2314","HTi/Vqp3fs","2","Isa 51:10 word 9","Hebrew","no","mapped","Regression test only"
"2315","HTi/Vqrmsa","2","Gen 4:9 word 11","Hebrew","no","mapped","Regression test only"
"2316","HTj/Sd","2","Josh 22:29 word 1","Hebrew","no","mapped","Regression test only"
"2317","HTj/Sp3ms","2","1Chr 11:25 word 3","Hebrew","no","mapped","Regression test only"
"2318","HTr/Ncmsc","2","Ps 146:5 word 2","Hebrew","no","mapped","Regression test only"
"2319","HTr/Ncmsc/Sp2fs","2","Eccl 10:16 word 4","Hebrew","no","mapped","Regression test only"
"2320","HTr/Ncmsc/Sp3mp","2","Song 4:2 word 7","Hebrew","no","mapped","Regression test only"
"2321","HTr/Pp1cs","2","Eccl 2:18 word 6","Hebrew","no","mapped","Regression test only"
"2322","HTr/Pp3mp","2","Eccl 3:18 word 11","Hebrew","no","mapped","Regression test only"
"2323","HTr/R","2","Judg 7:12 word 14","Hebrew","no","mapped","Regression test only"
"2324","HTr/R/Sp1cs","2","Song 1:6 word 16","Hebrew","no","mapped","Regression test only"
"2325","HTr/Td/Ncmpa","2","Eccl 1:7 word 11","Hebrew","no","mapped","Regression test only"
"2326","HTr/VNp3ms","2","Eccl 1:9 word 6","Hebrew","no","mapped","Regression test only"
"2327","HTr/Vqrmsa","2","Ps 133:2 word 10","Hebrew","no","mapped","Regression test only"
"2328","HVfp3cp","2","Job 30:14 word 6","Hebrew","no","mapped","Regression test only"
"2329","HVfv2mp","2","Isa 29:9 word 1","Hebrew","no","mapped","Regression test only"
"2330","HVhh1cp/Sp3ms","2","Gen 19:34 word 12","Hebrew","no","mapped","Regression test only"
"2331","HVhi1cp/Sp2ms","2","Judg 15:13 word 12","Hebrew","no","mapped","Regression test only"
"2332","HVHi2mp","2","Isa 1:5 word 3","Hebrew","no","mapped","Regression test only"
"2333","HVhi2mp/Sp3fs","2","Ruth 2:15 word 13","Hebrew","no","mapped","Regression test only"
"2334","HVhi2mp/Sp3ms","2","Exod 1:22 word 10","Hebrew","no","mapped","Regression test only"
"2335","HVhi2ms/Sp1cp","2","Ps 44:11 word 1","Hebrew","no","mapped","Regression test only"
"2336","HVhi3fs/Sp2ms","2","Ps 76:11 word 4","Hebrew","no","mapped","Regression test only"
"2337","HVhi3mp/Sp1cp","2","2Kgs 7:4 word 23","Hebrew","no","mapped","Regression test only"
"2338","HVhi3mp/Sp2fs","2","Isa 57:12 word 7","Hebrew","no","mapped","Regression test only"
"2339","HVhj2fs","2","1Kgs 2:16 word 8","Hebrew","no","mapped","Regression test only"
"2340","HVhj2ms/Sp3ms","2","1Sam 26:9 word 6","Hebrew","no","mapped","Regression test only"
"2341","HVhj3mp/Sn","2","1Sam 2:16 word 5","Hebrew","no","mapped","Regression test only"
"2342","HVHj3ms","2","2Kgs 5:17 word 4","Hebrew","no","mapped","Regression test only"
"2343","HVhp1cp/Sp3mp","2","Num 32:17 word 10","Hebrew","no","mapped","Regression test only"
"2344","HVhp2mp/Sp1cp","2","Num 20:5 word 2","Hebrew","no","mapped","Regression test only"
"2345","HVhp3cp/Sp3fs","2","Lam 1:3 word 14","Hebrew","no","mapped","Regression test only"
"2346","HVhp3fs/Sp1cs","2","Job 32:18 word 4","Hebrew","no","mapped","Regression test only"
"2347","HVhrmpc/Sp2fs","2","Isa 49:26 word 3","Hebrew","no","mapped","Regression test only"
"2348","HVhrmpc/Sp3ms","2","1Sam 2:10 word 4","Hebrew","no","mapped","Regression test only"
"2349","HVHsfpc","2","Exod 28:11 word 14","Hebrew","yes","mapped","Already covered"
"2350","HVHsmsc","2","1Kgs 7:16 word 8","Hebrew","no","mapped","Regression test only"
"2351","HVhv2fp","2","Gen 4:23 word 10","Hebrew","no","mapped","Regression test only"
"2352","HVhv2mp/Sp1cp","2","1Sam 6:2 word 10","Hebrew","no","mapped","Regression test only"
"2353","HVhv2mp/Sp1cs","2","2Chr 35:23 word 8","Hebrew","no","mapped","Regression test only"
"2354","HVhv2ms/Sp3fs","2","Josh 13:6 word 17","Hebrew","no","mapped","Regression test only"
"2355","HVli1cs","2","Gen 50:21 word 5","Hebrew","no","mapped","Regression test only"
"2356","HVli3mp/Sp2ms","2","1Kgs 8:27 word 12","Hebrew","no","mapped","Regression test only"
"2357","HVlrmsa","2","2Sam 6:14 word 2","Hebrew","no","mapped","Regression test only"
"2358","HVma","2","Isa 59:13 word 10","Hebrew","no","mapped","Regression test only"
"2359","HVmi2ms","2","Lev 19:10 word 3","Hebrew","no","mapped","Regression test only"
"2360","HVmi2ms/Sp1cs","2","Job 10:11 word 6","Hebrew","no","mapped","Regression test only"
"2361","HVmi3ms/Sp1cs","2","Jonah 2:4 word 6","Hebrew","no","mapped","Regression test only"
"2362","HVmi3ms/Sp3ms","2","Deut 32:10 word 7","Hebrew","no","mapped","Regression test only"
"2363","HVmp1cs","2","1Sam 21:3 word 23","Hebrew","no","mapped","Regression test only"
"2364","HVmp3cp","2","Ps 77:18 word 1","Hebrew","no","mapped","Regression test only"
"2365","HVmp3fs","2","Job 26:13 word 4","Hebrew","no","mapped","Regression test only"
"2366","HVmrfsc","2","1Kgs 17:10 word 12","Hebrew","yes","mapped","Already covered"
"2367","HVmrmsc","2","Ps 101:5 word 1","Hebrew","no","mapped","Regression test only"
"2368","HVmsmsa","2","Ezra 9:3 word 14","Hebrew","no","mapped","Regression test only"
"2369","HVNc/Sp1cs","2","Jer 31:19 word 6","Hebrew","no","mapped","Regression test only"
"2370","HVNc/Sp2ms","2","Deut 28:20 word 16","Hebrew","no","mapped","Regression test only"
"2371","HVNc/Sp3fs","2","Exod 9:18 word 15","Hebrew","no","mapped","Regression test only"
"2372","HVNh1cp","2","Gen 34:23 word 9","Hebrew","no","mapped","Regression test only"
"2373","HVNj2fs","2","Ruth 3:3 word 11","Hebrew","no","mapped","Regression test only"
"2374","HVoc","2","Job 3:8 word 5","Hebrew","no","mapped","Regression test only"
"2375","HVoi1cs","2","Ps 143:5 word 9","Hebrew","no","mapped","Regression test only"
"2376","HVoi2ms/Sp1cs","2","2Sam 22:49 word 4","Hebrew","no","mapped","Regression test only"
"2377","HVoi3fp","2","Ezek 32:16 word 6","Hebrew","no","mapped","Regression test only"
"2378","HVop1cs","2","2Sam 1:16 word 14","Hebrew","no","mapped","Regression test only"
"2379","HVOp3cp","2","Ps 37:23 word 4","Hebrew","yes","mapped","Already covered"
"2380","HVop3fs","2","Isa 59:19 word 16","Hebrew","no","mapped","Regression test only"
"2381","HVorfsa","2","Ps 118:16 word 3","Hebrew","no","mapped","Regression test only"
"2382","HVov2ms/Sh","2","Ps 80:3 word 5","Hebrew","no","mapped","Regression test only"
"2383","HVpc/Sp2mp","2","Jer 5:14 word 8","Hebrew","no","mapped","Regression test only"
"2384","HVpi1cs/Sp3fs","2","Gen 31:39 word 6","Hebrew","no","mapped","Regression test only"
"2385","HVpi2fp","2","Ruth 1:13 word 2","Hebrew","no","mapped","Regression test only"
"2386","HVPi2mp","2","Isa 27:12 word 12","Hebrew","no","mapped","Regression test only"
"2387","HVpi2mp/Sp3mp","2","Num 5:3 word 8","Hebrew","no","mapped","Regression test only"
"2388","HVpi3fs/Sp2fs","2","Isa 60:6 word 3","Hebrew","no","mapped","Regression test only"
"2389","HVpi3mp/Sp1cp","2","2Kgs 7:4 word 20","Hebrew","no","mapped","Regression test only"
"2390","HVpi3mp/Sp2fs","2","Isa 60:7 word 8","Hebrew","no","mapped","Regression test only"
"2391","HVpj3fs/Sp1cs","2","Job 9:34 word 6","Hebrew","no","mapped","Regression test only"
"2392","HVpj3ms/Sp2ms","2","Num 6:24 word 1","Hebrew","no","mapped","Regression test only"
"2393","HVpp1cp/Sp2ms","2","Isa 26:8 word 5","Hebrew","no","mapped","Regression test only"
"2394","HVpp3cp/Sp3fs","2","Ezra 9:11 word 20","Hebrew","no","mapped","Regression test only"
"2395","HVpp3fs/Sp3fs","2","Ruth 3:6 word 6","Hebrew","no","mapped","Regression test only"
"2396","HVprfsc","2","Isa 40:9 word 6","Hebrew","no","mapped","Regression test only"
"2397","HVPsfsc","2","Deut 33:13 word 3","Hebrew","no","mapped","Regression test only"
"2398","HVPsmpc/Sp1cs","2","Ps 88:9 word 2","Hebrew","no","mapped","Regression test only"
"2399","HVpv2ms/Sd","2","1Sam 23:27 word 6","Hebrew","no","mapped","Regression test only"
"2400","HVpv2ms/Sp1cp","2","Ps 90:14 word 1","Hebrew","no","mapped","Regression test only"
"2401","HVqi2mp/Sp3fs","2","Isa 43:19 word 7","Hebrew","no","mapped","Regression test only"
"2402","HVqi3fs/Sh","2","Deut 33:16 word 7","Hebrew","no","mapped","Regression test only"
"2403","HVqi3fs/Sp1cp","2","Num 16:34 word 10","Hebrew","no","mapped","Regression test only"
"2404","HVqi3fs/Sp2fs","2","Nah 3:15 word 2","Hebrew","no","mapped","Regression test only"
"2405","HVqi3mp/Sp1cp","2","Exod 8:22 word 20","Hebrew","no","mapped","Regression test only"
"2406","HVQi3ms","2","Job 28:2 word 3","Hebrew","no","mapped","Regression test only"
"2407","HVqj2fp","2","Ruth 1:20 word 4","Hebrew","no","mapped","Regression test only"
"2408","HVqj2mp/Sp3mp","2","Num 14:9 word 20","Hebrew","no","mapped","Regression test only"
"2409","HVqj2ms/Sp3mp","2","Deut 2:19 word 6","Hebrew","no","mapped","Regression test only"
"2410","HVqj3mp/Sn","2","1Kgs 19:2 word 8","Hebrew","no","mapped","Regression test only"
"2411","HVqj3mp/Sp2ms","2","Gen 27:29 word 1","Hebrew","no","mapped","Regression test only"
"2412","HVqj3ms/Sp1cp","2","1Kgs 8:57 word 10","Hebrew","no","mapped","Regression test only"
"2413","HVqj3ms/Sp3fs","2","Gen 23:9 word 13","Hebrew","no","mapped","Regression test only"
"2414","HVqj3ms/Sp3ms","2","Job 3:4 word 6","Hebrew","no","mapped","Regression test only"
"2415","HVqp2fs/Sp3mp","2","Jer 2:34 word 10","Hebrew","no","mapped","Regression test only"
"2416","HVqp3cp/Sp2fs","2","Jer 30:14 word 3","Hebrew","no","mapped","Regression test only"
"2417","HVQp3fs","2","Ps 73:2 word 7","Hebrew","no","mapped","Regression test only"
"2418","HVqsfpc","2","Gen 41:23 word 6","Hebrew","no","mapped","Regression test only"
"2419","HVQsfsa","2","Prov 25:19 word 4","Hebrew","no","mapped","Regression test only"
"2420","HVqsmsc/Sp1cs","2","Ezek 7:22 word 6","Hebrew","no","mapped","Regression test only"
"2421","HVqv2ms/Sd","2","2Sam 15:27 word 8","Hebrew","no","mapped","Regression test only"
"2422","HVri2ms","2","Eccl 7:16 word 9","Hebrew","no","mapped","Regression test only"
"2423","HVri3fs","2","Ps 42:7 word 4","Hebrew","no","mapped","Regression test only"
"2424","HVrj2mp","2","Isa 28:22 word 3","Hebrew","no","mapped","Regression test only"
"2425","HVrv2mp","2","Jer 9:16 word 5","Hebrew","no","mapped","Regression test only"
"2426","HVti1cp","2","Gen 44:16 word 9","Hebrew","no","mapped","Regression test only"
"2427","HVti2fs","2","Jer 4:30 word 18","Hebrew","no","mapped","Regression test only"
"2428","HVti2fs/Sn","2","1Sam 1:14 word 6","Hebrew","no","mapped","Regression test only"
"2429","HVti3fp","2","Lam 4:1 word 7","Hebrew","no","mapped","Regression test only"
"2430","HVtp2fs","2","Num 22:29 word 5","Hebrew","no","mapped","Regression test only"
"2431","HVuc","2","Lev 13:55 word 4","Hebrew","no","mapped","Regression test only"
"2432","HVup3fs","2","Deut 24:4 word 14","Hebrew","no","mapped","Regression test only"
"2433","HVvi1cs","2","Ps 5:8 word 6","Hebrew","no","mapped","Regression test only"
"2434","HVvrmsa","2","2Kgs 19:37 word 3","Hebrew","no","mapped","Regression test only"
"2435","AAabsa","1","Dan 7:17 word 7","Aramaic","no","mapped","Regression test only"
"2436","AAcbda","1","Ezra 6:17 word 9","Aramaic","no","mapped","Regression test only"
"2437","AAcbpa","1","Dan 6:1 word 7","Aramaic","no","mapped","Regression test only"
"2438","AAcbsc","1","Ezra 6:17 word 20","Aramaic","no","mapped","Regression test only"
"2439","AAcmsc/Sp3mp","1","Dan 3:23 word 3","Aramaic","no","mapped","Regression test only"
"2440","AAcmsd/Td","1","Dan 5:1 word 9","Aramaic","no","mapped","Regression test only"
"2441","AAobpa","1","Dan 2:7 word 2","Aramaic","no","mapped","Regression test only"
"2442","AAocpa","1","Ezra 4:24 word 12","Aramaic","yes","mapped","Already covered"
"2443","AAomsa","1","Dan 7:16 word 3","Aramaic","no","mapped","Regression test only"
"2444","AC/Aamsd/Td","1","Ezra 4:10 word 7","Aramaic","no","mapped","Regression test only"
"2445","AC/Acfsc","1","Dan 7:10 word 12","Aramaic","no","mapped","Regression test only"
"2446","AC/Acmsc","1","Ezra 7:14 word 7","Aramaic","no","mapped","Regression test only"
"2447","AC/Aobsa","1","Dan 5:16 word 28","Aramaic","no","mapped","Regression test only"
"2448","AC/Aomsa","1","Dan 5:7 word 31","Aramaic","no","mapped","Regression test only"
"2449","AC/C/C","1","Dan 5:20 word 1","Aramaic","no","mapped","Regression test only"
"2450","AC/Ncbpa","1","Dan 7:4 word 3","Aramaic","no","mapped","Regression test only"
"2451","AC/Ncfpc","1","Dan 2:42 word 1","Aramaic","no","mapped","Regression test only"
"2452","AC/Ncfpc/Sp3fs","1","Dan 7:19 word 19","Aramaic","no","mapped","Regression test only"
"2453","AC/Ncfsc/Sp2ms","1","Dan 4:19 word 8","Aramaic","no","mapped","Regression test only"
"2454","AC/Ncmpc/Sp1cs","1","Dan 7:28 word 11","Aramaic","no","mapped","Regression test only"
"2455","AC/Ncmpc/Sp2mp","1","Dan 2:5 word 16","Aramaic","no","mapped","Regression test only"
"2456","AC/Ncmsc/Sp3fs","1","Dan 7:20 word 22","Aramaic","no","mapped","Regression test only"
"2457","AC/Ncmsc/Sp3mp","1","Ezra 5:3 word 11","Aramaic","no","mapped","Regression test only"
"2458","AC/Ncmsd/Sp3ms","1","Dan 5:8 word 12","Aramaic","no","mapped","Regression test only"
"2459","AC/Ngbsa","1","Dan 2:10 word 31","Aramaic","no","mapped","Regression test only"
"2460","AC/Ngmsd","1","Dan 5:28 word 6","Aramaic","no","mapped","Regression test only"
"2461","AC/Nxxxa","1","Dan 5:25 word 8","Aramaic","no","mapped","Regression test only"
"2462","AC/Pdxms","1","Dan 5:25 word 1","Aramaic","no","mapped","Regression test only"
"2463","AC/Pf3bs","1","Dan 3:6 word 1","Aramaic","yes","mapped","Already covered"
"2464","AC/Pf3cs","1","Dan 3:11 word 1","Aramaic","yes","mapped","Already covered"
"2465","AC/Pi3cs","1","Dan 3:15 word 35","Aramaic","no","mapped","Regression test only"
"2466","AC/R/Aampc","1","Dan 7:25 word 6","Aramaic","no","mapped","Regression test only"
"2467","AC/R/Ncfsa","1","Dan 6:20 word 6","Aramaic","no","mapped","Regression test only"
"2468","AC/R/Ncfsd/Td","1","Dan 6:28 word 7","Aramaic","no","mapped","Regression test only"
"2469","AC/R/Ncmpc/Sp3mp","1","Dan 2:44 word 1","Aramaic","no","mapped","Regression test only"
"2470","AC/R/Pdxms","1","Ezra 5:7 word 4","Aramaic","no","mapped","Regression test only"
"2471","AC/R/Pf3cs","1","Dan 5:21 word 30","Aramaic","no","mapped","Regression test only"
"2472","AC/R/Pfxcs","1","Dan 4:14 word 19","Aramaic","no","mapped","Regression test only"
"2473","AC/R/R","1","Dan 5:1 word 8","Aramaic","no","mapped","Regression test only"
"2474","AC/R/Sp2mp","1","Ezra 7:24 word 1","Aramaic","no","mapped","Regression test only"
"2475","AC/R/Vpc","1","Dan 6:8 word 12","Aramaic","no","mapped","Regression test only"
"2476","AC/To/Aamsc","1","Dan 4:31 word 14","Aramaic","no","mapped","Regression test only"
"2477","AC/To/Ncmpd/Td","1","Dan 5:23 word 5","Aramaic","no","mapped","Regression test only"
"2478","AC/To/Ncmsc","1","Dan 4:33 word 6","Aramaic","no","mapped","Regression test only"
"2479","AC/To/Np","1","Dan 6:24 word 6","Aramaic","no","mapped","Regression test only"
"2480","AC/To/Sp2ms","1","Dan 4:22 word 1","Aramaic","no","mapped","Regression test only"
"2481","AC/Vai2ms","1","Ezra 6:5 word 23","Aramaic","no","mapped","Regression test only"
"2482","AC/Vai3fs/Sp3fs","1","Dan 7:23 word 19","Aramaic","no","mapped","Regression test only"
"2483","AC/Vai3mp","1","Dan 7:18 word 5","Aramaic","no","mapped","Regression test only"
"2484","AC/Varfsa","1","Dan 7:7 word 21","Aramaic","no","mapped","Regression test only"
"2485","AC/Varmpa","1","Ezra 6:14 word 4","Aramaic","no","mapped","Regression test only"
"2486","AC/Vep3mp","1","Ezra 6:14 word 13","Aramaic","no","mapped","Regression test only"
"2487","AC/Vep3ms/Sp3ms","1","Ezra 5:11 word 25","Aramaic","no","mapped","Regression test only"
"2488","AC/Vhc","1","Dan 5:12 word 10","Aramaic","no","mapped","Regression test only"
"2489","AC/Vhi2ms","1","Ezra 4:15 word 7","Aramaic","no","mapped","Regression test only"
"2490","AC/Vhi3fs","1","Dan 2:44 word 19","Aramaic","no","mapped","Regression test only"
"2491","AC/Vhp1cp","1","Ezra 4:14 word 17","Aramaic","no","mapped","Regression test only"
"2492","AC/VHp3fs","1","Dan 6:18 word 1","Aramaic","no","mapped","Regression test only"
"2493","AC/Vhp3ms/Sp2ms","1","Dan 2:38 word 13","Aramaic","no","mapped","Regression test only"
"2494","AC/Vhp3ms/Sp3fs","1","Dan 5:26 word 8","Aramaic","no","mapped","Regression test only"
"2495","AC/Vhp3ms/Sp3ms","1","Dan 2:48 word 10","Aramaic","no","mapped","Regression test only"
"2496","AC/Vhrfsc","1","Ezra 4:15 word 16","Aramaic","no","mapped","Regression test only"
"2497","AC/Vhrmsa","1","Dan 2:21 word 7","Aramaic","no","mapped","Regression test only"
"2498","AC/Vhsmsa","1","Dan 2:45 word 29","Aramaic","no","mapped","Regression test only"
"2499","AC/VMi3mp","1","Dan 7:27 word 20","Aramaic","no","mapped","Regression test only"
"2500","AC/VMp3ms","1","Ezra 5:1 word 1","Aramaic","no","mapped","Regression test only"
"2501","AC/VMrmpa","1","Dan 3:27 word 1","Aramaic","no","mapped","Regression test only"
"2502","AC/VMrmsa","1","Dan 6:12 word 8","Aramaic","no","mapped","Regression test only"
"2503","AC/Vormsa","1","Dan 4:34 word 5","Aramaic","no","mapped","Regression test only"
"2504","AC/Vpi2ms","1","Ezra 7:17 word 13","Aramaic","no","mapped","Regression test only"
"2505","AC/Vpi3mp","1","Dan 7:18 word 1","Aramaic","no","mapped","Regression test only"
"2506","AC/Vpi3ms/Sp1cs","1","Dan 4:2 word 3","Aramaic","no","mapped","Regression test only"
"2507","AC/Vpp1cs","1","Dan 4:31 word 17","Aramaic","no","mapped","Regression test only"
"2508","AC/Vpp3ms","1","Dan 2:49 word 5","Aramaic","no","mapped","Regression test only"
"2509","AC/Vprmpa","1","Ezra 6:10 word 7","Aramaic","no","mapped","Regression test only"
"2510","AC/Vprmpc","1","Dan 5:12 word 12","Aramaic","no","mapped","Regression test only"
"2511","AC/Vpsfpd/Td","1","Dan 2:22 word 4","Aramaic","yes","mapped","Already covered"
"2512","AC/Vpv2mp/Sp3ms","1","Dan 4:20 word 12","Aramaic","no","mapped","Regression test only"
"2513","AC/Vqi1cs","1","Dan 2:9 word 24","Aramaic","no","mapped","Regression test only"
"2514","AC/Vqi3fs/Sp3fs","1","Dan 7:23 word 18","Aramaic","no","mapped","Regression test only"
"2515","AC/Vqi3mp","1","Dan 5:2 word 17","Aramaic","no","mapped","Regression test only"
"2516","AC/Vqp1cs","1","Dan 5:14 word 1","Aramaic","no","mapped","Regression test only"
"2517","AC/Vqp2ms","1","Dan 4:19 word 7","Aramaic","no","mapped","Regression test only"
"2518","AC/Vqp3fp","1","Dan 7:20 word 10","Aramaic","no","mapped","Regression test only"
"2519","AC/Vqp3ms/Sp3fs","1","Dan 6:18 word 8","Aramaic","no","mapped","Regression test only"
"2520","AC/Vqrfpa","1","Dan 5:5 word 9","Aramaic","no","mapped","Regression test only"
"2521","AC/Vqrfsa","1","Dan 7:21 word 9","Aramaic","no","mapped","Regression test only"
"2522","AC/Vqrmpc/Sp3ms","1","Ezra 7:15 word 6","Aramaic","no","mapped","Regression test only"
"2523","AC/VQsmsa","1","Ezra 6:11 word 15","Aramaic","no","mapped","Regression test only"
"2524","AC/Vqv2mp","1","Dan 3:26 word 20","Aramaic","no","mapped","Regression test only"
"2525","AC/Vui3mp","1","Dan 7:25 word 13","Aramaic","no","mapped","Regression test only"
"2526","AC/Vup2ms","1","Dan 5:27 word 4","Aramaic","no","mapped","Regression test only"
"2527","AC/Vup3ms","1","Ezra 6:2 word 1","Aramaic","no","mapped","Regression test only"
"2528","ANcbpa","1","Dan 7:6 word 9","Aramaic","no","mapped","Regression test only"
"2529","ANcbpc/Sp3fs","1","Dan 7:4 word 12","Aramaic","no","mapped","Regression test only"
"2530","ANcfda","1","Dan 7:4 word 17","Aramaic","no","mapped","Regression test only"
"2531","ANcfdc/Sp3fs","1","Dan 7:19 word 15","Aramaic","no","mapped","Regression test only"
"2532","ANcfpc/Sp1cs","1","Dan 3:15 word 41","Aramaic","no","mapped","Regression test only"
"2533","ANcfpc/Sp3fs","1","Dan 7:20 word 25","Aramaic","no","mapped","Regression test only"
"2534","ANcfsc/Sd","1","Dan 2:39 word 5","Aramaic","no","mapped","Regression test only"
"2535","ANcfsc/Sp2mp","1","Dan 2:9 word 8","Aramaic","no","mapped","Regression test only"
"2536","ANcfsd","1","Dan 2:39 word 6","Aramaic","no","mapped","Regression test only"
"2537","ANcmdc/Sp3ms","1","Dan 3:19 word 6","Aramaic","no","mapped","Regression test only"
"2538","ANcmpc/Sp1cp","1","Ezra 5:12 word 5","Aramaic","no","mapped","Regression test only"
"2539","ANcmsc/Sp1cp","1","Dan 3:17 word 3","Aramaic","no","mapped","Regression test only"
"2540","ANcmsc/Sp1ms","1","Dan 4:27 word 17","Aramaic","yes","mapped","Already covered"
"2541","ANgmpc","1","Ezra 4:9 word 13","Aramaic","no","mapped","Regression test only"
"2542","ANgmsc/Sp1cs","1","Dan 4:4 word 7","Aramaic","no","mapped","Regression test only"
"2543","APd3ms","1","Dan 2:32 word 1","Aramaic","no","mapped","Regression test only"
"2544","APdxbs","1","Dan 2:31 word 10","Aramaic","no","mapped","Regression test only"
"2545","APf3bs","1","Dan 3:6 word 2","Aramaic","no","mapped","Regression test only"
"2546","APi3ms","1","Ezra 5:3 word 15","Aramaic","no","mapped","Regression test only"
"2547","APixbs","1","Dan 4:32 word 21","Aramaic","no","mapped","Regression test only"
"2548","APp2mp","1","Dan 2:8 word 10","Aramaic","no","mapped","Regression test only"
"2549","APp3fp","1","Dan 7:17 word 5","Aramaic","no","mapped","Regression test only"
"2550","AR/Aampc","1","Dan 7:22 word 8","Aramaic","no","mapped","Regression test only"
"2551","AR/Aamsa","1","Dan 5:17 word 11","Aramaic","no","mapped","Regression test only"
"2552","AR/Acfsa","1","Dan 2:35 word 3","Aramaic","no","mapped","Regression test only"
"2553","AR/Ncfpc","1","Dan 7:8 word 22","Aramaic","no","mapped","Regression test only"
"2554","AR/Ncfpc/Sp3fs","1","Dan 7:19 word 25","Aramaic","no","mapped","Regression test only"
"2555","AR/Ncfsc/Sp1cs","1","Ezra 7:13 word 7","Aramaic","no","mapped","Regression test only"
"2556","AR/Ncfsc/Sp3fs","1","Dan 7:7 word 24","Aramaic","no","mapped","Regression test only"
"2557","AR/Ncfsc/Sp3mp","1","Ezra 5:8 word 23","Aramaic","no","mapped","Regression test only"
"2558","AR/Ngmpa/Sp1cs","1","Dan 2:5 word 5","Aramaic","no","mapped","Regression test only"
"2559","AR/Ngmsd","1","Dan 5:28 word 5","Aramaic","no","mapped","Regression test only"
"2560","AR/Ngmsd/Td","1","Dan 2:5 word 4","Aramaic","no","mapped","Regression test only"
"2561","AR/Pdxcs","1","Jer 10:11 word 1","Aramaic","no","mapped","Regression test only"
"2562","AR/Pdxfs","1","Dan 5:6 word 12","Aramaic","no","mapped","Regression test only"
"2563","AR/Pixcs","1","Ezra 7:23 word 13","Aramaic","no","mapped","Regression test only"
"2564","AR/R/Sp2ms","1","Dan 2:31 word 15","Aramaic","no","mapped","Regression test only"
"2565","AR/Ti","1","Ezra 4:22 word 7","Aramaic","no","mapped","Regression test only"
"2566","AR/Tn","1","Dan 4:32 word 5","Aramaic","no","mapped","Regression test only"
"2567","AR/To","1","Dan 4:22 word 16","Aramaic","no","mapped","Regression test only"
"2568","AR/Tr","1","Dan 3:7 word 6","Aramaic","no","mapped","Regression test only"
"2569","AR/Vec/Sp1cp","1","Dan 3:17 word 8","Aramaic","no","mapped","Regression test only"
"2570","AR/Vec/Sp2ms","1","Dan 6:21 word 23","Aramaic","no","mapped","Regression test only"
"2571","AR/Vec/Sp3ms","1","Dan 6:15 word 13","Aramaic","no","mapped","Regression test only"
"2572","AR/VMc","1","Dan 2:13 word 8","Aramaic","no","mapped","Regression test only"
"2573","AR/Vqc/Sp3ms","1","Dan 3:19 word 23","Aramaic","no","mapped","Regression test only"
"2574","AR/Vqrmpc","1","Dan 2:21 word 13","Aramaic","no","mapped","Regression test only"
"2575","ATa/Sp3ms","1","Dan 2:11 word 20","Aramaic","no","mapped","Regression test only"
"2576","ATi","1","Dan 2:15 word 8","Aramaic","no","mapped","Regression test only"
"2577","ATi/Ncmsa","1","Dan 3:14 word 5","Aramaic","no","mapped","Regression test only"
"2578","ATi/Vqp3ms","1","Dan 6:21 word 22","Aramaic","no","mapped","Regression test only"
"2579","ATo/Ncfsc","1","Ezra 6:7 word 2","Aramaic","no","mapped","Regression test only"
"2580","ATo/Ncmpc/Sp3ms","1","Dan 3:28 word 15","Aramaic","no","mapped","Regression test only"
"2581","ATo/Ncmsc/Sp3mp","1","Dan 3:28 word 33","Aramaic","no","mapped","Regression test only"
"2582","ATo/Sp2ms","1","Dan 4:29 word 3","Aramaic","no","mapped","Regression test only"
"2583","ATr/Ta","1","Ezra 4:9 word 17","Aramaic","no","mapped","Regression test only"
"2584","AVai2ms","1","Dan 6:9 word 3","Aramaic","no","mapped","Regression test only"
"2585","AVai3fs","1","Dan 4:9 word 9","Aramaic","no","mapped","Regression test only"
"2586","AVap3ms/Sp3ms","1","Dan 3:1 word 13","Aramaic","no","mapped","Regression test only"
"2587","AVarfpa","1","Dan 7:2 word 13","Aramaic","no","mapped","Regression test only"
"2588","AVav2mp","1","Dan 4:11 word 9","Aramaic","no","mapped","Regression test only"
"2589","AVav2ms","1","Ezra 5:15 word 8","Aramaic","no","mapped","Regression test only"
"2590","AVei3ms","1","Dan 3:17 word 16","Aramaic","no","mapped","Regression test only"
"2591","AVei3ms/Sp2mp","1","Dan 3:15 word 39","Aramaic","yes","mapped","Already covered"
"2592","AVei3ms/Sp2ms","1","Dan 6:17 word 22","Aramaic","no","mapped","Regression test only"
"2593","AVep3mp","1","Ezra 4:12 word 21","Aramaic","no","mapped","Regression test only"
"2594","AVep3ms","1","Dan 6:28 word 9","Aramaic","no","mapped","Regression test only"
"2595","AVermsa","1","Dan 6:28 word 1","Aramaic","no","mapped","Regression test only"
"2596","AVhi1cs/Sp3ms","1","Dan 5:17 word 18","Aramaic","no","mapped","Regression test only"
"2597","AVhi3mp/Sp1cs","1","Dan 4:3 word 12","Aramaic","no","mapped","Regression test only"
"2598","AVhi3ms/Sp1cs","1","Dan 7:16 word 16","Aramaic","no","mapped","Regression test only"
"2599","AVhp1cp","1","Dan 6:6 word 13","Aramaic","no","mapped","Regression test only"
"2600","AVhp2mp","1","Dan 2:9 word 12","Aramaic","no","mapped","Regression test only"
"2601","AVhp2ms/Sp1cp","1","Dan 2:23 word 20","Aramaic","no","mapped","Regression test only"
"2602","AVhp2ms/Sp1cs","1","Dan 2:23 word 13","Aramaic","no","mapped","Regression test only"
"2603","AVhp3mp/Sp1cp","1","Ezra 5:11 word 3","Aramaic","no","mapped","Regression test only"
"2604","AVhp3mp/Sp3ms","1","Dan 7:13 word 18","Aramaic","no","mapped","Regression test only"
"2605","AVhp3ms/Sp2ms","1","Dan 2:29 word 14","Aramaic","no","mapped","Regression test only"
"2606","AVhp3ms/Sp3ms","1","Dan 5:11 word 26","Aramaic","no","mapped","Regression test only"
"2607","AVhrfsa","1","Dan 2:15 word 10","Aramaic","no","mapped","Regression test only"
"2608","AVhsmpa","1","Ezra 6:1 word 11","Aramaic","no","mapped","Regression test only"
"2609","AVhsmsa","1","Dan 6:5 word 20","Aramaic","no","mapped","Regression test only"
"2610","AVhv2mp/Sp1cs","1","Dan 2:6 word 15","Aramaic","no","mapped","Regression test only"
"2611","AVhv2ms","1","Ezra 7:19 word 8","Aramaic","no","mapped","Regression test only"
"2612","AVhv2ms/Sp1cs","1","Dan 2:24 word 22","Aramaic","no","mapped","Regression test only"
"2613","AVMp3ms","1","Dan 3:27 word 18","Aramaic","no","mapped","Regression test only"
"2614","AVMrfsa","1","Ezra 4:19 word 14","Aramaic","no","mapped","Regression test only"
"2615","AVpi1cp","1","Dan 2:4 word 13","Aramaic","no","mapped","Regression test only"
"2616","AVpi1cs","1","Dan 2:24 word 27","Aramaic","no","mapped","Regression test only"
"2617","AVpi2mp","1","Dan 2:6 word 9","Aramaic","no","mapped","Regression test only"
"2618","AVpi3mp/Sp2ms","1","Dan 5:10 word 17","Aramaic","no","mapped","Regression test only"
"2619","AVpi3ms/Sp1cs","1","Dan 5:7 word 22","Aramaic","no","mapped","Regression test only"
"2620","AVpi3ms/Sp2ms","1","Dan 4:16 word 18","Aramaic","no","mapped","Regression test only"
"2621","AVpi3ms/Sp3fs","1","Dan 2:11 word 10","Aramaic","no","mapped","Regression test only"
"2622","AVPp3mp","1","Dan 6:8 word 1","Aramaic","no","mapped","Regression test only"
"2623","AVpp3mp/Sp1cs","1","Dan 6:23 word 8","Aramaic","no","mapped","Regression test only"
"2624","AVprfsa","1","Dan 7:11 word 10","Aramaic","no","mapped","Regression test only"
"2625","AVprmsc","1","Dan 5:12 word 8","Aramaic","no","mapped","Regression test only"
"2626","AVpsfsa","1","Dan 7:7 word 27","Aramaic","no","mapped","Regression test only"
"2627","AVpsmpa","1","Dan 3:23 word 13","Aramaic","no","mapped","Regression test only"
"2628","AVpv2ms","1","Ezra 7:25 word 7","Aramaic","no","mapped","Regression test only"
"2629","AVQi2ms","1","Dan 5:27 word 2","Aramaic","no","mapped","Regression test only"
"2630","AVqi3fp","1","Dan 5:17 word 9","Aramaic","no","mapped","Regression test only"
"2631","AVqi3ms/Sp2mp","1","Ezra 7:21 word 15","Aramaic","no","mapped","Regression test only"
"2632","AVqp1cs/Sp3fs","1","Dan 4:27 word 11","Aramaic","no","mapped","Regression test only"
"2633","AVqp3fp","1","Dan 5:5 word 4","Aramaic","no","mapped","Regression test only"
"2634","AVqp3mp/Sp3ms","1","Dan 5:6 word 4","Aramaic","no","mapped","Regression test only"
"2635","AVqrmpc/Sp3ms","1","Ezra 7:14 word 8","Aramaic","no","mapped","Regression test only"
"2636","AVqrmpd/Td","1","Dan 7:16 word 5","Aramaic","no","mapped","Regression test only"
"2637","AVQsfpa","1","Dan 6:11 word 10","Aramaic","no","mapped","Regression test only"
"2638","AVrp2ms","1","Dan 5:23 word 4","Aramaic","no","mapped","Regression test only"
"2639","AVssmpa","1","Ezra 6:3 word 19","Aramaic","yes","mapped","Already covered"
"2640","AVui3mp","1","Dan 2:5 word 18","Aramaic","no","mapped","Regression test only"
"2641","AVup3mp","1","Dan 3:28 word 17","Aramaic","no","mapped","Regression test only"
"2642","AVurfsa","1","Ezra 5:8 word 21","Aramaic","no","mapped","Regression test only"
"2643","AVusfsa","1","Ezra 6:8 word 24","Aramaic","no","mapped","Regression test only"
"2644","AVusmpa","1","Ezra 7:19 word 3","Aramaic","no","mapped","Regression test only"
"2645","AVvi3mp","1","Ezra 4:12 word 20","Aramaic","no","mapped","Regression test only"
"2646","AVzp3ms","1","Dan 4:16 word 6","Aramaic","yes","mapped","Already covered"
"2647","HAabsa","1","Ruth 4:1 word 17","Hebrew","no","mapped","Regression test only"
"2648","HAafpc/Sp3mp","1","Ps 125:5 word 2","Hebrew","no","mapped","Regression test only"
"2649","HAafpc/Sp3ms","1","Neh 6:19 word 2","Hebrew","no","mapped","Regression test only"
"2650","HAafsc/Sp2fs","1","Jer 11:15 word 12","Hebrew","no","mapped","Regression test only"
"2651","HAafsc/Sp2ms","1","Ps 65:12 word 3","Hebrew","no","mapped","Regression test only"
"2652","HAamsc/Sp2mp","1","Isa 43:15 word 3","Hebrew","no","mapped","Regression test only"
"2653","HAcbpc/Sp3mp","1","2Kgs 1:14 word 13","Hebrew","no","mapped","Regression test only"
"2654","HAcfdc/Sp3fp","1","1Sam 25:43 word 8","Hebrew","no","mapped","Regression test only"
"2655","HAcmdc/Sp2mp","1","Gen 27:45 word 17","Hebrew","no","mapped","Regression test only"
"2656","HAcmsc/Sp2mp","1","Num 12:4 word 11","Hebrew","no","mapped","Regression test only"
"2657","HAofsa/Sh","1","Ezek 21:19 word 11","Hebrew","no","mapped","Regression test only"
"2658","HAofsc/Sp2fs","1","Ezek 5:12 word 1","Hebrew","no","mapped","Regression test only"
"2659","HC/Aafpc/Sp3mp","1","2Kgs 8:12 word 23","Hebrew","yes","mapped","Already covered"
"2660","HC/Aafpc/Sp3ms","1","Hos 14:1 word 10","Hebrew","no","mapped","Regression test only"
"2661","HC/Aampc/Sp2mp","1","Deut 5:23 word 15","Hebrew","no","mapped","Regression test only"
"2662","HC/Aobpc/Sp3ms","1","Lev 5:24 word 10","Hebrew","no","mapped","Regression test only"
"2663","HC/Aofsa","1","Neh 9:3 word 11","Hebrew","no","mapped","Regression test only"
"2664","HC/D/Sp1cs","1","Ps 139:18 word 5","Hebrew","no","mapped","Regression test only"
"2665","HC/D/Sp2ms","1","Exod 9:2 word 6","Hebrew","no","mapped","Regression test only"
"2666","HC/Ncbdc/Sp1cp","1","Deut 21:7 word 10","Hebrew","no","mapped","Regression test only"
"2667","HC/Ncbdc/Sp3mp","1","Ezek 10:12 word 4","Hebrew","no","mapped","Regression test only"
"2668","HC/Ncbsa/Sh","1","Job 5:16 word 4","Hebrew","no","mapped","Regression test only"
"2669","HC/Ncbsc/Sd","1","Isa 8:23 word 12","Hebrew","no","mapped","Regression test only"
"2670","HC/Ncbsc/Sp3fs","1","Hos 2:13 word 6","Hebrew","no","mapped","Regression test only"
"2671","HC/Ncfdc/Sp2fs","1","Ezek 23:25 word 8","Hebrew","no","mapped","Regression test only"
"2672","HC/Ncfdc/Sp3fs","1","Prov 31:19 word 4","Hebrew","no","mapped","Regression test only"
"2673","HC/Ncfpc/Sp3fp","1","Zech 11:16 word 22","Hebrew","no","mapped","Regression test only"
"2674","HC/Ncfsa/Sh","1","Hos 8:7 word 4","Hebrew","no","mapped","Regression test only"
"2675","HC/Ncfsc/Sp2fp","1","Amos 4:2 word 13","Hebrew","no","mapped","Regression test only"
"2676","HC/Ncmdc/Sp1cp","1","Jer 9:17 word 8","Hebrew","no","mapped","Regression test only"
"2677","HC/Ncmdc/Sp1cs","1","Song 8:10 word 3","Hebrew","no","mapped","Regression test only"
"2678","HC/Ncmdc/Sp3mp","1","Ps 69:24 word 4","Hebrew","no","mapped","Regression test only"
"2679","HC/Ncmsc/Sp3fp","1","Gen 41:21 word 10","Hebrew","no","mapped","Regression test only"
"2680","HC/Np/Sh","1","1Chr 1:7 word 4","Hebrew","no","mapped","Regression test only"
"2681","HC/R/Aafsa","1","Jer 28:8 word 16","Hebrew","no","mapped","Regression test only"
"2682","HC/R/Aampc/Sp1cp","1","Exod 10:9 word 4","Hebrew","no","mapped","Regression test only"
"2683","HC/R/Aampc/Sp1cs","1","Ps 31:12 word 5","Hebrew","no","mapped","Regression test only"
"2684","HC/R/Aampc/Sp3ms","1","Isa 57:18 word 8","Hebrew","no","mapped","Regression test only"
"2685","HC/R/Aamsc/Sp3ms","1","Josh 6:26 word 20","Hebrew","no","mapped","Regression test only"
"2686","HC/R/Acbpc/Sp2mp","1","1Sam 10:19 word 24","Hebrew","no","mapped","Regression test only"
"2687","HC/R/Acfdc","1","Judg 16:3 word 13","Hebrew","no","mapped","Regression test only"
"2688","HC/R/Acmdc","1","Job 42:7 word 18","Hebrew","no","mapped","Regression test only"
"2689","HC/R/Ncbpc/Sp1cp","1","Ezra 9:7 word 9","Hebrew","no","mapped","Regression test only"
"2690","HC/R/Ncbpc/Sp3fs","1","Job 37:8 word 5","Hebrew","no","mapped","Regression test only"
"2691","HC/R/Ncbsc/Sp1cp","1","Exod 10:9 word 9","Hebrew","no","mapped","Regression test only"
"2692","HC/R/Ncbsc/Sp2fs","1","Isa 62:4 word 6","Hebrew","no","mapped","Regression test only"
"2693","HC/R/Ncbsc/Sp2mp","1","Lev 22:24 word 8","Hebrew","no","mapped","Regression test only"
"2694","HC/R/Ncbsc/Sp3fs","1","Isa 62:4 word 16","Hebrew","no","mapped","Regression test only"
"2695","HC/R/Ncfdc/Sp1cs","1","Job 31:7 word 10","Hebrew","no","mapped","Regression test only"
"2696","HC/R/Ncfdc/Sp3mp","1","Isa 3:16 word 17","Hebrew","no","mapped","Regression test only"
"2697","HC/R/Ncfpc/Sp1cp","1","Exod 10:9 word 7","Hebrew","no","mapped","Regression test only"
"2698","HC/R/Ncfpc/Sp3fp","1","Ezek 16:47 word 4","Hebrew","no","mapped","Regression test only"
"2699","HC/R/Ncfsc/Sp2fs","1","Jer 3:2 word 19","Hebrew","no","mapped","Regression test only"
"2700","HC/R/Ncmdc/Sp3ms","1","Ezek 8:2 word 10","Hebrew","no","mapped","Regression test only"
"2701","HC/R/Ncmsa/Sd","1","Ezek 40:44 word 1","Hebrew","no","mapped","Regression test only"
"2702","HC/R/Ncmsc/Sp1cp","1","Ezra 8:21 word 15","Hebrew","no","mapped","Regression test only"
"2703","HC/R/Ncmsc/Sp2fs","1","1Kgs 17:13 word 19","Hebrew","no","mapped","Regression test only"
"2704","HC/R/Np/Sd","1","2Kgs 17:24 word 5","Hebrew","no","mapped","Regression test only"
"2705","HC/R/Pp3mp","1","2Sam 24:3 word 11","Hebrew","no","mapped","Regression test only"
"2706","HC/R/R/D/Sd","1","1Kgs 7:11 word 1","Hebrew","no","mapped","Regression test only"
"2707","HC/R/R/Ncbpa","1","Isa 41:26 word 5","Hebrew","no","mapped","Regression test only"
"2708","HC/R/R/Ncbpc","1","2Chr 32:7 word 10","Hebrew","no","mapped","Regression test only"
"2709","HC/R/R/Ncbsc","1","Deut 4:32 word 17","Hebrew","no","mapped","Regression test only"
"2710","HC/R/R/Ncfsc","1","Dan 1:18 word 1","Hebrew","no","mapped","Regression test only"
"2711","HC/R/R/Ncmpa","1","1Chr 17:10 word 1","Hebrew","no","mapped","Regression test only"
"2712","HC/R/R/Sd","1","Ezek 42:9 word 1","Hebrew","no","mapped","Regression test only"
"2713","HC/R/Sp3fp","1","Zech 5:9 word 10","Hebrew","no","mapped","Regression test only"
"2714","HC/R/Td/Ncbpa","1","1Sam 13:21 word 8","Hebrew","no","mapped","Regression test only"
"2715","HC/R/Td/Ncbsa","1","2Sam 16:2 word 14","Hebrew","no","mapped","Regression test only"
"2716","HC/R/Td/Ncfsa","1","Ezek 43:14 word 11","Hebrew","no","mapped","Regression test only"
"2717","HC/R/Td/Ngmpa","1","2Chr 34:13 word 9","Hebrew","no","mapped","Regression test only"
"2718","HC/R/Vhc/Sp1cs","1","Ezek 37:13 word 8","Hebrew","no","mapped","Regression test only"
"2719","HC/R/Vhc/Sp2mp","1","Ezek 45:1 word 1","Hebrew","no","mapped","Regression test only"
"2720","HC/R/Vlc","1","Ruth 4:15 word 5","Hebrew","no","mapped","Regression test only"
"2721","HC/R/VNc/Sp2ms","1","2Chr 16:8 word 11","Hebrew","no","mapped","Regression test only"
"2722","HC/R/VNrfpa","1","Ps 131:1 word 14","Hebrew","no","mapped","Regression test only"
"2723","HC/R/Vpc/Sp1cs","1","Ezek 3:27 word 1","Hebrew","no","mapped","Regression test only"
"2724","HC/R/Vpc/Sp2mp","1","Isa 1:15 word 1","Hebrew","no","mapped","Regression test only"
"2725","HC/R/Vpc/Sp3fs","1","2Sam 10:3 word 22","Hebrew","no","mapped","Regression test only"
"2726","HC/R/Vprmpc/Sp1cs","1","Deut 32:41 word 11","Hebrew","no","mapped","Regression test only"
"2727","HC/R/Vprmsc/Sp1cs","1","Prov 5:13 word 5","Hebrew","no","mapped","Regression test only"
"2728","HC/R/Vqc/Sp1cp","1","Ezra 9:8 word 20","Hebrew","no","mapped","Regression test only"
"2729","HC/R/Vqc/Sp2fs","1","Ezek 16:34 word 10","Hebrew","no","mapped","Regression test only"
"2730","HC/R/Vqrfpa","1","1Sam 8:13 word 6","Hebrew","no","mapped","Regression test only"
"2731","HC/R/Vqrfsa","1","Isa 34:4 word 14","Hebrew","no","mapped","Regression test only"
"2732","HC/R/Vqrfsc","1","Exod 3:22 word 4","Hebrew","yes","mapped","Already covered"
"2733","HC/R/Vqrmsc/Sp1cs","1","Job 36:3 word 4","Hebrew","no","mapped","Regression test only"
"2734","HC/R/Vqrmsc/Sp3ms","1","Job 39:18 word 6","Hebrew","no","mapped","Regression test only"
"2735","HC/R/Vqsmpa","1","Isa 61:1 word 18","Hebrew","no","mapped","Regression test only"
"2736","HC/R/Vqsmsa","1","Ps 51:8 word 5","Hebrew","no","mapped","Regression test only"
"2737","HC/R/Vtc/Sp3ms","1","Ezra 10:1 word 3","Hebrew","no","mapped","Regression test only"
"2738","HC/Rd/Aafsa","1","Dan 11:29 word 8","Hebrew","no","mapped","Regression test only"
"2739","HC/Rd/Aampa","1","Ps 75:5 word 5","Hebrew","no","mapped","Regression test only"
"2740","HC/Rd/Aofsa","1","Exod 21:2 word 8","Hebrew","no","mapped","Regression test only"
"2741","HC/Rd/Aomsa","1","Zech 7:5 word 13","Hebrew","no","mapped","Regression test only"
"2742","HC/Rd/Ncmsa/Sd","1","2Chr 32:5 word 10","Hebrew","no","mapped","Regression test only"
"2743","HC/Rd/Vhrmpa","1","Prov 24:25 word 1","Hebrew","no","mapped","Regression test only"
"2744","HC/Rd/Vhrmsa","1","Isa 29:21 word 4","Hebrew","no","mapped","Regression test only"
"2745","HC/Rd/VHsfsa","1","1Chr 23:29 word 8","Hebrew","no","mapped","Regression test only"
"2746","HC/Rd/VNrmpa","1","Mal 3:5 word 9","Hebrew","no","mapped","Regression test only"
"2747","HC/Rd/Vormpa","1","2Chr 5:13 word 5","Hebrew","no","mapped","Regression test only"
"2748","HC/Sp2ms","1","1Sam 2:2 word 6","Hebrew","no","mapped","Regression test only"
"2749","HC/Td/Acbda","1","Num 3:46 word 5","Hebrew","no","mapped","Regression test only"
"2750","HC/Td/Ncfda","1","2Kgs 9:35 word 9","Hebrew","no","mapped","Regression test only"
"2751","HC/Td/Ncmsc/Sp3ms","1","Josh 8:33 word 24","Hebrew","no","mapped","Regression test only"
"2752","HC/Td/Ngfsa","1","Jer 34:9 word 9","Hebrew","no","mapped","Regression test only"
"2753","HC/Td/R/Sp3fs","1","1Sam 9:24 word 5","Hebrew","no","mapped","Regression test only"
"2754","HC/Td/VNrfpa","1","Deut 29:28 word 4","Hebrew","no","mapped","Regression test only"
"2755","HC/Td/VNsmsa","1","Ezra 10:3 word 8","Hebrew","no","mapped","Regression test only"
"2756","HC/Td/VPsfsa","1","Jer 6:2 word 2","Hebrew","no","mapped","Regression test only"
"2757","HC/Td/Vqrmsc/Sp2ms","1","Deut 13:6 word 18","Hebrew","no","mapped","Regression test only"
"2758","HC/Td/Vqrmsc/Sp3fs","1","Dan 11:6 word 23","Hebrew","no","mapped","Regression test only"
"2759","HC/Td/Vqsfpa","1","Gen 30:35 word 12","Hebrew","no","mapped","Regression test only"
"2760","HC/Td/Vtrmpa","1","Isa 66:17 word 2","Hebrew","no","mapped","Regression test only"
"2761","HC/Ti/Tn","1","2Sam 15:35 word 1","Hebrew","no","mapped","Regression test only"
"2762","HC/Ti/Vpp2ms","1","Prov 24:28 word 6","Hebrew","no","mapped","Regression test only"
"2763","HC/Tj/R/Sp3ms","1","Eccl 4:10 word 8","Hebrew","no","mapped","Regression test only"
"2764","HC/To/Sp2fs","1","Gen 12:12 word 11","Hebrew","no","mapped","Regression test only"
"2765","HC/To/Sp3fp","1","Lev 20:14 word 13","Hebrew","no","mapped","Regression test only"
"2766","HC/Tr/Vqp1cs","1","Eccl 2:19 word 11","Hebrew","no","mapped","Regression test only"
"2767","HC/VDq3cp","1","Ezek 23:48 word 5","Hebrew","no","mapped","Regression test only"
"2768","HC/VDq3ms","1","Deut 21:8 word 14","Hebrew","yes","mapped","Already covered"
"2769","HC/Vfi1cs","1","Ps 119:47 word 1","Hebrew","no","mapped","Regression test only"
"2770","HC/Vfi3ms","1","Dan 11:11 word 1","Hebrew","no","mapped","Regression test only"
"2771","HC/Vfrmpa","1","2Chr 36:16 word 7","Hebrew","yes","mapped","Already covered"
"2772","HC/Vfw3fs","1","Esth 4:4 word 7","Hebrew","no","mapped","Regression test only"
"2773","HC/Vhc/Sp3ms","1","Isa 11:3 word 1","Hebrew","no","mapped","Regression test only"
"2774","HC/Vhh1cp/Sp3fs","1","Jer 48:2 word 10","Hebrew","no","mapped","Regression test only"
"2775","HC/Vhh1cp/Sp3mp","1","Judg 20:13 word 9","Hebrew","no","mapped","Regression test only"
"2776","HC/Vhh1cs/Sp2ms","1","Judg 4:22 word 12","Hebrew","no","mapped","Regression test only"
"2777","HC/Vhh1cs/Sp3mp","1","Deut 9:14 word 3","Hebrew","no","mapped","Regression test only"
"2778","HC/VHi1cp/Sp3mp","1","Deut 13:3 word 15","Hebrew","no","mapped","Regression test only"
"2779","HC/Vhi2fs","1","Jer 2:22 word 5","Hebrew","no","mapped","Regression test only"
"2780","HC/Vhi2mp/Sp1cs","1","Isa 46:5 word 4","Hebrew","no","mapped","Regression test only"
"2781","HC/VHi3fs","1","Isa 8:10 word 3","Hebrew","no","mapped","Regression test only"
"2782","HC/Vhi3fs/Sp1cs","1","Ps 138:7 word 11","Hebrew","no","mapped","Regression test only"
"2783","HC/VHi3mp","1","Job 19:23 word 9","Hebrew","no","mapped","Regression test only"
"2784","HC/Vhi3mp/Sp1cs","1","2Chr 28:23 word 16","Hebrew","no","mapped","Regression test only"
"2785","HC/Vhi3mp/Sp2ms","1","Ps 49:19 word 5","Hebrew","no","mapped","Regression test only"
"2786","HC/VHi3ms","1","Job 20:8 word 5","Hebrew","no","mapped","Regression test only"
"2787","HC/Vhi3ms/Sp2mp","1","Isa 35:4 word 15","Hebrew","no","mapped","Regression test only"
"2788","HC/Vhj2ms","1","Job 10:17 word 4","Hebrew","no","mapped","Regression test only"
"2789","HC/Vhj3fs","1","Hos 2:4 word 11","Hebrew","no","mapped","Regression test only"
"2790","HC/Vhj3fs/Sp1cs","1","2Sam 13:5 word 17","Hebrew","no","mapped","Regression test only"
"2791","HC/Vhj3mp/Sp2fs","1","Isa 47:13 word 6","Hebrew","no","mapped","Regression test only"
"2792","HC/Vhj3mp/Sp3ms","1","1Kgs 21:10 word 7","Hebrew","no","mapped","Regression test only"
"2793","HC/Vhj3ms/Sp1cp","1","1Sam 7:8 word 13","Hebrew","no","mapped","Regression test only"
"2794","HC/Vhp1cs/Sp2ms","1","Exod 4:12 word 7","Hebrew","no","mapped","Regression test only"
"2795","HC/Vhp2fs","1","1Kgs 17:13 word 16","Hebrew","no","mapped","Regression test only"
"2796","HC/Vhp2fs/Sp3ms","1","2Sam 14:10 word 5","Hebrew","no","mapped","Regression test only"
"2797","HC/Vhp2ms/Sp1cs","1","2Chr 1:8 word 11","Hebrew","no","mapped","Regression test only"
"2798","HC/VHp3cp","1","Jer 14:3 word 16","Hebrew","no","mapped","Regression test only"
"2799","HC/Vhp3cp/Sp1cs","1","Gen 34:30 word 19","Hebrew","no","mapped","Regression test only"
"2800","HC/Vhp3cp/Sp3mp","1","1Kgs 14:28 word 9","Hebrew","no","mapped","Regression test only"
"2801","HC/Vhp3cp/Sp3ms","1","Job 18:11 word 4","Hebrew","no","mapped","Regression test only"
"2802","HC/Vhp3ms/Sp2ms","1","1Kgs 20:36 word 12","Hebrew","no","mapped","Regression test only"
"2803","HC/Vhq1cp/Sp3mp","1","2Sam 21:6 word 7","Hebrew","no","mapped","Regression test only"
"2804","HC/Vhq2fs","1","Mic 4:13 word 12","Hebrew","no","mapped","Regression test only"
"2805","HC/VHq2mp","1","Isa 5:8 word 11","Hebrew","no","mapped","Regression test only"
"2806","HC/VHq2ms","1","Ezek 31:18 word 9","Hebrew","no","mapped","Regression test only"
"2807","HC/Vhq3cp/Sp3ms","1","Esth 6:9 word 17","Hebrew","no","mapped","Regression test only"
"2808","HC/VHq3fs","1","Zech 5:11 word 9","Hebrew","no","mapped","Regression test only"
"2809","HC/Vhq3ms/Sp1cp","1","2Sam 15:14 word 21","Hebrew","no","mapped","Regression test only"
"2810","HC/Vhrfpa","1","Lev 26:16 word 15","Hebrew","no","mapped","Regression test only"
"2811","HC/Vhrmpc/Sp2fs","1","Isa 49:17 word 4","Hebrew","no","mapped","Regression test only"
"2812","HC/Vhrmpc/Sp2ms","1","Isa 43:27 word 4","Hebrew","no","mapped","Regression test only"
"2813","HC/Vhrmpc/Sp3fs","1","Dan 11:6 word 22","Hebrew","no","mapped","Regression test only"
"2814","HC/Vhrmsc/Sp1cs","1","2Sam 22:49 word 1","Hebrew","no","mapped","Regression test only"
"2815","HC/Vhrmsc/Sp3fs","1","Dan 11:6 word 24","Hebrew","no","mapped","Regression test only"
"2816","HC/Vhv2fs/Sp3ms","1","Exod 2:9 word 9","Hebrew","yes","mapped","Already covered"
"2817","HC/Vhv2mp/Sp1cs","1","Jonah 1:12 word 4","Hebrew","no","mapped","Regression test only"
"2818","HC/VHv2ms/Sh","1","Ezek 32:19 word 4","Hebrew","no","mapped","Regression test only"
"2819","HC/Vhw1cp/Sp3mp","1","Deut 29:6 word 14","Hebrew","no","mapped","Regression test only"
"2820","HC/Vhw1cp/Sp3ms","1","Deut 3:3 word 13","Hebrew","no","mapped","Regression test only"
"2821","HC/Vhw1cs/Sd","1","2Sam 7:9 word 6","Hebrew","no","mapped","Regression test only"
"2822","HC/Vhw1cs/Sp3ms","1","Neh 13:28 word 10","Hebrew","no","mapped","Regression test only"
"2823","HC/VHw2fs","1","Ezek 16:5 word 11","Hebrew","no","mapped","Regression test only"
"2824","HC/Vhw2mp/Sn","1","Amos 6:3 word 4","Hebrew","no","mapped","Regression test only"
"2825","HC/Vhw2mp/Sp3mp","1","Jer 23:2 word 16","Hebrew","no","mapped","Regression test only"
"2826","HC/VHw3mp","1","Exod 5:14 word 1","Hebrew","no","mapped","Regression test only"
"2827","HC/Vhw3mp/Sp2ms","1","Jer 12:5 word 5","Hebrew","no","mapped","Regression test only"
"2828","HC/Vhw3ms/Sp3fp","1","Exod 2:17 word 6","Hebrew","no","mapped","Regression test only"
"2829","HC/Vkp3ms","1","Jer 46:27 word 20","Hebrew","no","mapped","Regression test only"
"2830","HC/VKq3ms","1","Hos 4:3 word 5","Hebrew","no","mapped","Regression test only"
"2831","HC/VLp3cp","1","1Kgs 20:27 word 4","Hebrew","yes","mapped","Already covered"
"2832","HC/Vlp3ms","1","Num 24:17 word 16","Hebrew","no","mapped","Regression test only"
"2833","HC/Vlq1cs/Sp2ms","1","Jer 51:25 word 15","Hebrew","no","mapped","Regression test only"
"2834","HC/Vlq1cs/Sp3fs","1","Isa 14:23 word 6","Hebrew","no","mapped","Regression test only"
"2835","HC/Vlw1cs/Sp3mp","1","1Kgs 18:13 word 21","Hebrew","no","mapped","Regression test only"
"2836","HC/Vlw3ms","1","Gen 47:12 word 1","Hebrew","no","mapped","Regression test only"
"2837","HC/Vlw3ms/Sp3mp","1","2Sam 20:3 word 19","Hebrew","no","mapped","Regression test only"
"2838","HC/Vma","1","Isa 59:13 word 11","Hebrew","no","mapped","Regression test only"
"2839","HC/Vmp1cs","1","Job 16:15 word 5","Hebrew","no","mapped","Regression test only"
"2840","HC/Vmp3ms","1","2Chr 33:6 word 9","Hebrew","no","mapped","Regression test only"
"2841","HC/VMp3ms","1","Nah 3:17 word 12","Hebrew","no","mapped","Regression test only"
"2842","HC/Vmq3cp","1","Exod 5:7 word 12","Hebrew","no","mapped","Regression test only"
"2843","HC/Vmv2ms","1","Lam 1:22 word 5","Hebrew","no","mapped","Regression test only"
"2844","HC/Vmw3mp","1","Judg 10:8 word 2","Hebrew","no","mapped","Regression test only"
"2845","HC/Vmw3mp/Sp3ms","1","Judg 20:45 word 7","Hebrew","no","mapped","Regression test only"
"2846","HC/Vmw3ms","1","2Kgs 4:35 word 11","Hebrew","no","mapped","Regression test only"
"2847","HC/VNi1cp","1","Isa 64:4 word 14","Hebrew","no","mapped","Regression test only"
"2848","HC/VNi2mp","1","2Chr 20:20 word 17","Hebrew","no","mapped","Regression test only"
"2849","HC/VNi3mp/Sn","1","Job 19:23 word 4","Hebrew","no","mapped","Regression test only"
"2850","HC/VNrfpc","1","Isa 11:12 word 7","Hebrew","no","mapped","Regression test only"
"2851","HC/VNrmpc/Sp3mp","1","Ps 149:8 word 4","Hebrew","no","mapped","Regression test only"
"2852","HC/VNsfpa","1","Prov 27:6 word 4","Hebrew","no","mapped","Regression test only"
"2853","HC/VNsmpa","1","Esth 9:28 word 4","Hebrew","no","mapped","Regression test only"
"2854","HC/VNsmsc","1","Prov 28:18 word 4","Hebrew","no","mapped","Regression test only"
"2855","HC/VNw2fs","1","Ezek 27:25 word 5","Hebrew","no","mapped","Regression test only"
"2856","HC/VNw3mp/Sp1cs","1","Ps 109:3 word 4","Hebrew","no","mapped","Regression test only"
"2857","HC/Voh1cp","1","Ps 34:4 word 4","Hebrew","no","mapped","Regression test only"
"2858","HC/Voi1cs/Sp3ms","1","Exod 15:2 word 12","Hebrew","no","mapped","Regression test only"
"2859","HC/Voi2ms/Sp1cs","1","Job 30:22 word 5","Hebrew","no","mapped","Regression test only"
"2860","HC/Voi3fs/Sp2ms","1","Prov 4:8 word 2","Hebrew","no","mapped","Regression test only"
"2861","HC/Voi3mp/Sp1cs","1","Ps 119:73 word 3","Hebrew","no","mapped","Regression test only"
"2862","HC/Voi3mp/Sp3ms","1","Ps 107:32 word 1","Hebrew","no","mapped","Regression test only"
"2863","HC/Voi3ms/Sp2ms","1","Ps 37:34 word 6","Hebrew","no","mapped","Regression test only"
"2864","HC/Voq3cp","1","Ezek 27:32 word 5","Hebrew","no","mapped","Regression test only"
"2865","HC/Voq3cp/Sp3fs","1","Ezek 32:16 word 3","Hebrew","no","mapped","Regression test only"
"2866","HC/VOsmsa","1","Neh 9:5 word 23","Hebrew","no","mapped","Regression test only"
"2867","HC/Vov2ms","1","Job 8:8 word 6","Hebrew","no","mapped","Regression test only"
"2868","HC/Vow1cs/Sp3ms","1","2Sam 1:10 word 3","Hebrew","no","mapped","Regression test only"
"2869","HC/Vow2ms/Sp3fs","1","Ps 65:10 word 3","Hebrew","no","mapped","Regression test only"
"2870","HC/Vow3fs","1","Ps 107:25 word 5","Hebrew","no","mapped","Regression test only"
"2871","HC/Vow3mp","1","Ps 107:36 word 4","Hebrew","no","mapped","Regression test only"
"2872","HC/Vow3ms/Sp1cp","1","Job 31:15 word 5","Hebrew","no","mapped","Regression test only"
"2873","HC/Vow3ms/Sp2ms","1","Deut 32:6 word 15","Hebrew","no","mapped","Regression test only"
"2874","HC/Vow3ms/Sp3fs","1","Ps 7:13 word 8","Hebrew","no","mapped","Regression test only"
"2875","HC/Vow3ms/Sp3ms","1","1Sam 17:51 word 11","Hebrew","no","mapped","Regression test only"
"2876","HC/Vph1cs/Sp2ms","1","Gen 27:7 word 8","Hebrew","no","mapped","Regression test only"
"2877","HC/Vph1cs/Sp3mp","1","Exod 32:10 word 7","Hebrew","no","mapped","Regression test only"
"2878","HC/Vph1cs/Sp3ms","1","Ps 69:31 word 5","Hebrew","no","mapped","Regression test only"
"2879","HC/Vpi1cp/Sp3ms","1","Song 6:1 word 9","Hebrew","no","mapped","Regression test only"
"2880","HC/Vpi1cs/Sp2fs","1","Lam 2:13 word 11","Hebrew","no","mapped","Regression test only"
"2881","HC/VPi2fs","1","Ezek 26:21 word 4","Hebrew","no","mapped","Regression test only"
"2882","HC/Vpi2fs/Sp3mp","1","Isa 49:18 word 17","Hebrew","no","mapped","Regression test only"
"2883","HC/Vpi2mp/Sp1cs","1","Job 19:2 word 5","Hebrew","no","mapped","Regression test only"
"2884","HC/Vpi2ms/Sp1cp","1","Isa 64:11 word 6","Hebrew","no","mapped","Regression test only"
"2885","HC/Vpi3fp","1","Jer 9:17 word 1","Hebrew","no","mapped","Regression test only"
"2886","HC/Vpi3fs/Sp1cp","1","Jer 3:25 word 3","Hebrew","no","mapped","Regression test only"
"2887","HC/Vpi3fs/Sp3fs","1","Mic 7:10 word 3","Hebrew","no","mapped","Regression test only"
"2888","HC/Vpi3mp/Sp2ms","1","Num 18:2 word 12","Hebrew","no","mapped","Regression test only"
"2889","HC/Vpi3mp/Sp3fs","1","Prov 31:31 word 5","Hebrew","no","mapped","Regression test only"
"2890","HC/Vpi3ms/Sp1cp","1","Ps 67:2 word 3","Hebrew","no","mapped","Regression test only"
"2891","HC/Vpi3ms/Sp3mp","1","Job 12:15 word 5","Hebrew","no","mapped","Regression test only"
"2892","HC/Vpj3fs","1","1Sam 25:24 word 9","Hebrew","no","mapped","Regression test only"
"2893","HC/Vpj3fs/Sp2ms","1","Ps 119:175 word 3","Hebrew","no","mapped","Regression test only"
"2894","HC/Vpj3mp/Sp3ms","1","1Kgs 18:23 word 9","Hebrew","no","mapped","Regression test only"
"2895","HC/Vpp1cp/Sp2ms","1","Judg 13:17 word 12","Hebrew","no","mapped","Regression test only"
"2896","HC/Vpp2mp","1","Ezek 11:6 word 5","Hebrew","no","mapped","Regression test only"
"2897","HC/Vpp2ms/Sp1cs","1","Ps 86:17 word 12","Hebrew","no","mapped","Regression test only"
"2898","HC/VPp3cp","1","2Chr 15:6 word 1","Hebrew","no","mapped","Regression test only"
"2899","HC/Vpp3fs/Sp3fs","1","1Sam 1:6 word 1","Hebrew","no","mapped","Regression test only"
"2900","HC/Vpq1cs/Sp3fs","1","Gen 17:16 word 8","Hebrew","no","mapped","Regression test only"
"2901","HC/Vpq1cs/Sp3ms","1","Num 22:11 word 18","Hebrew","no","mapped","Regression test only"
"2902","HC/Vpq2ms/Sp3fs","1","Deut 21:14 word 6","Hebrew","no","mapped","Regression test only"
"2903","HC/Vpq3cp/Sp3mp","1","1Kgs 8:50 word 15","Hebrew","no","mapped","Regression test only"
"2904","HC/Vpq3fs/Sp3fs","1","Ezek 14:15 word 6","Hebrew","no","mapped","Regression test only"
"2905","HC/Vpq3fs/Sp3mp","1","Hos 2:9 word 7","Hebrew","no","mapped","Regression test only"
"2906","HC/Vpq3fs/Sp3ms","1","Zech 5:4 word 17","Hebrew","no","mapped","Regression test only"
"2907","HC/Vprfsc","1","Ezek 36:13 word 12","Hebrew","no","mapped","Regression test only"
"2908","HC/Vprmpc/Sp2fs","1","Jer 22:22 word 5","Hebrew","no","mapped","Regression test only"
"2909","HC/Vprmsc/Sp2mp","1","Isa 52:12 word 12","Hebrew","no","mapped","Regression test only"
"2910","HC/Vprmsc/Sp2ms","1","Gen 12:3 word 3","Hebrew","no","mapped","Regression test only"
"2911","HC/VPsfpa","1","Josh 9:5 word 3","Hebrew","no","mapped","Regression test only"
"2912","HC/VPsmpc/Sp1cs","1","Job 19:14 word 3","Hebrew","no","mapped","Regression test only"
"2913","HC/VPsmsc/Sp1cs","1","Ps 55:14 word 5","Hebrew","no","mapped","Regression test only"
"2914","HC/Vpv2fp","1","Jer 9:19 word 10","Hebrew","no","mapped","Regression test only"
"2915","HC/Vpv2mp/Sp1cs","1","Job 6:23 word 1","Hebrew","no","mapped","Regression test only"
"2916","HC/Vpv2ms/Sp3mp","1","Ps 28:9 word 8","Hebrew","no","mapped","Regression test only"
"2917","HC/Vpw1cp/Sh","1","Ezra 8:23 word 2","Hebrew","no","mapped","Regression test only"
"2918","HC/Vpw1cp/Sp2ms","1","Gen 26:29 word 13","Hebrew","no","mapped","Regression test only"
"2919","HC/Vpw1cs/Sp2fs","1","Ezek 16:10 word 7","Hebrew","no","mapped","Regression test only"
"2920","HC/Vpw2fs/Sp3mp","1","Ezek 16:18 word 5","Hebrew","no","mapped","Regression test only"
"2921","HC/Vpw2ms/Sp3fs","1","Exod 20:25 word 14","Hebrew","no","mapped","Regression test only"
"2922","HC/Vpw3fs/Sp3fs","1","Gen 16:6 word 12","Hebrew","no","mapped","Regression test only"
"2923","HC/Vpw3mp/Sp1cp","1","Deut 26:6 word 4","Hebrew","no","mapped","Regression test only"
"2924","HC/VPw3ms","1","Esth 2:23 word 1","Hebrew","no","mapped","Regression test only"
"2925","HC/Vpw3ms/Sp2ms","1","Deut 8:3 word 1","Hebrew","no","mapped","Regression test only"
"2926","HC/Vqh1cp/Sp3fs","1","Deut 30:12 word 13","Hebrew","no","mapped","Regression test only"
"2927","HC/Vqh1cs/Sp3ms","1","Gen 45:28 word 9","Hebrew","no","mapped","Regression test only"
"2928","HC/Vqi1cp/Sp3mp","1","2Kgs 7:12 word 30","Hebrew","no","mapped","Regression test only"
"2929","HC/Vqi1cs/Sp2fs","1","Ezek 5:14 word 1","Hebrew","no","mapped","Regression test only"
"2930","HC/Vqi2fp","1","Jer 48:6 word 4","Hebrew","no","mapped","Regression test only"
"2931","HC/Vqi2fs","1","Jer 50:11 word 14","Hebrew","no","mapped","Regression test only"
"2932","HC/Vqi2ms/Sp3ms","1","Job 40:29 word 4","Hebrew","no","mapped","Regression test only"
"2933","HC/Vqi3fs/Sh","1","Isa 5:19 word 8","Hebrew","no","mapped","Regression test only"
"2934","HC/Vqi3fs/Sp1cs","1","Ps 139:10 word 5","Hebrew","no","mapped","Regression test only"
"2935","HC/Vqi3fs/Sp3mp","1","Ps 21:10 word 9","Hebrew","no","mapped","Regression test only"
"2936","HC/Vqi3mp/Sn","1","Deut 13:12 word 4","Hebrew","no","mapped","Regression test only"
"2937","HC/Vqi3mp/Sp2mp","1","Deut 32:38 word 9","Hebrew","no","mapped","Regression test only"
"2938","HC/Vqi3mp/Sp3fs","1","Prov 30:17 word 10","Hebrew","no","mapped","Regression test only"
"2939","HC/Vqi3mp/Sp3ms","1","2Chr 24:11 word 24","Hebrew","no","mapped","Regression test only"
"2940","HC/Vqj2ms","1","Isa 37:26 word 11","Hebrew","no","mapped","Regression test only"
"2941","HC/Vqj3fp","1","Jer 18:21 word 10","Hebrew","no","mapped","Regression test only"
"2942","HC/Vqj3mp/Sp3ms","1","2Kgs 22:5 word 2","Hebrew","no","mapped","Regression test only"
"2943","HC/Vqj3ms/Sp3mp","1","Hos 14:10 word 6","Hebrew","no","mapped","Regression test only"
"2944","HC/Vqp1cp/Sp2ms","1","Judg 15:13 word 8","Hebrew","no","mapped","Regression test only"
"2945","HC/Vqp1cs/Sp3mp","1","Amos 9:3 word 7","Hebrew","no","mapped","Regression test only"
"2946","HC/Vqp2ms/Sp1cp","1","Exod 34:9 word 20","Hebrew","no","mapped","Regression test only"
"2947","HC/Vqp2ms/Sp1cs","1","1Chr 17:17 word 10","Hebrew","no","mapped","Regression test only"
"2948","HC/Vqp2ms/Sp3mp","1","Exod 4:21 word 14","Hebrew","no","mapped","Regression test only"
"2949","HC/Vqp3cp/Sp1cs","1","1Sam 31:4 word 13","Hebrew","no","mapped","Regression test only"
"2950","HC/Vqp3fs/Sp3mp","1","Amos 9:4 word 10","Hebrew","no","mapped","Regression test only"
"2951","HC/Vqp3ms/Sp1cs","1","Ps 34:5 word 4","Hebrew","no","mapped","Regression test only"
"2952","HC/Vqp3ms/Sp3mp","1","Amos 9:3 word 18","Hebrew","no","mapped","Regression test only"
"2953","HC/Vqq1cp/Sp3fs","1","Ezek 35:10 word 11","Hebrew","no","mapped","Regression test only"
"2954","HC/Vqq1cp/Sp3mp","1","Neh 4:5 word 12","Hebrew","no","mapped","Regression test only"
"2955","HC/Vqq1cp/Sp3ms","1","Judg 20:32 word 12","Hebrew","no","mapped","Regression test only"
"2956","HC/Vqq2cp","1","Lev 11:45 word 11","Hebrew","yes","mapped","Already covered"
"2957","HC/Vqq2fs/Sp3ms","1","Ezek 16:19 word 9","Hebrew","no","mapped","Regression test only"
"2958","HC/VQq3ms","1","Zeph 1:17 word 8","Hebrew","no","mapped","Regression test only"
"2959","HC/Vqrfpc","1","Ezek 16:38 word 4","Hebrew","no","mapped","Regression test only"
"2960","HC/Vqrfpc/Sp2fs","1","Isa 49:19 word 3","Hebrew","no","mapped","Regression test only"
"2961","HC/Vqrmsc/Sd","1","Jer 43:11 word 1","Hebrew","no","mapped","Regression test only"
"2962","HC/Vqrmsc/Sp3mp","1","Isa 42:5 word 7","Hebrew","no","mapped","Regression test only"
"2963","HC/Vqsfpa","1","Isa 48:6 word 10","Hebrew","no","mapped","Regression test only"
"2964","HC/Vqsfpc","1","Gen 41:6 word 5","Hebrew","no","mapped","Regression test only"
"2965","HC/Vqsmsc/Sp2ms","1","Ps 17:14 word 9","Hebrew","no","mapped","Regression test only"
"2966","HC/Vqsmsc/Sp3ms","1","Num 18:16 word 1","Hebrew","no","mapped","Regression test only"
"2967","HC/Vqv2ms/Sd","1","1Sam 23:27 word 7","Hebrew","no","mapped","Regression test only"
"2968","HC/Vqw1cp/Sp3fs","1","Deut 29:7 word 4","Hebrew","no","mapped","Regression test only"
"2969","HC/Vqw1cp/Sp3ms","1","2Kgs 6:29 word 4","Hebrew","no","mapped","Regression test only"
"2970","HC/Vqw1cs/Sd","1","1Sam 28:15 word 28","Hebrew","no","mapped","Regression test only"
"2971","HC/VQw3fs","1","Gen 12:15 word 9","Hebrew","no","mapped","Regression test only"
"2972","HC/Vqw3mp/Sp2ms","1","Neh 9:28 word 13","Hebrew","no","mapped","Regression test only"
"2973","HC/VQw3ms","1","Gen 24:33 word 1","Hebrew","no","mapped","Regression test only"
"2974","HC/Vri1cs","1","Isa 63:5 word 4","Hebrew","no","mapped","Regression test only"
"2975","HC/Vri3mp","1","Ps 59:5 word 4","Hebrew","no","mapped","Regression test only"
"2976","HC/Vrj3fs","1","Num 21:27 word 8","Hebrew","no","mapped","Regression test only"
"2977","HC/Vrj3mp","1","Ps 107:43 word 5","Hebrew","no","mapped","Regression test only"
"2978","HC/Vrp2ms","1","Ps 37:10 word 5","Hebrew","no","mapped","Regression test only"
"2979","HC/Vrq1cs","1","Job 31:29 word 5","Hebrew","no","mapped","Regression test only"
"2980","HC/Vrq3fs","1","Isa 24:20 word 5","Hebrew","no","mapped","Regression test only"
"2981","HC/Vrrmsc/Sp1cs","1","Job 27:7 word 4","Hebrew","no","mapped","Regression test only"
"2982","HC/Vrv2fp","1","Jer 49:3 word 12","Hebrew","no","mapped","Regression test only"
"2983","HC/Vrw1cp","1","Ps 20:9 word 6","Hebrew","no","mapped","Regression test only"
"2984","HC/Vrw1cs/Sh","1","Ps 119:158 word 3","Hebrew","no","mapped","Regression test only"
"2985","HC/Vrw2ms","1","Job 30:20 word 6","Hebrew","no","mapped","Regression test only"
"2986","HC/Vti1cs","1","1Sam 7:5 word 8","Hebrew","no","mapped","Regression test only"
"2987","HC/Vti2fs","1","Lam 4:21 word 14","Hebrew","no","mapped","Regression test only"
"2988","HC/Vtj3ms","1","Ps 72:15 word 6","Hebrew","no","mapped","Regression test only"
"2989","HC/Vtp1cs","1","Ezek 37:10 word 1","Hebrew","no","mapped","Regression test only"
"2990","HC/Vtp2fs","1","1Kgs 14:2 word 6","Hebrew","no","mapped","Regression test only"
"2991","HC/Vtp3ms","1","Lev 16:21 word 11","Hebrew","no","mapped","Regression test only"
"2992","HC/Vtq3cp/Sp3mp","1","Isa 14:2 word 6","Hebrew","no","mapped","Regression test only"
"2993","HC/Vtw1cp","1","Neh 4:3 word 1","Hebrew","no","mapped","Regression test only"
"2994","HC/Vtw3fp","1","Zech 6:7 word 11","Hebrew","no","mapped","Regression test only"
"2995","HC/Vvi1cp","1","Gen 22:5 word 15","Hebrew","no","mapped","Regression test only"
"2996","HC/Vvi1cs","1","1Sam 15:25 word 8","Hebrew","no","mapped","Regression test only"
"2997","HC/Vvi3ms","1","Isa 44:17 word 8","Hebrew","no","mapped","Regression test only"
"2998","HC/Vvj3ms","1","Gen 27:29 word 3","Hebrew","no","mapped","Regression test only"
"2999","HC/Vvp1cs","1","1Sam 15:30 word 13","Hebrew","no","mapped","Regression test only"
"3000","HC/Vvq1cs","1","2Kgs 5:18 word 16","Hebrew","no","mapped","Regression test only"
"3001","HC/Vvq3ms","1","Ezek 46:2 word 17","Hebrew","no","mapped","Regression test only"
"3002","HC/Vvrmsa","1","Esth 3:5 word 7","Hebrew","no","mapped","Regression test only"
"3003","HC/Vvv2fs","1","Ps 45:12 word 7","Hebrew","no","mapped","Regression test only"
"3004","HC/Vvw1cs","1","Gen 24:48 word 2","Hebrew","no","mapped","Regression test only"
"3005","HC/Vzrmpa","1","Jer 41:5 word 12","Hebrew","no","mapped","Regression test only"
"3006","HD/Sh","1","Eccl 4:2 word 12","Hebrew","no","mapped","Regression test only"
"3007","HD/Sp1cp","1","Lam 4:17 word 2","Hebrew","no","mapped","Regression test only"
"3008","HD/Sp2fs","1","1Kgs 1:14 word 2","Hebrew","no","mapped","Regression test only"
"3009","HD/Sp3fp","1","Lam 4:17 word 1","Hebrew","no","mapped","Regression test only"
"3010","HD/Sp3fs","1","1Kgs 1:22 word 2","Hebrew","no","mapped","Regression test only"
"3011","HD/Sp3mp","1","Esth 6:14 word 1","Hebrew","no","mapped","Regression test only"
"3012","HNcbdc/Sp3fp","1","Ezek 23:42 word 16","Hebrew","no","mapped","Regression test only"
"3013","HNcbpc/Sp3fp","1","Ezek 23:3 word 11","Hebrew","no","mapped","Regression test only"
"3014","HNcbsc/Sh","1","Ps 92:16 word 8","Hebrew","no","mapped","Regression test only"
"3015","HNcbsc/Sp3fp","1","Jer 23:3 word 15","Hebrew","no","mapped","Regression test only"
"3016","HNcfpc/Sp2fp","1","Ezek 13:20 word 8","Hebrew","no","mapped","Regression test only"
"3017","HNcmdc/Sp1cp","1","Lam 4:20 word 2","Hebrew","no","mapped","Regression test only"
"3018","HNcmdc/Sp3fp","1","Ezek 23:3 word 7","Hebrew","no","mapped","Regression test only"
"3019","HNcmdc/Sp3mp","1","Ezek 44:18 word 10","Hebrew","no","mapped","Regression test only"
"3020","HNcmpc/R","1","1Chr 9:4 word 9","Hebrew","no","mapped","Regression test only"
"3021","HNcmpc/Sp2fp","1","Ezek 23:49 word 5","Hebrew","no","mapped","Regression test only"
"3022","HNcmsa/Sh","1","Ps 124:4 word 4","Hebrew","no","mapped","Regression test only"
"3023","HNcmsc/Sh","1","Num 34:5 word 4","Hebrew","no","mapped","Regression test only"
"3024","HNgmpc","1","1Sam 22:7 word 8","Hebrew","no","mapped","Regression test only"
"3025","HNgmpc/Sp1cp","1","Neh 10:1 word 10","Hebrew","no","mapped","Regression test only"
"3026","HNp/Sp2ms","1","Mic 5:13 word 2","Hebrew","no","mapped","Regression test only"
"3027","HNp/Sp3mp","1","1Kgs 14:15 word 26","Hebrew","no","mapped","Regression test only"
"3028","HPp2fp","1","Ezek 13:20 word 10","Hebrew","no","mapped","Regression test only"
"3029","HR/Aafpc/Sp2ms","1","Ps 45:10 word 3","Hebrew","no","mapped","Regression test only"
"3030","HR/Aafsc","1","Ps 106:5 word 2","Hebrew","no","mapped","Regression test only"
"3031","HR/Aafsc/Sp2ms","1","Ps 68:11 word 5","Hebrew","no","mapped","Regression test only"
"3032","HR/Aafsc/Sp3fs","1","Exod 3:22 word 3","Hebrew","yes","mapped","Already covered"
"3033","HR/Aamsc/Sp2ms","1","Deut 15:11 word 17","Hebrew","no","mapped","Regression test only"
"3034","HR/Acmdc/Sp3fp","1","Ezek 23:13 word 6","Hebrew","no","mapped","Regression test only"
"3035","HR/Acmpa","1","Ezek 37:17 word 10","Hebrew","no","mapped","Regression test only"
"3036","HR/Aofsa","1","Num 15:4 word 9","Hebrew","no","mapped","Regression test only"
"3037","HR/D/Sp2ms","1","Num 22:30 word 11","Hebrew","no","mapped","Regression test only"
"3038","HR/D/Sp3fs","1","Isa 28:4 word 18","Hebrew","no","mapped","Regression test only"
"3039","HR/D/Sp3ms","1","Gen 25:6 word 12","Hebrew","no","mapped","Regression test only"
"3040","HR/Ncbsa/Sh","1","Ps 125:3 word 13","Hebrew","no","mapped","Regression test only"
"3041","HR/Ncbsc/Sp2cp","1","Lev 26:1 word 14","Hebrew","no","mapped","Regression test only"
"3042","HR/Ncfsa/Sh","1","Ps 80:3 word 9","Hebrew","no","mapped","Regression test only"
"3043","HR/Ncmdc/Sp1cs","1","Ps 132:4 word 5","Hebrew","no","mapped","Regression test only"
"3044","HR/Ncmpa/Sp3ms","1","2Kgs 5:4 word 3","Hebrew","no","mapped","Regression test only"
"3045","HR/Pdxcs","1","Dan 8:16 word 10","Hebrew","no","mapped","Regression test only"
"3046","HR/Pdxmp","1","Eccl 12:12 word 2","Hebrew","no","mapped","Regression test only"
"3047","HR/Pf","1","Ps 102:4 word 6","Hebrew","no","mapped","Regression test only"
"3048","HR/Pp3fs","1","2Sam 12:8 word 20","Hebrew","no","mapped","Regression test only"
"3049","HR/R/Aamsc/Sp3mp","1","Jer 31:34 word 18","Hebrew","no","mapped","Regression test only"
"3050","HR/R/Acfsc","1","Gen 38:24 word 2","Hebrew","no","mapped","Regression test only"
"3051","HR/R/C","1","2Sam 17:14 word 19","Hebrew","no","mapped","Regression test only"
"3052","HR/R/Ncbpa","1","1Kgs 6:29 word 13","Hebrew","no","mapped","Regression test only"
"3053","HR/R/Ncbpc/Sp1cp","1","Eccl 1:10 word 13","Hebrew","no","mapped","Regression test only"
"3054","HR/R/Ncfsc","1","1Kgs 7:20 word 7","Hebrew","no","mapped","Regression test only"
"3055","HR/R/Ncmsc/Sp3ms","1","Deut 4:35 word 10","Hebrew","no","mapped","Regression test only"
"3056","HR/R/Np","1","Judg 20:1 word 9","Hebrew","no","mapped","Regression test only"
"3057","HR/Rd/Ncfsa","1","Isa 1:26 word 5","Hebrew","no","mapped","Regression test only"
"3058","HR/Td/Aamsa","1","Eccl 8:1 word 2","Hebrew","no","mapped","Regression test only"
"3059","HR/Td/Acbpa","1","2Sam 23:13 word 4","Hebrew","no","mapped","Regression test only"
"3060","HR/Td/Ncbpa","1","Ezek 40:25 word 7","Hebrew","no","mapped","Regression test only"
"3061","HR/Td/Ngmpa","1","2Chr 20:1 word 10","Hebrew","no","mapped","Regression test only"
"3062","HR/To/Sp1cs","1","Isa 54:15 word 5","Hebrew","no","mapped","Regression test only"
"3063","HR/To/Sp2fs","1","1Kgs 20:25 word 7","Hebrew","no","mapped","Regression test only"
"3064","HR/Tr/Ncmsa","1","Eccl 10:3 word 4","Hebrew","no","mapped","Regression test only"
"3065","HR/Tr/R","1","Eccl 8:17 word 17","Hebrew","no","mapped","Regression test only"
"3066","HR/Tr/R/Sp1cp","1","2Kgs 6:11 word 17","Hebrew","no","mapped","Regression test only"
"3067","HR/Tr/R/Sp1cs","1","Jonah 1:12 word 14","Hebrew","no","mapped","Regression test only"
"3068","HR/Tr/R/Ti","1","Jonah 1:7 word 9","Hebrew","no","mapped","Regression test only"
"3069","HR/Tr/Td/Ncmsa","1","Eccl 10:3 word 3","Hebrew","no","mapped","Regression test only"
"3070","HR/Tr/Vqi2ms","1","Eccl 5:4 word 5","Hebrew","no","mapped","Regression test only"
"3071","HR/Tr/Vqi3fs","1","Eccl 9:12 word 21","Hebrew","no","mapped","Regression test only"
"3072","HR/Vfc","1","Exod 12:39 word 17","Hebrew","no","mapped","Regression test only"
"3073","HR/Vfrmsa","1","Prov 26:18 word 1","Hebrew","no","mapped","Regression test only"
"3074","HR/Vhc/Sp2fs","1","Lam 4:22 word 7","Hebrew","no","mapped","Regression test only"
"3075","HR/VHc/Sp3fs","1","Lev 26:43 word 7","Hebrew","no","mapped","Regression test only"
"3076","HR/Vhrmsc/Sp3ms","1","Lam 3:30 word 2","Hebrew","no","mapped","Regression test only"
"3077","HR/Vkrmpc","1","Gen 21:16 word 6","Hebrew","yes","mapped","Already covered"
"3078","HR/Vlrmsa","1","Gen 27:12 word 6","Hebrew","no","mapped","Regression test only"
"3079","HR/Vmrmsa","1","Num 21:18 word 7","Hebrew","no","mapped","Regression test only"
"3080","HR/Vmrmsc/Sp1cs","1","Job 9:15 word 6","Hebrew","no","mapped","Regression test only"
"3081","HR/VNc/Sp2mp","1","Ezek 6:8 word 7","Hebrew","no","mapped","Regression test only"
"3082","HR/VNc/Sp2ms","1","2Chr 16:7 word 12","Hebrew","no","mapped","Regression test only"
"3083","HR/VNrfpa","1","Ps 19:13 word 4","Hebrew","no","mapped","Regression test only"
"3084","HR/VNrfpc/Sp2ms","1","Ps 119:27 word 5","Hebrew","no","mapped","Regression test only"
"3085","HR/VNrmpa","1","Job 12:20 word 3","Hebrew","no","mapped","Regression test only"
"3086","HR/VNrmpc/Sp3ms","1","Isa 56:8 word 10","Hebrew","no","mapped","Regression test only"
"3087","HR/VNsmpa","1","2Sam 19:4 word 10","Hebrew","no","mapped","Regression test only"
"3088","HR/Vpc/Sp2fp","1","Exod 1:16 word 2","Hebrew","no","mapped","Regression test only"
"3089","HR/Vpq1cs","1","Jer 49:37 word 17","Hebrew","no","mapped","Regression test only"
"3090","HR/Vprfpa","1","Ezek 13:18 word 7","Hebrew","no","mapped","Regression test only"
"3091","HR/Vprmpa","1","Gen 42:30 word 9","Hebrew","no","mapped","Regression test only"
"3092","HR/Vprmpc","1","Esth 9:2 word 10","Hebrew","no","mapped","Regression test only"
"3093","HR/Vprmpc/Sp1cs","1","Jer 23:17 word 3","Hebrew","no","mapped","Regression test only"
"3094","HR/Vpsmsa","1","Prov 6:11 word 2","Hebrew","no","mapped","Regression test only"
"3095","HR/VPsmsa","1","Isa 42:19 word 11","Hebrew","no","mapped","Regression test only"
"3096","HR/Vqrfsc","1","Mic 7:5 word 7","Hebrew","no","mapped","Regression test only"
"3097","HR/Vqrfsc/Sp3fs","1","Song 6:9 word 10","Hebrew","no","mapped","Regression test only"
"3098","HR/Vqrfsc/Sp3ms","1","Prov 17:25 word 6","Hebrew","no","mapped","Regression test only"
"3099","HR/Vqrmpc/Sp1cp","1","Isa 17:14 word 12","Hebrew","no","mapped","Regression test only"
"3100","HR/Vqrmpc/Sp2mp","1","Num 10:9 word 16","Hebrew","no","mapped","Regression test only"
"3101","HR/Vqrmsc/Sp1cp","1","Ruth 2:20 word 21","Hebrew","no","mapped","Regression test only"
"3102","HR/Vqrmsc/Sp2ms","1","1Chr 12:19 word 17","Hebrew","no","mapped","Regression test only"
"3103","HR/Vqsfpc","1","Gen 31:26 word 12","Hebrew","no","mapped","Regression test only"
"3104","HR/Vqsfsc","1","Isa 17:9 word 6","Hebrew","no","mapped","Regression test only"
"3105","HR/Vqsmpc/Sp3ms","1","Job 20:26 word 4","Hebrew","no","mapped","Regression test only"
"3106","HR/Vqsmsa","1","Ps 131:2 word 6","Hebrew","no","mapped","Regression test only"
"3107","HR/Vqsmsc/Sp3ms","1","Job 20:20 word 6","Hebrew","no","mapped","Regression test only"
"3108","HR/Vrrmpc/Sp1cs","1","Ps 59:2 word 4","Hebrew","no","mapped","Regression test only"
"3109","HR/Vtc/Sp3mp","1","Lam 2:12 word 6","Hebrew","no","mapped","Regression test only"
"3110","HR/Vtrmsa","1","Prov 12:9 word 5","Hebrew","no","mapped","Regression test only"
"3111","HR/Vvc/Sp1cs","1","2Kgs 5:18 word 19","Hebrew","no","mapped","Regression test only"
"3112","HRd/Aafsc","1","Job 21:25 word 7","Hebrew","no","mapped","Regression test only"
"3113","HRd/Acmda","1","1Chr 11:21 word 3","Hebrew","no","mapped","Regression test only"
"3114","HRd/Ncfsa/Sd","1","1Chr 26:17 word 4","Hebrew","no","mapped","Regression test only"
"3115","HRd/Ncfsa/Sh","1","Ps 120:1 word 5","Hebrew","no","mapped","Regression test only"
"3116","HRd/Ncfsc/Sp3fs","1","Isa 24:2 word 7","Hebrew","no","mapped","Regression test only"
"3117","HRd/Ncmsc/Sp3ms","1","Prov 16:4 word 4","Hebrew","no","mapped","Regression test only"
"3118","HRd/Pf","1","Dan 8:13 word 8","Hebrew","no","mapped","Regression test only"
"3119","HRd/R","1","Ezra 9:2 word 15","Hebrew","no","mapped","Regression test only"
"3120","HRd/Vhp3ms","1","2Chr 1:4 word 8","Hebrew","no","mapped","Regression test only"
"3121","HRd/VHsmsa","1","Ezek 41:11 word 3","Hebrew","no","mapped","Regression test only"
"3122","HRd/VNrmpa","1","Eccl 9:11 word 18","Hebrew","no","mapped","Regression test only"
"3123","HRd/VNrmsa","1","2Kgs 4:7 word 18","Hebrew","no","mapped","Regression test only"
"3124","HRd/VNsmsa","1","Isa 3:5 word 11","Hebrew","no","mapped","Regression test only"
"3125","HRd/Vorfpa","1","Jer 9:16 word 7","Hebrew","no","mapped","Regression test only"
"3126","HRd/Vprmpc/Sp1cs","1","Lam 1:19 word 2","Hebrew","no","mapped","Regression test only"
"3127","HRd/Vtrmsa","1","Lev 14:4 word 4","Hebrew","no","mapped","Regression test only"
"3128","HTd","1","Gen 50:10 word 4","Hebrew","yes","mapped","Already covered"
"3129","HTd/Aafpc/Sp3fs","1","2Kgs 15:16 word 19","Hebrew","no","mapped","Regression test only"
"3130","HTd/Aamsa/Sd","1","2Kgs 16:18 word 11","Hebrew","no","mapped","Regression test only"
"3131","HTd/Aamsa/Sh","1","Ezek 40:19 word 5","Hebrew","no","mapped","Regression test only"
"3132","HTd/Acbda","1","Ezek 45:15 word 6","Hebrew","no","mapped","Regression test only"
"3133","HTd/D","1","Exod 10:7 word 18","Hebrew","no","mapped","Regression test only"
"3134","HTd/Ncfsa/Sh","1","Jer 11:15 word 5","Hebrew","no","mapped","Regression test only"
"3135","HTd/Ncmpc","1","1Chr 9:26 word 13","Hebrew","no","mapped","Regression test only"
"3136","HTd/Ncmsc/Sp1cs","1","Josh 7:21 word 23","Hebrew","no","mapped","Regression test only"
"3137","HTd/Ncmsc/Sp3ms","1","Mic 2:12 word 15","Hebrew","no","mapped","Regression test only"
"3138","HTd/Ngmsc/Sp3ms","1","2Sam 23:8 word 13","Hebrew","no","mapped","Regression test only"
"3139","HTd/Pp3fp","1","1Sam 17:28 word 21","Hebrew","no","mapped","Regression test only"
"3140","HTd/R/Vqc/Sp1cp","1","Judg 14:15 word 21","Hebrew","no","mapped","Regression test only"
"3141","HTd/Sp3fs","1","Judg 21:24 word 6","Hebrew","no","mapped","Regression test only"
"3142","HTd/Vhrmsc/Sp2mp","1","2Sam 1:24 word 6","Hebrew","no","mapped","Regression test only"
"3143","HTd/Vhrmsc/Sp3mp","1","Isa 63:11 word 7","Hebrew","no","mapped","Regression test only"
"3144","HTd/Vhrmsc/Sp3ms","1","Isa 9:12 word 5","Hebrew","no","mapped","Regression test only"
"3145","HTd/Vlrmpa","1","Isa 8:19 word 9","Hebrew","no","mapped","Regression test only"
"3146","HTd/VNp3cp","1","1Chr 29:17 word 17","Hebrew","no","mapped","Regression test only"
"3147","HTd/Vorfpa","1","Judg 21:23 word 9","Hebrew","no","mapped","Regression test only"
"3148","HTd/Vormsa","1","1Chr 6:18 word 7","Hebrew","yes","mapped","Already covered"
"3149","HTd/VPp3fs","1","Ezek 26:17 word 11","Hebrew","no","mapped","Regression test only"
"3150","HTd/Vprmsc/Sp1cs","1","Ps 18:33 word 2","Hebrew","no","mapped","Regression test only"
"3151","HTd/Vprmsc/Sp2fs","1","Ps 103:4 word 4","Hebrew","no","mapped","Regression test only"
"3152","HTd/VPsfpa","1","Gen 30:41 word 5","Hebrew","no","mapped","Regression test only"
"3153","HTd/Vqp3cp","1","Josh 10:24 word 19","Hebrew","no","mapped","Regression test only"
"3154","HTd/Vqrmsc/Sp3ms","1","Job 40:19 word 5","Hebrew","no","mapped","Regression test only"
"3155","HTd/Vqsmpc","1","Judg 8:11 word 4","Hebrew","no","mapped","Regression test only"
"3156","HTd/VQsmsa","1","Judg 13:8 word 20","Hebrew","no","mapped","Regression test only"
"3157","HTd/Vtrfpa","1","Ezek 13:17 word 9","Hebrew","no","mapped","Regression test only"
"3158","HTd/Vtrfsa","1","Gen 3:24 word 13","Hebrew","no","mapped","Regression test only"
"3159","HTi/Aampa","1","Amos 6:2 word 11","Hebrew","no","mapped","Regression test only"
"3160","HTi/D/Sp3mp","1","Exod 4:18 word 17","Hebrew","no","mapped","Regression test only"
"3161","HTi/Ncbpc/Sp1cs","1","Ezek 18:29 word 8","Hebrew","no","mapped","Regression test only"
"3162","HTi/Ncbpc/Sp3ms","1","Job 13:8 word 1","Hebrew","no","mapped","Regression test only"
"3163","HTi/Ncbsc/Sp1cs","1","Ezek 18:25 word 10","Hebrew","no","mapped","Regression test only"
"3164","HTi/Ncfsc/Sp3ms","1","Job 27:9 word 1","Hebrew","no","mapped","Regression test only"
"3165","HTi/Ncmpc","1","Jer 23:23 word 1","Hebrew","no","mapped","Regression test only"
"3166","HTi/Ncmpc/Sp2mp","1","Num 32:6 word 7","Hebrew","no","mapped","Regression test only"
"3167","HTi/Pp2mp","1","Judg 6:31 word 7","Hebrew","no","mapped","Regression test only"
"3168","HTi/R/Ncbpa","1","Num 13:19 word 17","Hebrew","no","mapped","Regression test only"
"3169","HTi/R/Ncbsc","1","Ezek 20:30 word 10","Hebrew","no","mapped","Regression test only"
"3170","HTi/R/Ncfsc","1","Isa 27:7 word 1","Hebrew","no","mapped","Regression test only"
"3171","HTi/R/Ncfsc/Sp3fs","1","Gen 18:21 word 4","Hebrew","no","mapped","Regression test only"
"3172","HTi/R/Ncmpc","1","Job 10:5 word 1","Hebrew","no","mapped","Regression test only"
"3173","HTi/R/Ncmpc/Sp2ms","1","Job 38:12 word 1","Hebrew","no","mapped","Regression test only"
"3174","HTi/R/R/Sp2ms","1","Job 34:33 word 1","Hebrew","no","mapped","Regression test only"
"3175","HTi/R/Sp1cp","1","Josh 5:13 word 20","Hebrew","no","mapped","Regression test only"
"3176","HTi/R/Sp1cs","1","Jer 32:27 word 7","Hebrew","no","mapped","Regression test only"
"3177","HTi/R/Sp2ms","1","Job 18:4 word 4","Hebrew","no","mapped","Regression test only"
"3178","HTi/R/Sp3ms","1","1Kgs 20:33 word 5","Hebrew","no","mapped","Regression test only"
"3179","HTi/R/Tn","1","Exod 14:11 word 4","Hebrew","no","mapped","Regression test only"
"3180","HTi/R/Vhc","1","Job 6:26 word 1","Hebrew","no","mapped","Regression test only"
"3181","HTi/R/Vqc/Sp1cs","1","Exod 2:14 word 8","Hebrew","no","mapped","Regression test only"
"3182","HTi/R/Vqrfsa","1","Gen 34:31 word 2","Hebrew","no","mapped","Regression test only"
"3183","HTi/R/Vqrmsa","1","2Chr 25:16 word 6","Hebrew","no","mapped","Regression test only"
"3184","HTi/Rd/Aamsa","1","2Chr 19:2 word 12","Hebrew","no","mapped","Regression test only"
"3185","HTi/Rd/Vqrmpa","1","Ps 88:11 word 1","Hebrew","no","mapped","Regression test only"
"3186","HTi/Rd/Vqrmsa","1","Jer 18:6 word 1","Hebrew","no","mapped","Regression test only"
"3187","HTi/Sp1cs","1","Jer 11:14 word 13","Hebrew","no","mapped","Regression test only"
"3188","HTi/Sp2ms","1","Gen 3:9 word 8","Hebrew","no","mapped","Regression test only"
"3189","HTi/Tm/Sp2mp","1","Deut 13:4 word 18","Hebrew","no","mapped","Regression test only"
"3190","HTi/Tn/Sp2ms","1","Jer 7:17 word 1","Hebrew","no","mapped","Regression test only"
"3191","HTi/Tr","1","2Kgs 6:22 word 4","Hebrew","no","mapped","Regression test only"
"3192","HTi/Vhi1cs/Sp3ms","1","1Sam 30:8 word 9","Hebrew","no","mapped","Regression test only"
"3193","HTi/Vhi2fs","1","Nah 3:8 word 1","Hebrew","no","mapped","Regression test only"
"3194","HTi/Vhi2ms/Sp1cs","1","1Sam 30:15 word 4","Hebrew","no","mapped","Regression test only"
"3195","HTi/Vhi2ms/Sp3ms","1","Job 39:20 word 1","Hebrew","no","mapped","Regression test only"
"3196","HTi/Vhi3fs","1","Judg 18:5 word 7","Hebrew","no","mapped","Regression test only"
"3197","HTi/Vhi3mp","1","1Sam 23:12 word 3","Hebrew","no","mapped","Regression test only"
"3198","HTi/Vhi3mp/Sp1cs","1","1Sam 23:11 word 1","Hebrew","no","mapped","Regression test only"
"3199","HTi/VHi3ms","1","Isa 66:8 word 7","Hebrew","no","mapped","Regression test only"
"3200","HTi/Vhi3ms/Sp2ms","1","Ps 30:10 word 7","Hebrew","no","mapped","Regression test only"
"3201","HTi/Vhrmsa","1","Ezek 9:8 word 13","Hebrew","no","mapped","Regression test only"
"3202","HTi/VNp3cp","1","Job 38:17 word 1","Hebrew","no","mapped","Regression test only"
"3203","HTi/VNrfsa","1","1Sam 18:23 word 11","Hebrew","no","mapped","Regression test only"
"3204","HTi/Vpi1cs/Sp3ms","1","Mic 6:6 word 7","Hebrew","no","mapped","Regression test only"
"3205","HTi/Vpp2mp","1","Num 31:15 word 4","Hebrew","no","mapped","Regression test only"
"3206","HTi/Vpp3ms","1","Deut 4:34 word 2","Hebrew","no","mapped","Regression test only"
"3207","HTi/Vqi2fs","1","Gen 24:58 word 5","Hebrew","no","mapped","Regression test only"
"3208","HTi/Vqi3fp","1","Ezek 37:3 word 5","Hebrew","no","mapped","Regression test only"
"3209","HTi/Vqi3mp/Sn","1","Amos 6:12 word 1","Hebrew","no","mapped","Regression test only"
"3210","HTi/VQi3ms","1","Ezek 15:3 word 1","Hebrew","no","mapped","Regression test only"
"3211","HTi/Vqp2ms/Sp1cs","1","1Kgs 21:20 word 5","Hebrew","no","mapped","Regression test only"
"3212","HTi/Vqrmpa","1","Judg 2:22 word 6","Hebrew","no","mapped","Regression test only"
"3213","HTi/Vqsmsa","1","Mic 2:7 word 1","Hebrew","no","mapped","Regression test only"
"3214","HTi/Vti3ms","1","Isa 10:15 word 1","Hebrew","no","mapped","Regression test only"
"3215","HTm/Sp2mp","1","Gen 24:49 word 3","Hebrew","no","mapped","Regression test only"
"3216","HTn/Sp1cp","1","Jer 44:16 word 7","Hebrew","no","mapped","Regression test only"
"3217","HTr/Aamsa","1","Eccl 2:26 word 3","Hebrew","no","mapped","Regression test only"
"3218","HTr/Ncbsc/Sp3ms","1","Eccl 2:21 word 4","Hebrew","no","mapped","Regression test only"
"3219","HTr/Ncfsc","1","Ps 129:6 word 4","Hebrew","no","mapped","Regression test only"
"3220","HTr/Ncmsc/Sp1cs","1","Song 5:2 word 14","Hebrew","no","mapped","Regression test only"
"3221","HTr/Np","1","Ps 144:15 word 7","Hebrew","no","mapped","Regression test only"
"3222","HTr/Pp2ms","1","Judg 6:17 word 11","Hebrew","no","mapped","Regression test only"
"3223","HTr/Pp3ms","1","Eccl 2:22 word 9","Hebrew","no","mapped","Regression test only"
"3224","HTr/R/Ncmsc/Sp1cp","1","Ps 136:23 word 1","Hebrew","no","mapped","Regression test only"
"3225","HTr/R/Np","1","Song 3:7 word 3","Hebrew","no","mapped","Regression test only"
"3226","HTr/R/Sp3mp","1","1Chr 5:20 word 7","Hebrew","no","mapped","Regression test only"
"3227","HTr/R/Ti","1","Song 1:7 word 10","Hebrew","no","mapped","Regression test only"
"3228","HTr/Rd/Ncbpa","1","1Chr 27:27 word 6","Hebrew","no","mapped","Regression test only"
"3229","HTr/Sp3mp","1","Song 6:5 word 4","Hebrew","no","mapped","Regression test only"
"3230","HTr/Td/Ncmsa","1","Song 1:12 word 2","Hebrew","no","mapped","Regression test only"
"3231","HTr/Tm","1","Eccl 2:13 word 3","Hebrew","no","mapped","Regression test only"
"3232","HTr/Vhc","1","Eccl 6:10 word 14","Hebrew","no","mapped","Regression test only"
"3233","HTr/Vhi1cs/Sp3ms","1","Eccl 2:18 word 10","Hebrew","no","mapped","Regression test only"
"3234","HTr/Vhi3ms","1","Eccl 5:14 word 13","Hebrew","no","mapped","Regression test only"
"3235","HTr/Vhp1cs/Sp3ms","1","Song 3:4 word 13","Hebrew","no","mapped","Regression test only"
"3236","HTr/Vhrmsa","1","Eccl 8:14 word 17","Hebrew","no","mapped","Regression test only"
"3237","HTr/VNi3ms","1","Eccl 1:9 word 8","Hebrew","no","mapped","Regression test only"
"3238","HTr/VNp3cp","1","Eccl 1:14 word 5","Hebrew","no","mapped","Regression test only"
"3239","HTr/VNsmpa","1","Eccl 9:12 word 9","Hebrew","no","mapped","Regression test only"
"3240","HTr/Vpi3ms","1","Ps 137:8 word 5","Hebrew","no","mapped","Regression test only"
"3241","HTr/VPi3ms","1","Song 8:8 word 11","Hebrew","no","mapped","Regression test only"
"3242","HTr/Vpp1cp/Sp3ms","1","Lam 2:16 word 14","Hebrew","no","mapped","Regression test only"
"3243","HTr/Vpp3fs","1","Song 3:11 word 8","Hebrew","no","mapped","Regression test only"
"3244","HTr/VPp3fs","1","Ps 122:3 word 4","Hebrew","no","mapped","Regression test only"
"3245","HTr/Vqi3ms/Sp1cp","1","Ps 123:2 word 18","Hebrew","no","mapped","Regression test only"
"3246","HTr/Vqp2fs","1","Ps 137:8 word 9","Hebrew","no","mapped","Regression test only"
"3247","HTr/Vqp3fs/Sp1cs","1","Song 1:6 word 5","Hebrew","no","mapped","Regression test only"
"3248","HTr/Vqrfsa","1","Eccl 10:5 word 7","Hebrew","no","mapped","Regression test only"
"3249","HTr/Vqrfsc","1","Song 5:8 word 12","Hebrew","no","mapped","Regression test only"
"3250","HTr/Vqrmpa","1","Ps 135:2 word 1","Hebrew","no","mapped","Regression test only"
"3251","HVci2ms","1","Jer 12:5 word 7","Hebrew","no","mapped","Regression test only"
"3252","HVcp1cs","1","Hos 11:3 word 2","Hebrew","yes","mapped","Already covered"
"3253","HVcrmsa","1","Jer 22:15 word 4","Hebrew","no","mapped","Regression test only"
"3254","HVDp3fs","1","Prov 27:15 word 8","Hebrew","no","mapped","Regression test only"
"3255","HVfc/Sp3mp","1","Judg 3:26 word 4","Hebrew","no","mapped","Regression test only"
"3256","HVfi1cs","1","Ps 119:16 word 2","Hebrew","no","mapped","Regression test only"
"3257","HVfi3fs","1","Jer 51:58 word 9","Hebrew","no","mapped","Regression test only"
"3258","HVfi3mp/Sn","1","Nah 2:5 word 4","Hebrew","no","mapped","Regression test only"
"3259","HVfi3ms","1","Hab 2:3 word 10","Hebrew","no","mapped","Regression test only"
"3260","HVfp1cp","1","Gen 43:10 word 3","Hebrew","no","mapped","Regression test only"
"3261","HVfp1cs","1","Ps 119:60 word 3","Hebrew","no","mapped","Regression test only"
"3262","HVfrmsa","1","2Sam 15:28 word 3","Hebrew","no","mapped","Regression test only"
"3263","HVhc/Sp3fs","1","1Sam 1:6 word 6","Hebrew","no","mapped","Regression test only"
"3264","HVhh1cs/Sp3mp","1","Deut 32:26 word 2","Hebrew","no","mapped","Regression test only"
"3265","HVhh1cs/Sp3ms","1","1Sam 26:8 word 12","Hebrew","no","mapped","Regression test only"
"3266","HVHi1cs","1","Job 10:19 word 7","Hebrew","no","mapped","Regression test only"
"3267","HVhi1cs/Sp2mp","1","1Sam 16:3 word 5","Hebrew","no","mapped","Regression test only"
"3268","HVhi2fp","1","Jer 44:25 word 28","Hebrew","no","mapped","Regression test only"
"3269","HVHi2mp/Sn","1","Isa 55:12 word 5","Hebrew","no","mapped","Regression test only"
"3270","HVhi2mp/Sp1cs","1","Job 19:3 word 4","Hebrew","no","mapped","Regression test only"
"3271","HVhi2mp/Sp3mp","1","Josh 2:5 word 16","Hebrew","no","mapped","Regression test only"
"3272","HVHi3fp","1","Ps 45:16 word 1","Hebrew","no","mapped","Regression test only"
"3273","HVhi3fp/Sp2fs","1","Jer 2:19 word 4","Hebrew","no","mapped","Regression test only"
"3274","HVhi3fs/Sp1cp","1","Isa 59:9 word 7","Hebrew","no","mapped","Regression test only"
"3275","HVhi3fs/Sp2fs","1","Nah 3:15 word 4","Hebrew","no","mapped","Regression test only"
"3276","HVhi3fs/Sp3fs","1","1Sam 1:7 word 10","Hebrew","no","mapped","Regression test only"
"3277","HVhi3mp/Sp3fs","1","Isa 23:7 word 7","Hebrew","no","mapped","Regression test only"
"3278","HVhi3ms/Sh","1","Isa 5:19 word 3","Hebrew","no","mapped","Regression test only"
"3279","HVhi3ms/Sp2fs","1","Ps 147:14 word 6","Hebrew","no","mapped","Regression test only"
"3280","HVhi3ms/Sp3fp","1","Hab 2:17 word 7","Hebrew","no","mapped","Regression test only"
"3281","HVhj2mp/Sp3ms","1","1Kgs 3:26 word 23","Hebrew","no","mapped","Regression test only"
"3282","HVHj3fs","1","2Kgs 11:15 word 25","Hebrew","no","mapped","Regression test only"
"3283","HVhj3fs/Sp1cs","1","Ps 36:12 word 8","Hebrew","no","mapped","Regression test only"
"3284","HVhj3ms/Sp2fs","1","2Kgs 6:27 word 3","Hebrew","no","mapped","Regression test only"
"3285","HVHp1cp","1","1Sam 25:15 word 6","Hebrew","no","mapped","Regression test only"
"3286","HVHp2fs","1","Ezek 16:4 word 14","Hebrew","no","mapped","Regression test only"
"3287","HVhp2fs/Sp1cs","1","Judg 11:35 word 11","Hebrew","no","mapped","Regression test only"
"3288","HVhp3cp/Sp2fs","1","Ezek 27:26 word 3","Hebrew","no","mapped","Regression test only"
"3289","HVhp3fs/Sp1cp","1","Jer 6:24 word 7","Hebrew","no","mapped","Regression test only"
"3290","HVhp3fs/Sp3mp","1","Josh 2:6 word 2","Hebrew","no","mapped","Regression test only"
"3291","HVhp3ms/Sp2fs","1","Mic 4:9 word 12","Hebrew","no","mapped","Regression test only"
"3292","HVhrfpc/Sp2fs","1","Isa 49:23 word 5","Hebrew","no","mapped","Regression test only"
"3293","HVhrfsc/Sp3fs","1","Gen 24:59 word 6","Hebrew","no","mapped","Regression test only"
"3294","HVhrmsc/Sp2mp","1","Isa 8:13 word 9","Hebrew","no","mapped","Regression test only"
"3295","HVhrmsc/Sp3fs","1","Amos 5:2 word 11","Hebrew","no","mapped","Regression test only"
"3296","HVHsmpc","1","Jer 18:21 word 19","Hebrew","no","mapped","Regression test only"
"3297","HVHv2mp","1","Jer 49:8 word 2","Hebrew","no","mapped","Regression test only"
"3298","HVhv2mp/Sp3mp","1","2Kgs 10:25 word 10","Hebrew","no","mapped","Regression test only"
"3299","HVia","1","Job 26:9 word 4","Hebrew","no","mapped","Regression test only"
"3300","HVjp2ms","1","Ps 45:3 word 1","Hebrew","no","mapped","Regression test only"
"3301","HVjp3fp","1","Job 16:16 word 2","Hebrew","no","mapped","Regression test only"
"3302","HVjp3ms","1","Ps 38:11 word 2","Hebrew","no","mapped","Regression test only"
"3303","HVkp3cp","1","Job 3:18 word 3","Hebrew","no","mapped","Regression test only"
"3304","HVkp3fs","1","Job 15:32 word 6","Hebrew","no","mapped","Regression test only"
"3305","HVkp3ms","1","Jer 48:11 word 1","Hebrew","no","mapped","Regression test only"
"3306","HVla","1","Jer 51:58 word 8","Hebrew","no","mapped","Regression test only"
"3307","HVlc","1","Jer 20:9 word 15","Hebrew","no","mapped","Regression test only"
"3308","HVli2fs","1","Isa 17:11 word 3","Hebrew","no","mapped","Regression test only"
"3309","HVLi2mp","1","Isa 66:12 word 20","Hebrew","no","mapped","Regression test only"
"3310","HVli3fs","1","Isa 29:4 word 13","Hebrew","no","mapped","Regression test only"
"3311","HVli3mp","1","Ps 94:19 word 5","Hebrew","no","mapped","Regression test only"
"3312","HVli3ms/Sp2ms","1","Ps 55:23 word 6","Hebrew","no","mapped","Regression test only"
"3313","HVli3ms/Sp3ms","1","2Chr 2:5 word 12","Hebrew","no","mapped","Regression test only"
"3314","HVlp1cs","1","Ps 119:70 word 6","Hebrew","no","mapped","Regression test only"
"3315","HVlp2ms/Sp3mp","1","Neh 9:21 word 3","Hebrew","no","mapped","Regression test only"
"3316","HVlp3cp/Sp1cs","1","Ps 88:17 word 5","Hebrew","no","mapped","Regression test only"
"3317","HVlrmpc/Sp2ms","1","Hab 2:7 word 6","Hebrew","no","mapped","Regression test only"
"3318","HVlrmsc","1","Isa 22:5 word 11","Hebrew","no","mapped","Regression test only"
"3319","HVlrmsc/Sp2ms","1","Isa 22:17 word 3","Hebrew","no","mapped","Regression test only"
"3320","HVlv2ms/Sp3fs","1","Prov 4:8 word 1","Hebrew","no","mapped","Regression test only"
"3321","HVmc/Sp2mp","1","Amos 5:11 word 3","Hebrew","no","mapped","Regression test only"
"3322","HVmi2mp","1","Lev 19:26 word 8","Hebrew","no","mapped","Regression test only"
"3323","HVmi3fs","1","Jer 31:22 word 12","Hebrew","no","mapped","Regression test only"
"3324","HVMi3mp","1","Job 26:11 word 3","Hebrew","no","mapped","Regression test only"
"3325","HVmi3mp/Sp3fs","1","Ps 55:11 word 3","Hebrew","no","mapped","Regression test only"
"3326","HVmj3fs/Sp2ms","1","Ps 7:8 word 3","Hebrew","no","mapped","Regression test only"
"3327","HVMp3cp","1","Jer 12:2 word 3","Hebrew","no","mapped","Regression test only"
"3328","HVmp3ms","1","Isa 40:24 word 9","Hebrew","no","mapped","Regression test only"
"3329","HVMp3ms","1","Lam 1:12 word 13","Hebrew","no","mapped","Regression test only"
"3330","HVmrfpa","1","Nah 2:8 word 8","Hebrew","no","mapped","Regression test only"
"3331","HVmrfsa","1","1Kgs 17:12 word 19","Hebrew","no","mapped","Regression test only"
"3332","HVmrmpc/Sp2mp","1","Jer 27:9 word 11","Hebrew","no","mapped","Regression test only"
"3333","HVmrmsc/Sp1cp","1","Isa 33:22 word 5","Hebrew","no","mapped","Regression test only"
"3334","HVMsfpa","1","1Kgs 7:9 word 7","Hebrew","yes","mapped","Already covered"
"3335","HVMsfsa","1","Isa 9:4 word 7","Hebrew","no","mapped","Regression test only"
"3336","HVMsmpc/Sp1cs","1","Ps 102:9 word 5","Hebrew","no","mapped","Regression test only"
"3337","HVMsmsa","1","Eccl 2:2 word 3","Hebrew","no","mapped","Regression test only"
"3338","HVNc/Sp2mp","1","Ezek 21:29 word 16","Hebrew","no","mapped","Regression test only"
"3339","HVNi2fp","1","Ruth 1:13 word 7","Hebrew","no","mapped","Regression test only"
"3340","HVNi2ms/Sp1cs","1","Isa 44:21 word 14","Hebrew","no","mapped","Regression test only"
"3341","HVNrfpc","1","Job 37:14 word 6","Hebrew","no","mapped","Regression test only"
"3342","HVNrfpc/Sp1cs","1","Exod 3:20 word 8","Hebrew","yes","mapped","Already covered"
"3343","HVNrfsc","1","1Sam 20:30 word 8","Hebrew","no","mapped","Regression test only"
"3344","HVNrmpc/Sp2fs","1","Isa 22:3 word 8","Hebrew","no","mapped","Regression test only"
"3345","HVNrmpc/Sp3ms","1","Isa 29:14 word 14","Hebrew","no","mapped","Regression test only"
"3346","HVNrmsc/Sp3ms","1","2Sam 14:13 word 18","Hebrew","no","mapped","Regression test only"
"3347","HVNsmpc","1","Jer 49:36 word 20","Hebrew","no","mapped","Regression test only"
"3348","HVNsmpc/Sp1cs","1","Isa 16:4 word 3","Hebrew","no","mapped","Regression test only"
"3349","HVNsmpc/Sp3fs","1","Nah 3:10 word 13","Hebrew","no","mapped","Regression test only"
"3350","HVNsmsc","1","Isa 33:19 word 10","Hebrew","no","mapped","Regression test only"
"3351","HVNsmsc/Sp2mp","1","Neh 1:9 word 9","Hebrew","no","mapped","Regression test only"
"3352","HVNsmsc/Sp2ms","1","Deut 30:4 word 3","Hebrew","no","mapped","Regression test only"
"3353","HVoh1cs/Sp2ms","1","Ps 145:1 word 3","Hebrew","no","mapped","Regression test only"
"3354","HVoi2fp","1","Ezek 13:18 word 22","Hebrew","no","mapped","Regression test only"
"3355","HVoi2ms/Sp3fs","1","Ps 65:11 word 6","Hebrew","no","mapped","Regression test only"
"3356","HVOi3fp","1","Ps 75:11 word 5","Hebrew","no","mapped","Regression test only"
"3357","HVoi3fs/Sp2mp","1","Isa 51:2 word 7","Hebrew","no","mapped","Regression test only"
"3358","HVOi3mp","1","Job 26:5 word 2","Hebrew","no","mapped","Regression test only"
"3359","HVOi3ms","1","Isa 16:10 word 10","Hebrew","no","mapped","Regression test only"
"3360","HVoi3ms/Sp1cs","1","Ps 27:5 word 10","Hebrew","no","mapped","Regression test only"
"3361","HVoi3ms/Sp3ms","1","Deut 32:10 word 8","Hebrew","no","mapped","Regression test only"
"3362","HVop1cs/Sp2ms","1","Song 8:5 word 11","Hebrew","no","mapped","Regression test only"
"3363","HVOp2ms","1","Job 15:7 word 6","Hebrew","no","mapped","Regression test only"
"3364","HVop2ms/Sp3fs","1","Ps 68:10 word 8","Hebrew","no","mapped","Regression test only"
"3365","HVop3cp/Sp3mp","1","Jer 50:6 word 10","Hebrew","no","mapped","Regression test only"
"3366","HVop3fs/Sp2fs","1","Isa 47:10 word 9","Hebrew","no","mapped","Regression test only"
"3367","HVop3fs/Sp3ms","1","Ezek 31:4 word 4","Hebrew","no","mapped","Regression test only"
"3368","HVop3ms/Sp1cs","1","Jer 20:17 word 3","Hebrew","no","mapped","Regression test only"
"3369","HVop3ms/Sp3fs","1","Isa 45:18 word 13","Hebrew","no","mapped","Regression test only"
"3370","HVormsc/Sp1cs","1","Ps 9:14 word 6","Hebrew","no","mapped","Regression test only"
"3371","HVormsc/Sp2ms","1","Deut 32:18 word 6","Hebrew","no","mapped","Regression test only"
"3372","HVosfsa","1","Ezek 38:8 word 9","Hebrew","no","mapped","Regression test only"
"3373","HVOsmsa","1","Isa 53:5 word 2","Hebrew","no","mapped","Regression test only"
"3374","HVov2ms/Sp3ms","1","Ps 90:17 word 12","Hebrew","no","mapped","Regression test only"
"3375","HVPa","1","Gen 40:15 word 2","Hebrew","no","mapped","Regression test only"
"3376","HVPc/Sp3ms","1","Ps 132:1 word 8","Hebrew","no","mapped","Regression test only"
"3377","HVpi1cp/Sp3ms","1","1Sam 6:2 word 12","Hebrew","no","mapped","Regression test only"
"3378","HVpi1cs/Sp1cp","1","1Kgs 22:21 word 8","Hebrew","no","mapped","Regression test only"
"3379","HVpi1cs/Sp2cs","1","2Sam 11:12 word 10","Hebrew","yes","mapped","Already covered"
"3380","HVPi2ms","1","Job 30:22 word 6","Hebrew","no","mapped","Regression test only"
"3381","HVpi3mp/Sp3fs","1","Zeph 2:4 word 9","Hebrew","no","mapped","Regression test only"
"3382","HVpi3ms/Sh","1","Ps 20:4 word 5","Hebrew","no","mapped","Regression test only"
"3383","HVpi3ms/Sp2fs","1","Ezek 26:10 word 3","Hebrew","no","mapped","Regression test only"
"3384","HVpj2ms/Sp1cs","1","2Sam 13:12 word 6","Hebrew","no","mapped","Regression test only"
"3385","HVpj2ms/Sp3ms","1","1Kgs 2:9 word 3","Hebrew","no","mapped","Regression test only"
"3386","HVpj3fs","1","2Sam 14:12 word 3","Hebrew","no","mapped","Regression test only"
"3387","HVpj3mp/Sp2ms","1","Prov 5:19 word 6","Hebrew","no","mapped","Regression test only"
"3388","HVpj3mp/Sp3mp","1","Ps 140:10 word 5","Hebrew","no","mapped","Regression test only"
"3389","HVpj3ms/Sp3mp","1","Ps 140:10 word 6","Hebrew","no","mapped","Regression test only"
"3390","HVpj3ms/Sp3ms","1","Ps 72:15 word 11","Hebrew","no","mapped","Regression test only"
"3391","HVpp1cp/Sp2mp","1","Ps 118:26 word 5","Hebrew","no","mapped","Regression test only"
"3392","HVpp1cp/Sp3ms","1","Ps 35:25 word 8","Hebrew","no","mapped","Regression test only"
"3393","HVpp1cs/Pp3fs","1","Judg 13:14 word 18","Hebrew","no","mapped","Regression test only"
"3394","HVpp2fp","1","Exod 2:18 word 7","Hebrew","no","mapped","Regression test only"
"3395","HVpp2ms/Sp3fs","1","Deut 21:14 word 17","Hebrew","no","mapped","Regression test only"
"3396","HVpp2ms/Sp3mp","1","Jer 5:3 word 9","Hebrew","no","mapped","Regression test only"
"3397","HVpp3cp/Sp2fs","1","Isa 23:2 word 8","Hebrew","no","mapped","Regression test only"
"3398","HVpp3fs/Sp2ms","1","Song 8:5 word 13","Hebrew","no","mapped","Regression test only"
"3399","HVpp3fs/Sp3ms","1","Prov 31:1 word 6","Hebrew","no","mapped","Regression test only"
"3400","HVpp3ms/Sn","1","Isa 34:16 word 20","Hebrew","no","mapped","Regression test only"
"3401","HVprmpc/Sp2mp","1","Isa 66:5 word 10","Hebrew","no","mapped","Regression test only"
"3402","HVprmsc/Sp1cp","1","Job 35:11 word 1","Hebrew","no","mapped","Regression test only"
"3403","HVprmsc/Sp2fs","1","Isa 54:10 word 15","Hebrew","no","mapped","Regression test only"
"3404","HVprmsc/Sp3fs","1","Hos 2:16 word 4","Hebrew","no","mapped","Regression test only"
"3405","HVPsmpc/Sp3ms","1","Ps 37:22 word 2","Hebrew","no","mapped","Regression test only"
"3406","HVPsmsc/Sp1cs","1","Isa 48:12 word 5","Hebrew","no","mapped","Regression test only"
"3407","HVpv2fs/Sp1cs","1","1Sam 19:17 word 19","Hebrew","no","mapped","Regression test only"
"3408","HVpv2mp/Sp1cp","1","Hos 10:8 word 13","Hebrew","no","mapped","Regression test only"
"3409","HVpv2ms/Sp3ms","1","Hab 3:2 word 9","Hebrew","no","mapped","Regression test only"
"3410","HVqh1cp/Sp3mp","1","Prov 1:12 word 1","Hebrew","no","mapped","Regression test only"
"3411","HVqh1cs/Sp2fs","1","1Kgs 1:12 word 3","Hebrew","no","mapped","Regression test only"
"3412","HVqh1cs/Sp2ms","1","Num 23:27 word 7","Hebrew","no","mapped","Regression test only"
"3413","HVqi1cp/Sp2ms","1","Judg 15:13 word 7","Hebrew","no","mapped","Regression test only"
"3414","HVQi2mp","1","Isa 1:20 word 5","Hebrew","no","mapped","Regression test only"
"3415","HVQi2ms","1","Isa 33:1 word 12","Hebrew","no","mapped","Regression test only"
"3416","HVqi3fp/Sp1cs","1","Job 19:15 word 5","Hebrew","no","mapped","Regression test only"
"3417","HVqi3fs/Sp2mp","1","Isa 33:11 word 7","Hebrew","no","mapped","Regression test only"
"3418","HVqi3mp/Sn/Sp2ms","1","Ps 91:12 word 3","Hebrew","no","mapped","Regression test only"
"3419","HVqi3mp/Sp3fp","1","Zech 11:5 word 3","Hebrew","no","mapped","Regression test only"
"3420","HVqi3ms/Sn","1","Mal 2:12 word 5","Hebrew","no","mapped","Regression test only"
"3421","HVqj2mp/Sp1cs","1","Song 1:6 word 2","Hebrew","no","mapped","Regression test only"
"3422","HVqj2mp/Sp3ms","1","2Kgs 12:8 word 24","Hebrew","no","mapped","Regression test only"
"3423","HVqj2ms/Sp2ms","1","Prov 6:25 word 6","Hebrew","no","mapped","Regression test only"
"3424","HVqj2ms/Sp3fs","1","Prov 4:6 word 2","Hebrew","no","mapped","Regression test only"
"3425","HVqj2ms/Sp3ms","1","Ps 41:3 word 8","Hebrew","no","mapped","Regression test only"
"3426","HVqj3mp/Sp1cs","1","Ps 119:122 word 5","Hebrew","no","mapped","Regression test only"
"3427","HVQp1cp","1","Ps 44:23 word 3","Hebrew","no","mapped","Regression test only"
"3428","HVqp1cp/Sp3mp","1","Isa 59:12 word 12","Hebrew","no","mapped","Regression test only"
"3429","HVQp1cs","1","Jer 20:14 word 4","Hebrew","no","mapped","Regression test only"
"3430","HVqp1cs/Sp1cs","1","Ezek 29:3 word 22","Hebrew","no","mapped","Regression test only"
"3431","HVqp1cs/Sp3fp","1","Isa 48:7 word 12","Hebrew","no","mapped","Regression test only"
"3432","HVqp2fs/Sp1cp","1","Jer 2:27 word 8","Hebrew","no","mapped","Regression test only"
"3433","HVqp2mp/Sp1cs","1","Zech 7:5 word 18","Hebrew","no","mapped","Regression test only"
"3434","HVqp3fs/Sp2fs","1","Ruth 4:15 word 11","Hebrew","no","mapped","Regression test only"
"3435","HVqp3fs/Sp3fs","1","Jer 49:24 word 9","Hebrew","no","mapped","Regression test only"
"3436","HVqrfpc/Sp1cp","1","Dan 9:18 word 9","Hebrew","no","mapped","Regression test only"
"3437","HVqrfsc/Sp2mp","1","Jer 50:12 word 5","Hebrew","no","mapped","Regression test only"
"3438","HVqrfsc/Sp2ms","1","Prov 23:25 word 5","Hebrew","no","mapped","Regression test only"
"3439","HVqrfsc/Sp3mp","1","Hos 2:7 word 5","Hebrew","no","mapped","Regression test only"
"3440","HVqrmpc/Sp3cs","1","Ps 147:11 word 4","Hebrew","no","mapped","Regression test only"
"3441","HVqrmpc/Sp3fp","1","Zech 11:5 word 2","Hebrew","no","mapped","Regression test only"
"3442","HVqrmsc/Sp2mp","1","Isa 43:14 word 4","Hebrew","no","mapped","Regression test only"
"3443","HVqsfpc/Sp2mp","1","Isa 46:1 word 9","Hebrew","no","mapped","Regression test only"
"3444","HVqsmpc/Sp2mp","1","Num 14:29 word 6","Hebrew","no","mapped","Regression test only"
"3445","HVqsmpc/Sp2ms","1","Ps 83:4 word 7","Hebrew","no","mapped","Regression test only"
"3446","HVqsmsc/Sp1cp","1","Ps 90:8 word 5","Hebrew","no","mapped","Regression test only"
"3447","HVqsmsc/Sp3ms","1","Ps 39:12 word 8","Hebrew","no","mapped","Regression test only"
"3448","HVqv2mp/Sp1cp","1","Judg 21:22 word 12","Hebrew","no","mapped","Regression test only"
"3449","HVri3fp","1","Amos 9:13 word 18","Hebrew","no","mapped","Regression test only"
"3450","HVrp2ms","1","Job 38:18 word 1","Hebrew","no","mapped","Regression test only"
"3451","HVrp3ms","1","Isa 1:3 word 12","Hebrew","no","mapped","Regression test only"
"3452","HVrrfpa","1","Zech 9:16 word 11","Hebrew","no","mapped","Regression test only"
"3453","HVrsmsa","1","Isa 52:5 word 22","Hebrew","no","mapped","Regression test only"
"3454","HVtc/Sp3ms","1","Num 6:19 word 21","Hebrew","no","mapped","Regression test only"
"3455","HVth1cs","1","Gen 33:14 word 7","Hebrew","no","mapped","Regression test only"
"3456","HVti1cs/Sp3mp","1","Ps 42:5 word 9","Hebrew","no","mapped","Regression test only"
"3457","HVtj3fs","1","Ps 34:3 word 2","Hebrew","no","mapped","Regression test only"
"3458","HVtrmsc/Sp3ms","1","Prov 20:2 word 5","Hebrew","no","mapped","Regression test only"
"3459","HVtv2ms/Sh","1","Job 33:5 word 6","Hebrew","no","mapped","Regression test only"
"3460","HVvh1cp","1","Ps 132:7 word 3","Hebrew","no","mapped","Regression test only"
"3461","HVvi1cp","1","Ps 95:6 word 2","Hebrew","no","mapped","Regression test only"
"3462","HVvp1cs","1","2Sam 16:4 word 12","Hebrew","no","mapped","Regression test only"
"3463","HVvp3cp","1","Jer 8:2 word 17","Hebrew","no","mapped","Regression test only"
"3464","HVzc","1","Ps 84:11 word 7","Hebrew","no","mapped","Regression test only"
