priority,code,occurrences,first_book,first_chapter,first_verse,first_word,exact_code_tested,parser_mapping_status,next_action
1,HR/D,491,Gen,3,23,11,no,mapping gap,review parser mapping before adding regression
2,HNcfsc/Sp1cs,469,Gen,4,23,11,no,mapping gap,review parser mapping before adding regression
3,HC/Vhw3mp,418,Gen,14,5,9,no,mapping gap,review parser mapping before adding regression
4,HR/Vpc,403,Gen,6,17,9,no,mapping gap,review parser mapping before adding regression
5,HPp3mp,395,Gen,3,7,7,no,mapping gap,review parser mapping before adding regression
6,HNcfsc/Sp2ms,391,Gen,3,17,6,no,mapping gap,review parser mapping before adding regression
7,ANcmsd/Td,364,Ezra,4,8,5,no,mapping gap,review parser mapping before adding regression
8,HPp3fs,317,Gen,3,12,7,no,mapping gap,review parser mapping before adding regression
9,HC/R/Np,315,Gen,3,17,1,no,mapping gap,review parser mapping before adding regression
10,HNcmpc/Sp3fs,309,Gen,25,24,2,no,mapping gap,review parser mapping before adding regression
11,HVNp3cp,301,Gen,7,11,15,no,mapping gap,review parser mapping before adding regression
12,HC/Acbpa,297,Gen,5,5,10,no,mapping gap,review parser mapping before adding regression
13,HC/Acfsa,293,Gen,5,7,9,no,mapping gap,review parser mapping before adding regression
14,HVqsmsa,292,Gen,3,14,9,no,mapping gap,review parser mapping before adding regression
15,HVhp3cp,287,Gen,19,11,6,no,mapping gap,review parser mapping before adding regression
16,HTd/Pdxcp,284,Gen,15,1,3,no,mapping gap,review parser mapping before adding regression
17,ATr,278,Ezra,4,10,3,no,mapping gap,review parser mapping before adding regression
18,HTi/Tn,277,Gen,4,7,1,no,mapping gap,review parser mapping before adding regression
19,HC/Ncfsc,271,Gen,1,24,10,no,mapping gap,review parser mapping before adding regression
20,HTd/Pdxfs,271,Gen,12,7,10,no,mapping gap,review parser mapping before adding regression
21,HC/Vqv2mp,263,Gen,1,22,6,no,mapping gap,review parser mapping before adding regression
22,HC/Ncmpc/Sp3ms,261,Gen,7,7,3,no,mapping gap,review parser mapping before adding regression
23,HPdxfs,255,Gen,2,23,3,no,mapping gap,review parser mapping before adding regression
24,HVqp2mp,244,Gen,18,5,11,no,mapping gap,review parser mapping before adding regression
25,HR/Ncbsc/Sp3ms,238,Gen,9,4,3,no,mapping gap,review parser mapping before adding regression
26,HNcfpc/Sp3ms,233,Gen,19,14,7,no,mapping gap,review parser mapping before adding regression
27,HC/Td/Ncmpa,231,Gen,7,19,1,no,mapping gap,review parser mapping before adding regression
28,HC/Rd/Ncmsa,224,Gen,1,5,5,no,mapping gap,review parser mapping before adding regression
29,HVqi1cp,221,Gen,1,26,3,no,mapping gap,review parser mapping before adding regression
30,HVpp1cs,217,Gen,17,20,4,no,mapping gap,review parser mapping before adding regression
31,HR/Ncfpc,216,Gen,13,12,7,no,mapping gap,review parser mapping before adding regression
32,HC/Pp3ms,214,Gen,3,16,14,no,mapping gap,review parser mapping before adding regression
33,HC/Acmsa,214,Gen,4,24,7,no,mapping gap,review parser mapping before adding regression
34,HC/Ncbsa,214,Gen,11,4,6,no,mapping gap,review parser mapping before adding regression
35,ANp,214,Gen,31,47,4,no,mapping gap,review parser mapping before adding regression
36,HR/Ncmsc/Sp3mp,213,Gen,1,21,14,no,mapping gap,review parser mapping before adding regression
37,HVqp1cp,206,Gen,26,28,3,no,mapping gap,review parser mapping before adding regression
38,HVqrfsa,205,Gen,15,12,12,no,mapping gap,review parser mapping before adding regression
39,AR,203,Ezra,4,8,9,no,mapping gap,review parser mapping before adding regression
40,HVqrmsc,202,Gen,4,2,9,no,mapping gap,review parser mapping before adding regression
41,HC/Vqp3ms,200,Gen,2,10,9,no,mapping gap,review parser mapping before adding regression
42,HC/Pp2ms,199,Gen,3,15,13,no,mapping gap,review parser mapping before adding regression
43,HR/Vqc/Sp3ms,199,Gen,12,4,16,no,mapping gap,review parser mapping before adding regression
44,HC/Ti,197,Gen,16,8,8,no,mapping gap,review parser mapping before adding regression
45,HC/Vqrmsa,196,Gen,4,12,11,no,mapping gap,review parser mapping before adding regression
46,HRd/Np,186,Gen,23,17,5,no,mapping gap,review parser mapping before adding regression
47,HC/R/Ncmsa,184,Gen,2,20,11,no,mapping gap,review parser mapping before adding regression
48,HVprmsa,182,Gen,21,9,10,no,mapping gap,review parser mapping before adding regression
49,HAamsc,181,Gen,10,9,3,no,mapping gap,review parser mapping before adding regression
50,HVhv2mp,179,Gen,24,49,9,no,mapping gap,review parser mapping before adding regression
51,HVpp3cp,177,Gen,24,19,9,no,mapping gap,review parser mapping before adding regression
52,HC/R/Vqc,176,Gen,1,18,1,no,mapping gap,review parser mapping before adding regression
53,HC/Td/Ncfsa,170,Gen,19,6,5,no,mapping gap,review parser mapping before adding regression
54,HTd/Ncbpa,167,Gen,26,3,13,no,mapping gap,review parser mapping before adding regression
55,HVha,166,Gen,3,16,4,no,mapping gap,review parser mapping before adding regression
56,HTo/Sp3fs,166,Gen,6,14,11,no,mapping gap,review parser mapping before adding regression
57,HVhp1cs,166,Gen,9,17,9,no,mapping gap,review parser mapping before adding regression
58,HC/Vqi3mp,164,Gen,34,21,6,no,mapping gap,review parser mapping before adding regression
59,HC/Ncbsc,160,Gen,1,2,9,no,mapping gap,review parser mapping before adding regression
60,HAcmda,157,Gen,6,19,5,no,mapping gap,review parser mapping before adding regression
61,HC/Vpw3mp,155,Gen,9,23,12,no,mapping gap,review parser mapping before adding regression
62,HNcmsa/Sd,155,Gen,14,10,13,no,mapping gap,review parser mapping before adding regression
63,HVpv2ms,155,Gen,19,22,1,no,mapping gap,review parser mapping before adding regression
64,HNcbpc/Sp1cs,153,Gen,26,5,9,no,mapping gap,review parser mapping before adding regression
65,HR/Ncbpc/Sp2ms,151,Gen,13,9,4,no,mapping gap,review parser mapping before adding regression
66,HVNi3mp,150,Gen,20,9,22,no,mapping gap,review parser mapping before adding regression
67,HVqsmpa,148,Gen,39,20,14,no,mapping gap,review parser mapping before adding regression
68,HNcmsc/Sp2mp,147,Gen,9,5,3,no,mapping gap,review parser mapping before adding regression
69,HC/VNw3mp,145,Gen,7,23,17,no,mapping gap,review parser mapping before adding regression
70,HRd/Ncfpa,145,Gen,18,11,10,no,mapping gap,review parser mapping before adding regression
71,HC/Ncmpc/Sp3mp,145,Gen,32,16,3,no,mapping gap,review parser mapping before adding regression
72,HNcfpc/Sp3mp,145,Gen,34,21,16,no,mapping gap,review parser mapping before adding regression
73,HC/Ncfsc/Sp3ms,143,Gen,2,25,5,no,mapping gap,review parser mapping before adding regression
74,HVpv2mp,140,Gen,40,8,14,no,mapping gap,review parser mapping before adding regression
75,HC/Vpq3ms,139,Gen,41,30,11,no,mapping gap,review parser mapping before adding regression
76,HVNp3fs,138,Gen,6,12,6,no,mapping gap,review parser mapping before adding regression
77,HD/Sd,138,Gen,14,10,11,no,mapping gap,review parser mapping before adding regression
78,HC/R/Ncmpc,137,Gen,25,6,1,no,mapping gap,review parser mapping before adding regression
79,ANcmsc,136,Ezra,4,8,2,no,mapping gap,review parser mapping before adding regression
80,HC/Vqi3ms,134,Gen,1,6,7,no,mapping gap,review parser mapping before adding regression
81,HVNi3fs,134,Gen,41,36,13,no,mapping gap,review parser mapping before adding regression
82,ANcmsa,134,Ezra,4,8,3,no,mapping gap,review parser mapping before adding regression
83,HR/Ncfpa,131,Gen,34,21,19,no,mapping gap,review parser mapping before adding regression
84,HR/Ncbpc/Sp3mp,128,Gen,6,13,13,no,mapping gap,review parser mapping before adding regression
85,HTd/Ncmsa/Sd,128,Gen,12,8,3,no,mapping gap,review parser mapping before adding regression
86,HR/Vqc/Sp3mp,126,Gen,4,8,7,no,mapping gap,review parser mapping before adding regression
87,HVpi2ms,126,Gen,31,24,13,no,mapping gap,review parser mapping before adding regression
88,HVhp2ms,125,Gen,12,18,11,no,mapping gap,review parser mapping before adding regression
89,HVqsfsa,123,Gen,3,17,16,no,mapping gap,review parser mapping before adding regression
90,ANcmpd/Td,123,Ezra,4,9,9,no,mapping gap,review parser mapping before adding regression
91,HC/R/Ncfsa,122,Exod,6,9,13,no,mapping gap,review parser mapping before adding regression
92,HVqp2fs,121,Gen,3,13,7,no,mapping gap,review parser mapping before adding regression
93,HVqj2mp,121,Gen,19,8,22,no,mapping gap,review parser mapping before adding regression
94,HC/Vtw3ms,119,Gen,3,8,10,no,mapping gap,review parser mapping before adding regression
95,HVhi2mp,118,Gen,19,7,5,no,mapping gap,review parser mapping before adding regression
96,HTd/Acmsa,117,Gen,2,11,2,no,mapping gap,review parser mapping before adding regression
97,HTo/Sp1cs,117,Gen,4,14,3,no,mapping gap,review parser mapping before adding regression
98,HNcbdc/Sp3ms,117,Gen,13,10,4,no,mapping gap,review parser mapping before adding regression
99,HR/Ncmpc/Sp2ms,117,Gen,15,4,13,no,mapping gap,review parser mapping before adding regression
100,HVhrmpa,117,Gen,19,13,2,no,mapping gap,review parser mapping before adding regression
101,HR/Acmsa,116,Gen,2,10,10,no,mapping gap,review parser mapping before adding regression
102,HR/VNc,116,Gen,19,19,18,no,mapping gap,review parser mapping before adding regression
103,HNcmsc/Sp1cp,114,Gen,19,31,5,no,mapping gap,review parser mapping before adding regression
104,HNcmpc/Sp2fs,114,Josh,2,18,20,no,mapping gap,review parser mapping before adding regression
105,HVpp2ms,112,Gen,4,14,2,no,mapping gap,review parser mapping before adding regression
106,HC/Tr,108,Gen,7,23,23,no,mapping gap,review parser mapping before adding regression
107,HR/Ncbpc/Sp1cs,104,Gen,6,13,8,no,mapping gap,review parser mapping before adding regression
108,HVqi3mp/Sn,104,Gen,18,28,2,no,mapping gap,review parser mapping before adding regression
109,HR/Ncmpc/Sp2mp,102,Gen,17,12,8,no,mapping gap,review parser mapping before adding regression
110,HTd/VNrmpa,101,Gen,45,1,6,no,mapping gap,review parser mapping before adding regression
111,HNcfda,100,Gen,4,15,8,no,mapping gap,review parser mapping before adding regression
112,HNcfsc/Sp2fs,98,Gen,3,16,13,no,mapping gap,review parser mapping before adding regression
113,HNcbpc/Sp2ms,98,Gen,4,6,10,no,mapping gap,review parser mapping before adding regression
114,HVHi3ms,98,Gen,4,15,9,no,mapping gap,review parser mapping before adding regression
115,HC/R/Ncbsc,98,Gen,9,5,10,no,mapping gap,review parser mapping before adding regression
116,HC/Pp3mp,98,Gen,14,13,15,no,mapping gap,review parser mapping before adding regression
117,HC/Ncmsc/Sp1cs,98,Gen,18,12,10,no,mapping gap,review parser mapping before adding regression
118,AC,97,Ezra,4,13,6,no,mapping gap,review parser mapping before adding regression
119,HC/R/Sp3ms,95,Gen,33,1,8,no,mapping gap,review parser mapping before adding regression
120,HR/Tn,95,Lev,15,25,8,no,mapping gap,review parser mapping before adding regression
121,HR/Ncbsc/Sp1cs,94,Gen,21,30,7,no,mapping gap,review parser mapping before adding regression
122,HC/Vhw3ms/Sp3mp,93,Gen,3,21,8,no,mapping gap,review parser mapping before adding regression
123,HC/Vpq1cs,93,Gen,17,16,1,no,mapping gap,review parser mapping before adding regression
124,HC/Vqp3cp,92,Gen,12,12,6,no,mapping gap,review parser mapping before adding regression
125,HR/Ncfsc/Sp2ms,92,Gen,49,18,1,no,mapping gap,review parser mapping before adding regression
126,HVqi2fs,90,Gen,3,16,9,no,mapping gap,review parser mapping before adding regression
127,HVNp1cs,90,Gen,6,7,20,no,mapping gap,review parser mapping before adding regression
128,HC/Vhq2ms,90,Gen,26,10,13,no,mapping gap,review parser mapping before adding regression
129,HC/R/Ncfsc,90,Gen,33,14,13,no,mapping gap,review parser mapping before adding regression
130,HTd/Aofsa,89,Gen,4,19,10,no,mapping gap,review parser mapping before adding regression
131,HR/Pdxms,89,Gen,16,8,6,no,mapping gap,review parser mapping before adding regression
132,HNcfpc/Sp1cs,89,Gen,26,5,8,no,mapping gap,review parser mapping before adding regression
133,HC/Aampa,88,Gen,13,13,4,no,mapping gap,review parser mapping before adding regression
134,HVprmpa,88,Gen,37,7,3,no,mapping gap,review parser mapping before adding regression
135,HC/Rd/Ncmpa,88,Exod,7,19,32,no,mapping gap,review parser mapping before adding regression
136,HC/Vqw3ms/Sp3mp,87,Gen,14,15,7,no,mapping gap,review parser mapping before adding regression
137,HR/Ncbsc/Sp3mp,87,Gen,35,4,9,no,mapping gap,review parser mapping before adding regression
138,HC/Ncmsc/Sp2ms,85,Gen,17,9,10,no,mapping gap,review parser mapping before adding regression
139,HC/Vqa,83,Gen,8,3,6,no,mapping gap,review parser mapping before adding regression
140,HC/Vqw3fp,82,Gen,19,36,1,no,mapping gap,review parser mapping before adding regression
141,AVqrmsa,82,Ezra,4,15,20,no,mapping gap,review parser mapping before adding regression
142,HR/Ncfsc/Sp1cs,81,Gen,4,23,17,no,mapping gap,review parser mapping before adding regression
143,HR/Ncbdc/Sp2ms,81,Gen,18,3,7,no,mapping gap,review parser mapping before adding regression
144,HNcfdc/Sp3ms,81,Gen,24,32,12,no,mapping gap,review parser mapping before adding regression
145,HC/Vqj3ms,80,Gen,9,26,6,no,mapping gap,review parser mapping before adding regression
146,HR/Vqc/Sp1cs,80,Gen,29,19,7,no,mapping gap,review parser mapping before adding regression
147,HC/VNq3cp,79,Gen,3,5,8,no,mapping gap,review parser mapping before adding regression
148,HR/C,79,Gen,3,11,12,no,mapping gap,review parser mapping before adding regression
149,HC/Td/Ncfpa,79,Exod,28,21,1,no,mapping gap,review parser mapping before adding regression
150,HC/Vqw2ms,78,Gen,3,17,7,no,mapping gap,review parser mapping before adding regression
151,HC/Vqi1cs,78,Gen,24,14,9,no,mapping gap,review parser mapping before adding regression
152,HVhv2ms/Sh,78,Gen,27,7,1,no,mapping gap,review parser mapping before adding regression
153,HTd/Vhrmsa,78,Gen,36,35,8,no,mapping gap,review parser mapping before adding regression
154,HC/Td/Ngmpa,78,Gen,37,36,1,no,mapping gap,review parser mapping before adding regression
155,HC/Ncfsc/Sp2ms,77,Gen,6,18,10,no,mapping gap,review parser mapping before adding regression
156,HR/Ncfsc/Sp3mp,77,Gen,47,30,7,no,mapping gap,review parser mapping before adding regression
157,HNcbdc/Sp2ms,76,Gen,13,14,11,no,mapping gap,review parser mapping before adding regression
158,HC/Vtw3mp,76,Gen,33,7,5,no,mapping gap,review parser mapping before adding regression
159,HVqp3ms/Sp3ms,75,Gen,4,25,21,no,mapping gap,review parser mapping before adding regression
160,HC/Ncfpc,75,Gen,6,18,11,no,mapping gap,review parser mapping before adding regression
161,HNcbdc/Sp1cs,74,Gen,31,10,6,no,mapping gap,review parser mapping before adding regression
162,HVqi3ms/Sp3ms,73,Gen,42,4,13,no,mapping gap,review parser mapping before adding regression
163,HC/Vpq2ms,73,Exod,4,15,1,no,mapping gap,review parser mapping before adding regression
164,HNcbdc,72,Gen,3,7,2,no,mapping gap,review parser mapping before adding regression
165,HNcbpc/Sp3mp,72,Gen,34,28,6,no,mapping gap,review parser mapping before adding regression
166,HR/Vtc,72,Gen,37,10,21,no,mapping gap,review parser mapping before adding regression
167,HRd/Ngmpa,72,Gen,37,27,3,no,mapping gap,review parser mapping before adding regression
168,HVqrmpc/Sp2ms,71,Gen,13,8,14,no,mapping gap,review parser mapping before adding regression
169,HR/R/Sp1cs,71,Gen,13,9,7,no,mapping gap,review parser mapping before adding regression
170,HVpa,71,Gen,22,17,2,no,mapping gap,review parser mapping before adding regression
171,ATn,71,Ezra,4,13,15,no,mapping gap,review parser mapping before adding regression
172,HVPp3ms,70,Gen,3,23,10,no,mapping gap,review parser mapping before adding regression
173,HR/Ncmsc/Sp2mp,70,Gen,17,13,9,no,mapping gap,review parser mapping before adding regression
174,HVti3ms,70,Lev,21,1,14,no,mapping gap,review parser mapping before adding regression
175,AR/Ncmsc,70,Ezra,4,15,3,no,mapping gap,review parser mapping before adding regression
176,HC/Pp2mp,69,Gen,9,7,1,no,mapping gap,review parser mapping before adding regression
177,HC/Vqrmpc,69,Exod,35,35,20,no,mapping gap,review parser mapping before adding regression
178,HC/Ncfsc/Sp1cs,69,Deut,32,42,4,no,mapping gap,review parser mapping before adding regression
179,HC/R/Vhc,68,Gen,1,18,4,no,mapping gap,review parser mapping before adding regression
180,HVhc,68,Gen,4,15,15,no,mapping gap,review parser mapping before adding regression
181,HNcfpc/Sp3fs,68,Num,4,9,13,no,mapping gap,review parser mapping before adding regression
182,HR/Vpc/Sp3ms,67,Gen,28,6,16,no,mapping gap,review parser mapping before adding regression
183,ANcmpa,67,Ezra,4,13,18,no,mapping gap,review parser mapping before adding regression
184,HR/Ncbpc/Sp2mp,66,Gen,9,5,4,no,mapping gap,review parser mapping before adding regression
185,HVhi3fs,65,Gen,3,18,3,no,mapping gap,review parser mapping before adding regression
186,HR/Ncmpc/Sp1cs,65,Gen,18,30,5,no,mapping gap,review parser mapping before adding regression
187,HC/Vqw1cs/Sh,65,Gen,32,6,8,no,mapping gap,review parser mapping before adding regression
188,HC/R/Ncmpa,64,Gen,1,14,14,no,mapping gap,review parser mapping before adding regression
189,HVqv2ms/Sp1cs,64,Gen,23,11,3,no,mapping gap,review parser mapping before adding regression
190,HTd/Vqrfsa,63,Gen,1,21,10,no,mapping gap,review parser mapping before adding regression
191,HR/Ncbdc/Sp3ms,63,Gen,22,13,11,no,mapping gap,review parser mapping before adding regression
192,HR/Vqc/Sp2ms,63,Gen,27,42,20,no,mapping gap,review parser mapping before adding regression
193,AR/Np,63,Ezra,4,8,11,no,mapping gap,review parser mapping before adding regression
194,HNcmda,62,Gen,19,1,15,no,mapping gap,review parser mapping before adding regression
195,HC/Vhq3cp,62,Gen,44,31,7,no,mapping gap,review parser mapping before adding regression
196,HVqrmpc/Sp1cs,61,Gen,13,8,12,no,mapping gap,review parser mapping before adding regression
197,HNcfdc/Sp1cs,61,Gen,20,5,16,no,mapping gap,review parser mapping before adding regression
198,HC/Vhq2mp,61,Gen,42,38,18,no,mapping gap,review parser mapping before adding regression
199,HR/Acfsa,60,Gen,8,13,2,no,mapping gap,review parser mapping before adding regression
200,HR/Sp3fp,60,Gen,19,8,15,no,mapping gap,review parser mapping before adding regression
201,HC/Vqrmpa,60,Gen,28,12,13,no,mapping gap,review parser mapping before adding regression
202,HC/Vhv2mp,60,Gen,35,2,16,no,mapping gap,review parser mapping before adding regression
203,HC/Aamsc,60,Gen,35,29,8,no,mapping gap,review parser mapping before adding regression
204,HTd/Acbpa,59,Gen,18,29,14,no,mapping gap,review parser mapping before adding regression
205,HC/D/Sd,59,Gen,49,31,15,no,mapping gap,review parser mapping before adding regression
206,HAcmdc/Sp3mp,58,Gen,2,25,2,no,mapping gap,review parser mapping before adding regression
207,HR/Acmsc,58,Gen,3,22,7,no,mapping gap,review parser mapping before adding regression
208,HTd/VNrmsa,58,Gen,12,7,15,no,mapping gap,review parser mapping before adding regression
209,HR/Ncfdc,58,Gen,23,10,11,no,mapping gap,review parser mapping before adding regression
210,HNcbdc/Sp3mp,58,Gen,37,25,5,no,mapping gap,review parser mapping before adding regression
211,HC/Vpq3cp,58,Exod,19,10,11,no,mapping gap,review parser mapping before adding regression
212,AD,58,Ezra,4,8,13,no,mapping gap,review parser mapping before adding regression
213,AR/Sp3ms,58,Ezra,4,11,6,no,mapping gap,review parser mapping before adding regression
214,AVqi3ms,58,Ezra,4,12,2,no,mapping gap,review parser mapping before adding regression
215,AVqrmpa,58,Ezra,4,12,17,no,mapping gap,review parser mapping before adding regression
216,HNcfdc,57,Gen,50,23,13,no,mapping gap,review parser mapping before adding regression
217,HR/Vqrmpc,57,Exod,36,8,5,no,mapping gap,review parser mapping before adding regression
218,HC/Vhw3fs,56,Gen,1,12,1,no,mapping gap,review parser mapping before adding regression
219,HC/Vqp1cs,56,Gen,7,4,13,no,mapping gap,review parser mapping before adding regression
220,HNcfsa/Sd,56,Gen,13,14,18,no,mapping gap,review parser mapping before adding regression
221,HNcbsc/Sp3fs,56,Gen,24,18,8,no,mapping gap,review parser mapping before adding regression
222,HVqrmpc/Sp3mp,56,Lev,26,36,7,no,mapping gap,review parser mapping before adding regression
223,HRd/Vprmsa,56,Ps,4,1,1,no,mapping gap,review parser mapping before adding regression
224,HC/Ncmpc/Sp2ms,55,Gen,6,18,9,no,mapping gap,review parser mapping before adding regression
225,HC/Acmsc,55,Gen,7,13,13,no,mapping gap,review parser mapping before adding regression
226,HC/Ncmsc/Sp3fs,55,Gen,16,1,10,no,mapping gap,review parser mapping before adding regression
227,HNcbsc/Sp2mp,55,Gen,23,8,7,no,mapping gap,review parser mapping before adding regression
228,HVhv2ms/Sp1cs,55,Gen,25,30,5,no,mapping gap,review parser mapping before adding regression
229,HC/Vqw1cp,55,Gen,26,28,8,no,mapping gap,review parser mapping before adding regression
230,HTd/Aafpa,55,Gen,30,35,11,no,mapping gap,review parser mapping before adding regression
231,HNcbpc/Sp2mp,55,Gen,40,7,12,no,mapping gap,review parser mapping before adding regression
232,HC/Vhw1cs,55,Exod,9,15,6,no,mapping gap,review parser mapping before adding regression
233,HC/Vqw3ms/Sp3fs,54,Gen,8,9,19,no,mapping gap,review parser mapping before adding regression
234,HVNv2ms,54,Gen,13,9,5,no,mapping gap,review parser mapping before adding regression
235,HVPsmsa,54,Gen,15,9,10,no,mapping gap,review parser mapping before adding regression
236,HVNi2ms,54,Gen,15,15,6,no,mapping gap,review parser mapping before adding regression
237,HC/R/Ncmsc/Sp3ms,54,Gen,33,17,7,no,mapping gap,review parser mapping before adding regression
238,AC/Ncmsd/Td,54,Ezra,5,3,22,no,mapping gap,review parser mapping before adding regression
239,HC/Vpw3ms/Sp3ms,53,Gen,3,23,1,no,mapping gap,review parser mapping before adding regression
240,HVHsmsa,53,Gen,28,12,4,no,mapping gap,review parser mapping before adding regression
241,HC/Vqw3mp/Sp3ms,53,Gen,37,24,1,no,mapping gap,review parser mapping before adding regression
242,HR/Ncmsc/Sp2fs,51,Gen,12,13,8,no,mapping gap,review parser mapping before adding regression
243,HVqc/Sp3ms,51,Gen,14,17,6,no,mapping gap,review parser mapping before adding regression
244,HC/Ncmpc/Sp1cs,51,Gen,47,1,7,no,mapping gap,review parser mapping before adding regression
245,HC/R/Ncbpc,51,Exod,7,10,17,no,mapping gap,review parser mapping before adding regression
246,HC/Vqw2mp,51,Num,11,20,18,no,mapping gap,review parser mapping before adding regression
247,HVqp3cp/Sp1cs,51,Deut,31,17,25,no,mapping gap,review parser mapping before adding regression
248,HC/VNw3fs,50,Gen,6,11,1,no,mapping gap,review parser mapping before adding regression
249,HC/R/Sp3mp,50,Gen,6,21,12,no,mapping gap,review parser mapping before adding regression
250,HTo/Sp2ms,50,Gen,7,1,11,no,mapping gap,review parser mapping before adding regression
251,HNcfsc/Sp2mp,50,Gen,17,11,4,no,mapping gap,review parser mapping before adding regression
252,HC/Ncbsc/Sp3ms,50,Gen,25,26,5,no,mapping gap,review parser mapping before adding regression
253,HVti3mp,50,Exod,19,22,6,no,mapping gap,review parser mapping before adding regression
254,ANcfsa,50,Ezra,4,8,7,no,mapping gap,review parser mapping before adding regression
255,ANcmsc/Sp3ms,50,Ezra,5,14,31,no,mapping gap,review parser mapping before adding regression
256,HC/R/Ncfsc/Sp3ms,49,Gen,3,21,5,no,mapping gap,review parser mapping before adding regression
257,HC/VNq3fs,49,Gen,9,14,6,no,mapping gap,review parser mapping before adding regression
258,HC/Td/Np,49,Gen,12,8,12,no,mapping gap,review parser mapping before adding regression
259,HR/Pdxfs,48,Gen,2,23,9,no,mapping gap,review parser mapping before adding regression
260,HC/R/Ti,48,Gen,4,6,8,no,mapping gap,review parser mapping before adding regression
261,HR/Td/Ncmsa,48,Gen,6,20,1,no,mapping gap,review parser mapping before adding regression
262,HC/Vqv2fs,48,Gen,18,6,13,no,mapping gap,review parser mapping before adding regression
263,HC/Ncmsc/Sp3mp,48,Gen,34,23,2,no,mapping gap,review parser mapping before adding regression
264,HC/R/Vpc,48,Exod,29,29,10,no,mapping gap,review parser mapping before adding regression
265,HNcfpc/Sp2fs,48,Ruth,3,3,5,no,mapping gap,review parser mapping before adding regression
266,HVtrmsa,47,Gen,3,8,6,no,mapping gap,review parser mapping before adding regression
267,HVqi3ms/Sp1cs,47,Gen,4,14,17,no,mapping gap,review parser mapping before adding regression
268,HC/Vpw3fs,47,Gen,18,15,1,no,mapping gap,review parser mapping before adding regression
269,HVhp3fs,47,Gen,21,7,5,no,mapping gap,review parser mapping before adding regression
270,HVhi3ms/Sp3ms,47,Gen,49,9,12,no,mapping gap,review parser mapping before adding regression
271,HRd/Aampa,47,Exod,7,11,4,no,mapping gap,review parser mapping before adding regression
272,HC/Vqw2fs,47,Ruth,2,11,16,no,mapping gap,review parser mapping before adding regression
273,APdxms,47,Ezra,4,11,1,no,mapping gap,review parser mapping before adding regression
274,HC/Ncfsc/Sp3mp,46,Gen,18,20,8,no,mapping gap,review parser mapping before adding regression
275,HVhj2ms,46,Gen,19,17,10,no,mapping gap,review parser mapping before adding regression
276,HC/Pp3fs,46,Gen,19,20,8,no,mapping gap,review parser mapping before adding regression
277,HTd/Vqsmpa,46,Gen,30,42,6,no,mapping gap,review parser mapping before adding regression
278,HVqsmpc,46,Gen,39,20,11,no,mapping gap,review parser mapping before adding regression
279,HC/Td/Vqrmsa,46,Gen,40,1,9,no,mapping gap,review parser mapping before adding regression
280,HRd/Ncbpa,46,Exod,9,3,9,no,mapping gap,review parser mapping before adding regression
281,HC/Acbsa,46,Exod,38,25,6,no,mapping gap,review parser mapping before adding regression
282,HC/Vha,45,Gen,22,17,4,no,mapping gap,review parser mapping before adding regression
283,HVpp3fs,45,Gen,38,15,6,no,mapping gap,review parser mapping before adding regression
284,HC/Ncfpc/Sp3mp,45,Num,3,37,5,no,mapping gap,review parser mapping before adding regression
285,HVpi3fs,45,Deut,12,20,14,no,mapping gap,review parser mapping before adding regression
286,HVqi2ms/Sp3ms,44,Gen,3,15,14,no,mapping gap,review parser mapping before adding regression
287,HTo/Sp2fs,44,Gen,12,12,4,no,mapping gap,review parser mapping before adding regression
288,HC/Vqsmsa,44,Gen,14,20,1,no,mapping gap,review parser mapping before adding regression
289,HVqc/Sp1cs,44,Gen,18,12,6,no,mapping gap,review parser mapping before adding regression
290,HC/Ncmpc/Sp3fs,44,Gen,33,2,9,no,mapping gap,review parser mapping before adding regression
291,HNcbpc/Sp3fs,44,Gen,38,15,7,no,mapping gap,review parser mapping before adding regression
292,HVPsmpa,44,Exod,25,5,3,no,mapping gap,review parser mapping before adding regression
293,HVPi3ms,44,Exod,34,34,19,no,mapping gap,review parser mapping before adding regression
294,HVHp3ms,43,Gen,4,26,11,no,mapping gap,review parser mapping before adding regression
295,HC/R/Ncmsc/Sp2ms,43,Gen,13,15,10,no,mapping gap,review parser mapping before adding regression
296,HC/Vqq2fs,43,Gen,16,11,9,no,mapping gap,review parser mapping before adding regression
297,HC/Ncfpc/Sp3ms,43,Gen,20,17,11,no,mapping gap,review parser mapping before adding regression
298,HC/Vpw3ms/Sp3mp,43,Gen,25,6,8,no,mapping gap,review parser mapping before adding regression
299,HR/Ncmpc/Sp1cp,43,Exod,5,8,24,no,mapping gap,review parser mapping before adding regression
300,HVhi1cs/Sp2ms,42,Gen,12,1,14,no,mapping gap,review parser mapping before adding regression
301,HAafsc,42,Gen,12,11,15,no,mapping gap,review parser mapping before adding regression
302,HR/Ncmpc/Sp3fs,42,Gen,17,14,12,no,mapping gap,review parser mapping before adding regression
303,HTi/Ncmsa,42,Gen,20,4,7,no,mapping gap,review parser mapping before adding regression
304,HAofsa,42,Gen,22,15,6,no,mapping gap,review parser mapping before adding regression
305,HVqi1cs/Sp2ms,42,Gen,28,15,14,no,mapping gap,review parser mapping before adding regression
306,HR/Vqc/Sp2mp,42,Gen,32,20,20,no,mapping gap,review parser mapping before adding regression
307,AR/Sp2ms,42,Ezra,4,12,9,no,mapping gap,review parser mapping before adding regression
308,HVqi3ms/Sp2ms,41,Gen,3,15,11,no,mapping gap,review parser mapping before adding regression
309,HC/R/Sp2ms,41,Gen,4,7,11,no,mapping gap,review parser mapping before adding regression
310,HVNi1cs,41,Gen,4,14,9,no,mapping gap,review parser mapping before adding regression
311,HVpc,41,Gen,8,10,7,no,mapping gap,review parser mapping before adding regression
312,HVhj3ms,41,Gen,9,27,1,no,mapping gap,review parser mapping before adding regression
313,HC/Vhw3mp/Sp3ms,41,Gen,19,16,13,no,mapping gap,review parser mapping before adding regression
314,HTd/Np/Sd,41,Exod,1,22,9,no,mapping gap,review parser mapping before adding regression
315,HR/Ncfpc/Sp3ms,40,Gen,4,23,3,no,mapping gap,review parser mapping before adding regression
316,HVqp3ms/Sp3mp,40,Gen,5,2,3,no,mapping gap,review parser mapping before adding regression
317,HR/Ncbsc/Sp2mp,40,Gen,9,2,19,no,mapping gap,review parser mapping before adding regression
318,HR/Vhc/Sp3mp,40,Gen,19,17,2,no,mapping gap,review parser mapping before adding regression
319,HNcbsc/Sp2fs,40,Gen,21,18,7,no,mapping gap,review parser mapping before adding regression
320,HC/Vhw3ms/Sp1cs,40,Gen,24,37,1,no,mapping gap,review parser mapping before adding regression
321,HC/Vpp3ms,40,Gen,28,6,8,no,mapping gap,review parser mapping before adding regression
322,HRd/Aafsa,40,Gen,28,19,12,no,mapping gap,review parser mapping before adding regression
323,HC/Vqq1cp,40,Gen,34,16,1,no,mapping gap,review parser mapping before adding regression
324,HC/Vhi3ms,40,Exod,10,21,14,no,mapping gap,review parser mapping before adding regression
325,HVhi2ms/Sp1cs,40,Deut,2,28,3,no,mapping gap,review parser mapping before adding regression
326,HC/Ncbpc,40,Deut,12,6,12,no,mapping gap,review parser mapping before adding regression
327,AAamsa,40,Ezra,4,14,11,no,mapping gap,review parser mapping before adding regression
328,HR/R/Ncbpc,39,Gen,4,16,3,no,mapping gap,review parser mapping before adding regression
329,HC/Vhp3ms,39,Gen,15,6,1,no,mapping gap,review parser mapping before adding regression
330,HTd/Ngfsa,39,Gen,16,3,7,no,mapping gap,review parser mapping before adding regression
331,HRd/Ngmsa,39,Gen,34,30,12,no,mapping gap,review parser mapping before adding regression
332,HC/Vhw3mp/Sp3mp,39,Exod,12,36,8,no,mapping gap,review parser mapping before adding regression
333,AR/Ncmsd/Td,39,Ezra,4,12,3,no,mapping gap,review parser mapping before adding regression
334,ANcfsc,39,Ezra,4,22,3,no,mapping gap,review parser mapping before adding regression
335,HVhp3ms/Sp1cs,38,Gen,3,13,11,no,mapping gap,review parser mapping before adding regression
336,HR/Acbpa,38,Gen,37,28,15,no,mapping gap,review parser mapping before adding regression
337,HR/Ncbdc/Sp3mp,38,Gen,42,24,14,no,mapping gap,review parser mapping before adding regression
338,HVNi3fp,38,Exod,8,5,17,no,mapping gap,review parser mapping before adding regression
339,HC/R/Ncmpc/Sp3ms,38,Exod,14,17,14,no,mapping gap,review parser mapping before adding regression
340,HC/Ncmpc/Sp2mp,38,Exod,22,23,9,no,mapping gap,review parser mapping before adding regression
341,HVprmpc,38,1Chr,16,10,6,no,mapping gap,review parser mapping before adding regression
342,HR/Ncbdc/Sp1cs,37,Gen,31,40,9,no,mapping gap,review parser mapping before adding regression
343,HVph1cs,37,Gen,32,21,9,no,mapping gap,review parser mapping before adding regression
344,HVqsfpa,37,Gen,41,23,4,no,mapping gap,review parser mapping before adding regression
345,HR/R/Sp3mp,37,Gen,42,24,2,no,mapping gap,review parser mapping before adding regression
346,HR/Vqrmsa,37,Exod,22,24,12,no,mapping gap,review parser mapping before adding regression
347,HC/Vhrmsa,37,Judg,13,19,12,no,mapping gap,review parser mapping before adding regression
348,AC/Ncmsa,37,Ezra,4,13,14,no,mapping gap,review parser mapping before adding regression
349,HVPp3cp,36,Gen,6,1,10,no,mapping gap,review parser mapping before adding regression
350,HR/Pdxcp,36,Gen,10,5,1,no,mapping gap,review parser mapping before adding regression
351,HVqj3fs,36,Gen,13,8,7,no,mapping gap,review parser mapping before adding regression
352,HNcfsc/Sp1cp,36,Gen,24,60,6,no,mapping gap,review parser mapping before adding regression
353,HR/R/Ncmsc,36,Gen,26,1,4,no,mapping gap,review parser mapping before adding regression
354,HTd/Vprmpa,36,Exod,4,19,13,no,mapping gap,review parser mapping before adding regression
355,HC/R/Ncmpc/Sp2ms,36,Exod,7,28,14,no,mapping gap,review parser mapping before adding regression
356,AC/Np,36,Ezra,4,8,4,no,mapping gap,review parser mapping before adding regression
357,AC/Ncmsc,36,Ezra,4,9,7,no,mapping gap,review parser mapping before adding regression
358,HC/Vqp2ms,35,Gen,6,21,8,no,mapping gap,review parser mapping before adding regression
359,HR/Vhc/Sp1cs,35,Gen,34,30,9,no,mapping gap,review parser mapping before adding regression
360,HC/R/Ncbsa,35,Gen,49,9,10,no,mapping gap,review parser mapping before adding regression
361,HR/Aampa,35,Num,5,24,12,no,mapping gap,review parser mapping before adding regression
362,HC/Ncbpa,34,Gen,12,16,8,no,mapping gap,review parser mapping before adding regression
363,HC/Rd/Ncbsa,34,Gen,40,10,1,no,mapping gap,review parser mapping before adding regression
364,HC/Td/Aamsa,34,Gen,42,32,9,no,mapping gap,review parser mapping before adding regression
365,HVhp2mp,34,Gen,43,6,4,no,mapping gap,review parser mapping before adding regression
366,HVNrfsa,34,Exod,16,35,12,no,mapping gap,review parser mapping before adding regression
367,HC/Td/Aampa,34,Ruth,4,11,6,no,mapping gap,review parser mapping before adding regression
368,ANcmpc,34,Ezra,4,15,23,no,mapping gap,review parser mapping before adding regression
369,HC/Vph1cs,33,Gen,18,30,6,no,mapping gap,review parser mapping before adding regression
370,HC/Vqi3fs,33,Gen,19,20,16,no,mapping gap,review parser mapping before adding regression
371,HC/Ncfsc/Sp3fs,33,Gen,24,15,18,no,mapping gap,review parser mapping before adding regression
372,HC/Acmdc,33,Gen,24,22,12,no,mapping gap,review parser mapping before adding regression
373,HVpv2ms/Sp1cs,33,Gen,27,34,14,no,mapping gap,review parser mapping before adding regression
374,HVqc/Sp3mp,33,Gen,34,5,16,no,mapping gap,review parser mapping before adding regression
375,HR/Ncbpc/Sp1cp,33,Gen,46,34,6,no,mapping gap,review parser mapping before adding regression
376,HC/Pp1cp,33,Exod,10,26,15,no,mapping gap,review parser mapping before adding regression
377,HVpi2mp,33,Exod,16,23,18,no,mapping gap,review parser mapping before adding regression
378,HVprmsc/Sp2ms,33,Exod,34,11,6,no,mapping gap,review parser mapping before adding regression
379,HTd/Vqsfsa,33,Lev,14,6,21,no,mapping gap,review parser mapping before adding regression
380,HVqrmsc/Sp1cs,32,Gen,4,14,16,no,mapping gap,review parser mapping before adding regression
381,HR/Acmdc,32,Gen,9,22,9,no,mapping gap,review parser mapping before adding regression
382,HVqi3mp/Sp3ms,32,Exod,12,8,11,no,mapping gap,review parser mapping before adding regression
383,HVhi3ms/Sp2ms,32,Exod,13,5,3,no,mapping gap,review parser mapping before adding regression
384,HTi/Vqi3ms,32,Exod,16,4,19,no,mapping gap,review parser mapping before adding regression
385,HVhi3ms/Sp1cs,32,Num,23,3,14,no,mapping gap,review parser mapping before adding regression
386,HAampc/Sp3ms,32,Deut,1,7,9,no,mapping gap,review parser mapping before adding regression
387,HC/VNrmsa,31,Gen,3,6,11,no,mapping gap,review parser mapping before adding regression
388,HVqp3ms/Sp3fs,31,Gen,24,16,8,no,mapping gap,review parser mapping before adding regression
389,HR/Ncfsc/Sp3fs,31,Gen,24,17,9,no,mapping gap,review parser mapping before adding regression
390,HTo/Sp1cp,31,Gen,34,9,2,no,mapping gap,review parser mapping before adding regression
391,HNcfpc/Sp1cp,31,Gen,34,9,7,no,mapping gap,review parser mapping before adding regression
392,HNcfdc/Sp3mp,31,Gen,43,24,10,no,mapping gap,review parser mapping before adding regression
393,HR/Aampc,31,Exod,17,5,10,no,mapping gap,review parser mapping before adding regression
394,HC/Vpa,31,Exod,21,19,12,no,mapping gap,review parser mapping before adding regression
395,HVpj2ms,31,Lev,19,29,2,no,mapping gap,review parser mapping before adding regression
396,HC/Vhq1cs/Sp3mp,31,Josh,14,12,26,no,mapping gap,review parser mapping before adding regression
397,AR/Ncfsc,31,Ezra,4,22,10,no,mapping gap,review parser mapping before adding regression
398,HC/Td/Vqrmpa,30,Gen,7,16,1,no,mapping gap,review parser mapping before adding regression
399,HVqrmsc/Sp2ms,30,Gen,23,6,11,no,mapping gap,review parser mapping before adding regression
400,HRd/Vqrmsa,30,Gen,23,16,20,no,mapping gap,review parser mapping before adding regression
401,HTd/Vqrfpa,30,Gen,24,11,12,no,mapping gap,review parser mapping before adding regression
402,HVqp2ms/Sp1cs,30,Gen,31,28,2,no,mapping gap,review parser mapping before adding regression
403,HNcbsc/Sp1cp,30,Num,11,6,2,no,mapping gap,review parser mapping before adding regression
404,HC/R/Ncfpc,30,Deut,32,32,5,no,mapping gap,review parser mapping before adding regression
405,AVqp3mp,30,Ezra,4,8,6,no,mapping gap,review parser mapping before adding regression
406,AC/C,30,Ezra,4,14,2,no,mapping gap,review parser mapping before adding regression
407,HVpp3ms/Sp3ms,29,Gen,7,5,5,no,mapping gap,review parser mapping before adding regression
408,HC/Vqp3fs,29,Gen,12,13,9,no,mapping gap,review parser mapping before adding regression
409,HVqj2fs,29,Gen,21,17,19,no,mapping gap,review parser mapping before adding regression
410,HVhp3ms/Sp3ms,29,Gen,27,23,2,no,mapping gap,review parser mapping before adding regression
411,HVNp2ms,29,Gen,31,27,2,no,mapping gap,review parser mapping before adding regression
412,HC/Td/VNrmsa,29,Exod,12,10,6,no,mapping gap,review parser mapping before adding regression
413,HVqi3ms/Sp3fs,29,Exod,21,9,3,no,mapping gap,review parser mapping before adding regression
414,HVqrmpc/Sp3fs,29,Lev,18,25,9,no,mapping gap,review parser mapping before adding regression
415,HC/Ncbsc/Sp1cs,29,1Sam,24,13,8,no,mapping gap,review parser mapping before adding regression
416,HNcbpc/Sp2fs,29,1Sam,25,35,17,no,mapping gap,review parser mapping before adding regression
417,AR/Sp3mp,29,Ezra,4,20,14,no,mapping gap,review parser mapping before adding regression
418,AR/D,29,Ezra,4,24,1,no,mapping gap,review parser mapping before adding regression
419,AC/R,29,Ezra,5,16,12,no,mapping gap,review parser mapping before adding regression
420,HNcbdc/Sp2mp,28,Gen,3,5,9,no,mapping gap,review parser mapping before adding regression
421,HC/Acbda,28,Gen,11,19,9,no,mapping gap,review parser mapping before adding regression
422,HC/Vhh1cs,28,Gen,13,9,10,no,mapping gap,review parser mapping before adding regression
423,HC/Ncfpc/Sp2ms,28,Gen,19,12,11,no,mapping gap,review parser mapping before adding regression
424,HC/Vqi1cp,28,Gen,37,20,11,no,mapping gap,review parser mapping before adding regression
425,HVhrmsc,28,Exod,21,12,1,no,mapping gap,review parser mapping before adding regression
426,HR/D/Sd,28,Exod,25,20,5,no,mapping gap,review parser mapping before adding regression
427,HC/VNq1cs,28,Exod,25,22,1,no,mapping gap,review parser mapping before adding regression
428,HC/Vqw3mp/Sp3mp,28,Exod,39,18,10,no,mapping gap,review parser mapping before adding regression
429,HVhi1cs/Sp3mp,28,Deut,32,21,8,no,mapping gap,review parser mapping before adding regression
430,HC/Ngmpa,28,Judg,10,12,1,no,mapping gap,review parser mapping before adding regression
431,HRd/Vqrmpa,28,Ruth,2,4,7,no,mapping gap,review parser mapping before adding regression
432,AC/Vqrmsa,28,Dan,2,5,3,no,mapping gap,review parser mapping before adding regression
433,HC/Vqj3mp,27,Gen,1,26,7,no,mapping gap,review parser mapping before adding regression
434,HVNc,27,Gen,13,14,6,no,mapping gap,review parser mapping before adding regression
435,HVhp1cs/Sp2ms,27,Gen,15,7,6,no,mapping gap,review parser mapping before adding regression
436,HC/VNq2mp,27,Gen,17,11,1,no,mapping gap,review parser mapping before adding regression
437,HC/VHw3ms,27,Gen,22,20,5,no,mapping gap,review parser mapping before adding regression
438,HVqsmsc,27,Gen,24,31,3,no,mapping gap,review parser mapping before adding regression
439,HVtp3cp,27,Gen,26,20,15,no,mapping gap,review parser mapping before adding regression
440,HVNi2mp,27,Gen,42,15,2,no,mapping gap,review parser mapping before adding regression
441,HVpp2mp,27,Gen,42,36,6,no,mapping gap,review parser mapping before adding regression
442,HVhi1cs/Sp3ms,27,Gen,42,37,12,no,mapping gap,review parser mapping before adding regression
443,HTd/Vprmsa,27,Gen,45,12,9,no,mapping gap,review parser mapping before adding regression
444,HC/R/Ncfpa,27,Exod,1,14,7,no,mapping gap,review parser mapping before adding regression
445,HC/Acfda,27,Exod,24,4,13,no,mapping gap,review parser mapping before adding regression
446,HC/Ncbpc/Sp3fp,27,Josh,13,23,13,no,mapping gap,review parser mapping before adding regression
447,AC/Ncmsc/Sp3ms,27,Ezra,6,11,18,no,mapping gap,review parser mapping before adding regression
448,HPp3fp,26,Gen,6,2,9,no,mapping gap,review parser mapping before adding regression
449,HVqi1cs/Sp3ms,26,Gen,9,5,9,no,mapping gap,review parser mapping before adding regression
450,HTi/D,26,Gen,16,13,11,no,mapping gap,review parser mapping before adding regression
451,HVNa,26,Gen,17,10,10,no,mapping gap,review parser mapping before adding regression
452,HR/Ncbdc/Sp2mp,26,Gen,19,8,17,no,mapping gap,review parser mapping before adding regression
453,HC/Acfdc,26,Gen,19,30,6,no,mapping gap,review parser mapping before adding regression
454,HVpi3ms/Sp2ms,26,Gen,27,10,6,no,mapping gap,review parser mapping before adding regression
455,HC/Vprmsa,26,Gen,41,32,12,no,mapping gap,review parser mapping before adding regression
456,HVNv2mp,26,Gen,42,16,8,no,mapping gap,review parser mapping before adding regression
457,HC/Rd/Ncfpa,26,Exod,7,19,33,no,mapping gap,review parser mapping before adding regression
458,HR/Aamsc,26,Exod,15,16,5,no,mapping gap,review parser mapping before adding regression
459,HVNrfpa,26,Exod,34,10,10,no,mapping gap,review parser mapping before adding regression
460,HVqrmpc/Sp2mp,26,Lev,26,7,3,no,mapping gap,review parser mapping before adding regression
461,AR/Vqc,26,Ezra,4,14,13,no,mapping gap,review parser mapping before adding regression
462,AAcbsa,26,Ezra,6,3,22,no,mapping gap,review parser mapping before adding regression
463,AVqp1cs,26,Ezra,6,12,22,no,mapping gap,review parser mapping before adding regression
464,HVPp3fs,25,Gen,2,23,14,no,mapping gap,review parser mapping before adding regression
465,HR/Vpc/Sp3mp,25,Gen,18,16,11,no,mapping gap,review parser mapping before adding regression
466,HVhh1cs,25,Gen,19,8,10,no,mapping gap,review parser mapping before adding regression
467,HVpi1cs/Sp2ms,25,Gen,22,17,3,no,mapping gap,review parser mapping before adding regression
468,HC/Vtq3cp,25,Gen,22,18,1,no,mapping gap,review parser mapping before adding regression
469,HVNp1cp,25,Gen,31,15,3,no,mapping gap,review parser mapping before adding regression
470,HC/Pdxfs,25,Gen,49,28,7,no,mapping gap,review parser mapping before adding regression
471,HR/Ncfdc/Sp3ms,25,Exod,4,25,9,no,mapping gap,review parser mapping before adding regression
472,HC/R/Ncmpc/Sp3mp,25,Exod,23,32,4,no,mapping gap,review parser mapping before adding regression
473,HVhi3ms/Sp3fs,25,Exod,30,7,11,no,mapping gap,review parser mapping before adding regression
474,AVqi3mp,25,Ezra,4,13,16,no,mapping gap,review parser mapping before adding regression
475,AVQp3ms,25,Ezra,4,18,6,no,mapping gap,review parser mapping before adding regression
476,AR/Sp1cs,25,Ezra,4,18,7,no,mapping gap,review parser mapping before adding regression
477,HNcmsc/Sp3fp,24,Gen,19,33,3,no,mapping gap,review parser mapping before adding regression
478,HVpp3cp/Sp1cs,24,Gen,30,13,5,no,mapping gap,review parser mapping before adding regression
479,HC/VNi3mp,24,Gen,42,16,9,no,mapping gap,review parser mapping before adding regression
480,HC/Ncbsc/Sp2ms,24,Gen,45,10,11,no,mapping gap,review parser mapping before adding regression
481,HVqi3ms/Sp3mp,24,Exod,15,7,7,no,mapping gap,review parser mapping before adding regression
482,HR/Vqrmpc/Sp1cs,24,Exod,20,5,21,no,mapping gap,review parser mapping before adding regression
483,HVti2ms,24,Num,16,13,11,no,mapping gap,review parser mapping before adding regression
484,HR/Ncfpc/Sp2ms,24,Deut,26,13,21,no,mapping gap,review parser mapping before adding regression
485,HVqi2ms/Sp1cs,24,Judg,13,16,7,no,mapping gap,review parser mapping before adding regression
486,HTd/Vhrmpa,24,1Sam,4,8,12,no,mapping gap,review parser mapping before adding regression
487,AAafsa,24,Ezra,4,15,15,no,mapping gap,review parser mapping before adding regression
488,HVqp1cs/Sp3mp,23,Gen,6,7,22,no,mapping gap,review parser mapping before adding regression
489,HR/R/D/Sd,23,Gen,6,16,7,no,mapping gap,review parser mapping before adding regression
490,HC/Vhp1cs,23,Gen,6,18,1,no,mapping gap,review parser mapping before adding regression
491,HC/R/Sp2mp,23,Gen,9,12,10,no,mapping gap,review parser mapping before adding regression
492,HC/Ncfpc/Sp1cs,23,Gen,26,5,10,no,mapping gap,review parser mapping before adding regression
493,HVqi3mp/Sp1cs,23,Gen,26,7,13,no,mapping gap,review parser mapping before adding regression
494,HNcmpc/Sp3fp,23,Gen,33,2,5,no,mapping gap,review parser mapping before adding regression
495,HC/Vpv2ms,23,Gen,38,8,8,no,mapping gap,review parser mapping before adding regression
496,HR/Ncbsc/Sp1cp,23,Gen,43,21,18,no,mapping gap,review parser mapping before adding regression
497,HC/Vqq3ms/Sp3ms,23,Gen,44,29,7,no,mapping gap,review parser mapping before adding regression
498,HR/Aafsa,23,Gen,50,20,7,no,mapping gap,review parser mapping before adding regression
499,HC/Vqq3ms/Sp3fs,23,Exod,13,11,12,no,mapping gap,review parser mapping before adding regression
500,HVhi3ms/Sp3mp,23,Num,27,17,8,no,mapping gap,review parser mapping before adding regression
501,HC/Vqq1cs/Sp3mp,23,Deut,31,17,6,no,mapping gap,review parser mapping before adding regression
502,HTm/Sp3mp,23,1Sam,12,2,10,no,mapping gap,review parser mapping before adding regression
503,AR/Vhc,23,Ezra,6,12,13,no,mapping gap,review parser mapping before adding regression
504,HVpp1cs/Sp2ms,22,Gen,3,11,11,no,mapping gap,review parser mapping before adding regression
505,HVtp3ms,22,Gen,6,9,12,no,mapping gap,review parser mapping before adding regression
506,HVpp1cp,22,Exod,14,5,18,no,mapping gap,review parser mapping before adding regression
507,HC/VNp3ms,22,Exod,16,21,10,no,mapping gap,review parser mapping before adding regression
508,HC/Ncfpc/Sp2mp,22,Exod,32,2,11,no,mapping gap,review parser mapping before adding regression
509,HR/Ncfdc/Sp1cs,22,Num,14,28,11,no,mapping gap,review parser mapping before adding regression
510,ANcmsc/Sp2ms,22,Ezra,7,14,15,no,mapping gap,review parser mapping before adding regression
511,HVqrmpc/Sp2fs,22,Ps,122,6,5,no,mapping gap,review parser mapping before adding regression
512,HVhp3ms/Sp3mp,21,Gen,11,9,14,no,mapping gap,review parser mapping before adding regression
513,HC/R/Ncfsc/Sp2ms,21,Gen,12,1,8,no,mapping gap,review parser mapping before adding regression
514,HVhi1cp,21,Gen,19,9,11,no,mapping gap,review parser mapping before adding regression
515,HC/R/Ncmsc/Sp1cs,21,Gen,21,23,9,no,mapping gap,review parser mapping before adding regression
516,HC/Vhq3ms/Sp3ms,21,Gen,32,9,8,no,mapping gap,review parser mapping before adding regression
517,HR/Ncbsc/Sp3fs,21,Gen,39,12,8,no,mapping gap,review parser mapping before adding regression
518,HC/Vhq1cs/Sp3ms,21,Gen,43,9,9,no,mapping gap,review parser mapping before adding regression
519,HC/Vqq2ms/Sp3mp,21,Gen,47,6,21,no,mapping gap,review parser mapping before adding regression
520,HR/R/Sp2fs,21,Exod,8,25,6,no,mapping gap,review parser mapping before adding regression
521,HVhrfsa,21,Exod,12,19,10,no,mapping gap,review parser mapping before adding regression
522,HVtv2mp,21,Exod,14,13,7,no,mapping gap,review parser mapping before adding regression
523,HNcfdc/Sp3fs,21,Num,5,18,13,no,mapping gap,review parser mapping before adding regression
524,AVhp3ms,21,Ezra,4,10,4,no,mapping gap,review parser mapping before adding regression
525,AC/Ncfsd/Td,21,Ezra,4,21,7,no,mapping gap,review parser mapping before adding regression
526,HC/Ncmsc/Sp2mp,20,Gen,9,2,1,no,mapping gap,review parser mapping before adding regression
527,HR/Vpc/Sp1cs,20,Gen,9,14,2,no,mapping gap,review parser mapping before adding regression
528,HC/Ncbpc/Sp3mp,20,Gen,9,23,16,no,mapping gap,review parser mapping before adding regression
529,HC/Ncmsa/Sd,20,Gen,13,14,19,no,mapping gap,review parser mapping before adding regression
530,HVpv2fs,20,Gen,18,6,7,no,mapping gap,review parser mapping before adding regression
531,HVNi3mp/Sn,20,Gen,18,29,7,no,mapping gap,review parser mapping before adding regression
532,HC/Vhw2ms,20,Gen,19,19,7,no,mapping gap,review parser mapping before adding regression
533,HC/Vpw1cs,20,Gen,24,48,4,no,mapping gap,review parser mapping before adding regression
534,HC/Vqw3ms/Sp1cs,20,Gen,27,36,6,no,mapping gap,review parser mapping before adding regression
535,HVpp2ms/Sp1cs,20,Gen,29,25,18,no,mapping gap,review parser mapping before adding regression
536,HR/R/Sp2ms,20,Gen,33,12,5,no,mapping gap,review parser mapping before adding regression
537,HC/R/R,20,Exod,20,20,13,no,mapping gap,review parser mapping before adding regression
538,HC/Ncbdc/Sp3ms,20,Exod,29,17,7,no,mapping gap,review parser mapping before adding regression
539,HVhj2mp,20,Lev,25,14,10,no,mapping gap,review parser mapping before adding regression
540,HVqsmpc/Sp3mp,20,Num,1,21,1,no,mapping gap,review parser mapping before adding regression
541,HVtj2ms,20,Deut,2,9,9,no,mapping gap,review parser mapping before adding regression
542,HVqp3cp/Sp3mp,20,Deut,29,25,10,no,mapping gap,review parser mapping before adding regression
543,ATa,20,Ezra,4,16,17,no,mapping gap,review parser mapping before adding regression
544,AC/Ncfsa,20,Ezra,4,20,10,no,mapping gap,review parser mapping before adding regression
545,ANcmsc/Sp1cs,20,Dan,4,2,6,no,mapping gap,review parser mapping before adding regression
546,HVqi1cs/Sp3fs,19,Gen,13,15,9,no,mapping gap,review parser mapping before adding regression
547,HTj/Sh,19,Gen,18,25,1,no,mapping gap,review parser mapping before adding regression
548,HC/Vqp2mp,19,Gen,19,2,14,no,mapping gap,review parser mapping before adding regression
549,HTi/Tm,19,Gen,24,23,8,no,mapping gap,review parser mapping before adding regression
550,HR/Ncfsc/Sp2fs,19,Gen,24,43,17,no,mapping gap,review parser mapping before adding regression
551,HC/Vqj3fs,19,Gen,24,51,6,no,mapping gap,review parser mapping before adding regression
552,HVpi1cp,19,Gen,44,16,7,no,mapping gap,review parser mapping before adding regression
553,HVNsmsa,19,Gen,49,29,6,no,mapping gap,review parser mapping before adding regression
554,HC/Vpi3ms,19,Exod,6,11,7,no,mapping gap,review parser mapping before adding regression
555,HVhi3mp/Sn,19,Exod,18,26,9,no,mapping gap,review parser mapping before adding regression
556,HVpi3ms/Sp3ms,19,Exod,21,26,13,no,mapping gap,review parser mapping before adding regression
557,HAampc/Sp2ms,19,Deut,21,2,2,no,mapping gap,review parser mapping before adding regression
558,HC/Vqrmsc,19,Judg,20,33,9,no,mapping gap,review parser mapping before adding regression
559,HC/Vqi2ms,19,2Kgs,19,25,11,no,mapping gap,review parser mapping before adding regression
560,HR/Vqrmpa,19,1Chr,28,18,10,no,mapping gap,review parser mapping before adding regression
561,ANgmpd/Td,19,Ezra,4,9,12,no,mapping gap,review parser mapping before adding regression
562,HVprfsa,18,Gen,1,2,11,no,mapping gap,review parser mapping before adding regression
563,HC/R/Vqc/Sp3ms,18,Gen,24,30,10,no,mapping gap,review parser mapping before adding regression
564,HR/Vqc/Sp1cp,18,Gen,24,65,9,no,mapping gap,review parser mapping before adding regression
565,HC/Vhp3cp,18,Gen,29,3,11,no,mapping gap,review parser mapping before adding regression
566,HC/Ncbdc,18,Gen,29,17,1,no,mapping gap,review parser mapping before adding regression
567,HR/Acfdc,18,Gen,31,41,10,no,mapping gap,review parser mapping before adding regression
568,HVqp3fs/Sp3ms,18,Gen,37,20,10,no,mapping gap,review parser mapping before adding regression
569,HVhp1cp,18,Gen,43,22,3,no,mapping gap,review parser mapping before adding regression
570,HC/VNi3ms,18,Gen,48,16,9,no,mapping gap,review parser mapping before adding regression
571,HC/R/Ncmsc/Sp3mp,18,Gen,49,6,13,no,mapping gap,review parser mapping before adding regression
572,HVhp3ms/Sp2ms,18,Gen,50,6,8,no,mapping gap,review parser mapping before adding regression
573,HC/VNq2ms,18,Exod,7,15,8,no,mapping gap,review parser mapping before adding regression
574,HC/R/Vqrmpc,18,Exod,20,6,5,no,mapping gap,review parser mapping before adding regression
575,HC/VNv2ms,18,Exod,32,12,17,no,mapping gap,review parser mapping before adding regression
576,HTi/Vqi2ms,18,Deut,8,2,20,no,mapping gap,review parser mapping before adding regression
577,HVqp2ms/Sp3mp,18,Deut,13,3,14,no,mapping gap,review parser mapping before adding regression
578,HRd/Vqsmsa,18,Josh,8,31,9,no,mapping gap,review parser mapping before adding regression
579,HC/R/Sp1cs,18,Judg,14,16,14,no,mapping gap,review parser mapping before adding regression
580,HC/Ncmpc/Sp2fs,18,Ruth,1,16,19,no,mapping gap,review parser mapping before adding regression
581,HVNsfsa,18,2Sam,18,8,5,no,mapping gap,review parser mapping before adding regression
582,HVpi2ms/Sp1cs,18,1Kgs,11,22,18,no,mapping gap,review parser mapping before adding regression
583,AVqi3fs,18,Ezra,6,8,23,no,mapping gap,review parser mapping before adding regression
584,HVpv2mp/Sp3ms,18,Ps,22,24,3,no,mapping gap,review parser mapping before adding regression
585,HTi/R,17,Gen,3,11,8,no,mapping gap,review parser mapping before adding regression
586,HNcbdc/Sp1cp,17,Gen,5,29,10,no,mapping gap,review parser mapping before adding regression
587,HVtv2ms,17,Gen,13,17,2,no,mapping gap,review parser mapping before adding regression
588,HC/R/Ncmsc/Sp3fs,17,Gen,13,17,5,no,mapping gap,review parser mapping before adding regression
589,HNgfsa,17,Gen,16,1,9,no,mapping gap,review parser mapping before adding regression
590,HVtp1cs,17,Gen,24,40,5,no,mapping gap,review parser mapping before adding regression
591,HC/Vhq1cs/Sp2ms,17,Gen,28,15,8,no,mapping gap,review parser mapping before adding regression
592,HR/Vqrmsc,17,Gen,34,30,10,no,mapping gap,review parser mapping before adding regression
593,HNcbpc/Sp1cp,17,Gen,43,18,24,no,mapping gap,review parser mapping before adding regression
594,HVhi2mp/Sn,17,Gen,44,23,11,no,mapping gap,review parser mapping before adding regression
595,HC/Vhi1cs,17,Gen,46,31,9,no,mapping gap,review parser mapping before adding regression
596,HC/Ncbsc/Sp3mp,17,Gen,46,32,8,no,mapping gap,review parser mapping before adding regression
597,HVqp3cp/Sp2ms,17,Gen,50,17,12,no,mapping gap,review parser mapping before adding regression
598,HC/R/Pdxms,17,Exod,17,12,16,no,mapping gap,review parser mapping before adding regression
599,HC/VPq3ms,17,Exod,22,6,10,no,mapping gap,review parser mapping before adding regression
600,HC/Vpq3ms/Sp3ms,17,Lev,13,6,14,no,mapping gap,review parser mapping before adding regression
601,HVHi3mp,17,Lev,19,20,23,no,mapping gap,review parser mapping before adding regression
602,HVhc/Sp1cs,17,Num,3,13,6,no,mapping gap,review parser mapping before adding regression
603,HVqi2ms/Sp3mp,17,Num,3,15,13,no,mapping gap,review parser mapping before adding regression
604,HC/Pp2fs,17,Num,5,20,1,no,mapping gap,review parser mapping before adding regression
605,HC/Vpv2mp,17,Josh,1,11,4,no,mapping gap,review parser mapping before adding regression
606,HNcbdc/Sp2fs,17,Ruth,2,9,1,no,mapping gap,review parser mapping before adding regression
607,HR/Td/Ncmpa,17,1Sam,9,3,16,no,mapping gap,review parser mapping before adding regression
608,HC/Vqv2ms/Sp1cs,17,1Sam,31,4,7,no,mapping gap,review parser mapping before adding regression
609,HTi/Vqp2ms,17,1Kgs,20,13,13,no,mapping gap,review parser mapping before adding regression
610,AC/D,17,Ezra,4,10,16,no,mapping gap,review parser mapping before adding regression
611,AAampa,17,Ezra,4,20,2,no,mapping gap,review parser mapping before adding regression
612,AVui3ms,17,Ezra,4,21,14,no,mapping gap,review parser mapping before adding regression
613,AVqp3fs,17,Ezra,4,24,2,no,mapping gap,review parser mapping before adding regression
614,HTr/Vqi3ms,17,Ps,137,9,2,no,mapping gap,review parser mapping before adding regression
615,HC/Ncfpc/Sp2fs,17,Isa,49,22,17,no,mapping gap,review parser mapping before adding regression
616,HC/Ncmsc/Sp2fs,16,Gen,3,16,7,no,mapping gap,review parser mapping before adding regression
617,HC/Acbsc,16,Gen,5,3,4,no,mapping gap,review parser mapping before adding regression
618,HC/Vpi1cs,16,Gen,12,2,5,no,mapping gap,review parser mapping before adding regression
619,HD/Sp3ms,16,Gen,18,22,7,no,mapping gap,review parser mapping before adding regression
620,HTo/Sp3fp,16,Gen,19,8,12,no,mapping gap,review parser mapping before adding regression
621,HR/Ncfdc/Sp3mp,16,Gen,20,8,12,no,mapping gap,review parser mapping before adding regression
622,HR/Ncmpc/Sp2fs,16,Gen,25,23,10,no,mapping gap,review parser mapping before adding regression
623,HVpi1cs/Sp3ms,16,Gen,28,22,14,no,mapping gap,review parser mapping before adding regression
624,HVpi2mp/Sn,16,Gen,32,20,17,no,mapping gap,review parser mapping before adding regression
625,HC/Vqq3cp/Sp3mp,16,Gen,33,13,12,no,mapping gap,review parser mapping before adding regression
626,HR/Vhc/Sp3fs,16,Gen,35,17,2,no,mapping gap,review parser mapping before adding regression
627,HTi/Vqa,16,Gen,37,8,4,no,mapping gap,review parser mapping before adding regression
628,HC/Vhv2ms/Sp1cs,16,Gen,37,14,12,no,mapping gap,review parser mapping before adding regression
629,HC/Vhj3ms,16,Gen,41,34,3,no,mapping gap,review parser mapping before adding regression
630,HVpi2ms/Sp3ms,16,Gen,43,9,4,no,mapping gap,review parser mapping before adding regression
631,HR/Ncfpc/Sp2mp,16,Gen,43,23,12,no,mapping gap,review parser mapping before adding regression
632,HR/Acmda,16,Exod,24,4,16,no,mapping gap,review parser mapping before adding regression
633,HVNj3ms,16,Exod,34,3,8,no,mapping gap,review parser mapping before adding regression
634,HC/R/Ncmpc/Sp2mp,16,Lev,25,46,10,no,mapping gap,review parser mapping before adding regression
635,HVhi3ms/Sp1cp,16,Num,11,4,13,no,mapping gap,review parser mapping before adding regression
636,HC/Vhi3mp,16,Deut,1,22,12,no,mapping gap,review parser mapping before adding regression
637,HVpp3ms/Sp2ms,16,Deut,2,7,4,no,mapping gap,review parser mapping before adding regression
638,HC/Ncbpc/Sp3ms,16,Deut,8,11,12,no,mapping gap,review parser mapping before adding regression
639,HVqi1cs/Sp3mp,16,2Sam,22,43,7,no,mapping gap,review parser mapping before adding regression
640,HC/Ncmpc/Sp1cp,16,1Kgs,1,11,16,no,mapping gap,review parser mapping before adding regression
641,HVNsmpa,16,1Kgs,22,17,6,no,mapping gap,review parser mapping before adding regression
642,HC/Vprmpa,16,1Kgs,22,44,8,no,mapping gap,review parser mapping before adding regression
643,ANcmpc/Sp3ms,16,Ezra,4,17,11,no,mapping gap,review parser mapping before adding regression
644,AR/Sp3fs,16,Ezra,4,19,18,no,mapping gap,review parser mapping before adding regression
645,AC/Ncmpc/Sp3ms,16,Ezra,5,6,11,no,mapping gap,review parser mapping before adding regression
646,APp2ms,16,Dan,2,29,1,no,mapping gap,review parser mapping before adding regression
647,HRd/Aomsa,15,Gen,8,5,8,no,mapping gap,review parser mapping before adding regression
648,HNcbsc/Sd,15,Gen,11,31,23,no,mapping gap,review parser mapping before adding regression
649,HC/VNp3cp,15,Gen,12,3,5,no,mapping gap,review parser mapping before adding regression
650,HR/VNc/Sp3ms,15,Gen,17,24,6,no,mapping gap,review parser mapping before adding regression
651,HVqp3ms/Sp1cp,15,Gen,31,15,6,no,mapping gap,review parser mapping before adding regression
652,HC/Vpw2ms,15,Gen,31,26,9,no,mapping gap,review parser mapping before adding regression
653,HC/R/Ncbdc,15,Gen,34,18,5,no,mapping gap,review parser mapping before adding regression
654,HC/Rd/Ngmpa,15,Gen,43,32,6,no,mapping gap,review parser mapping before adding regression
655,HVhi3mp/Sp2ms,15,Gen,49,8,3,no,mapping gap,review parser mapping before adding regression
656,HAcbpc,15,Exod,26,7,7,no,mapping gap,review parser mapping before adding regression
657,HVhp2ms/Sp1cs,15,Exod,33,12,15,no,mapping gap,review parser mapping before adding regression
658,HTd/Vtrmsa,15,Lev,14,7,3,no,mapping gap,review parser mapping before adding regression
659,HVtrmpa,15,Num,11,27,8,no,mapping gap,review parser mapping before adding regression
660,HVhrmpc,15,Num,14,37,3,no,mapping gap,review parser mapping before adding regression
661,HVqi3fs/Sp3ms,15,Deut,28,39,10,no,mapping gap,review parser mapping before adding regression
662,HVhi2fs,15,Josh,2,20,2,no,mapping gap,review parser mapping before adding regression
663,HVqp3cp/Sp3ms,15,Judg,10,6,33,no,mapping gap,review parser mapping before adding regression
664,HC/Vpq1cs/Sp3mp,15,1Kgs,5,23,15,no,mapping gap,review parser mapping before adding regression
665,HTd/Vormpa,15,1Chr,9,33,2,no,mapping gap,review parser mapping before adding regression
666,ANp/Td,15,Ezra,4,10,15,no,mapping gap,review parser mapping before adding regression
667,ANcfpa,15,Ezra,5,11,19,no,mapping gap,review parser mapping before adding regression
668,AR/Ncmsa,15,Ezra,7,26,18,no,mapping gap,review parser mapping before adding regression
669,HVPi3mp,15,Job,6,17,2,no,mapping gap,review parser mapping before adding regression
670,AVqp2ms,15,Dan,2,23,10,no,mapping gap,review parser mapping before adding regression
671,HR/R/Sp2mp,14,Gen,26,27,11,no,mapping gap,review parser mapping before adding regression
672,HC/Vqv2ms/Sh,14,Gen,27,3,9,no,mapping gap,review parser mapping before adding regression
673,HVhp3cp/Sp3ms,14,Gen,39,1,15,no,mapping gap,review parser mapping before adding regression
674,HC/Tm/Sp3mp,14,Gen,40,6,7,no,mapping gap,review parser mapping before adding regression
675,HC/Vhq3ms/Sp2ms,14,Gen,40,13,8,no,mapping gap,review parser mapping before adding regression
676,HAampc/Sp3fs,14,Gen,41,8,13,no,mapping gap,review parser mapping before adding regression
677,HC/Rd/Aamsa,14,Gen,44,12,4,no,mapping gap,review parser mapping before adding regression
678,HVNj2mp,14,Gen,45,5,3,no,mapping gap,review parser mapping before adding regression
679,HC/R/Ncfsc/Sp1cs,14,Gen,48,22,13,no,mapping gap,review parser mapping before adding regression
680,HVpp3ms/Sp3mp,14,Gen,50,12,6,no,mapping gap,review parser mapping before adding regression
681,HVhp3ms/Sp1cp,14,Exod,2,19,4,no,mapping gap,review parser mapping before adding regression
682,HAofsc,14,Exod,16,36,2,no,mapping gap,review parser mapping before adding regression
683,HC/VHq3ms,14,Exod,21,29,7,no,mapping gap,review parser mapping before adding regression
684,HC/Vhq3fs,14,Exod,26,33,13,no,mapping gap,review parser mapping before adding regression
685,HC/Vqsmpc/Sp3mp,14,Num,2,4,2,no,mapping gap,review parser mapping before adding regression
686,HC/Vqsmpc,14,Num,4,38,1,no,mapping gap,review parser mapping before adding regression
687,HC/Vpi3mp,14,Num,5,2,5,no,mapping gap,review parser mapping before adding regression
688,HTd/Vtrmpa,14,Num,11,34,13,no,mapping gap,review parser mapping before adding regression
689,HC/R/Tn,14,2Kgs,12,9,8,no,mapping gap,review parser mapping before adding regression
690,HC/Vhrmpa,14,1Chr,8,40,9,no,mapping gap,review parser mapping before adding regression
691,APp1cs,14,Ezra,6,12,20,no,mapping gap,review parser mapping before adding regression
692,AR/Ncmpa,14,Dan,2,4,6,no,mapping gap,review parser mapping before adding regression
693,HC/Vqq1cs/Sp3fs,13,Gen,9,16,4,no,mapping gap,review parser mapping before adding regression
694,HTd/Ncmpa/Sd,13,Gen,15,5,7,no,mapping gap,review parser mapping before adding regression
695,HC/Vqq1cs/Sp2ms,13,Gen,17,6,5,no,mapping gap,review parser mapping before adding regression
696,HVqv2mp/Sp1cs,13,Gen,23,8,12,no,mapping gap,review parser mapping before adding regression
697,HVPp1cs,13,Gen,40,15,3,no,mapping gap,review parser mapping before adding regression
698,HC/Aafpa,13,Gen,41,5,11,no,mapping gap,review parser mapping before adding regression
699,HVqv2ms/Sp3mp,13,Gen,48,9,13,no,mapping gap,review parser mapping before adding regression
700,HTd/VNrfsa,13,Exod,10,5,14,no,mapping gap,review parser mapping before adding regression
701,HVqp2ms/Sp1cp,13,Exod,14,11,8,no,mapping gap,review parser mapping before adding regression
702,HVqi3fs/Sp3mp,13,Exod,15,9,7,no,mapping gap,review parser mapping before adding regression
703,HVhi2ms/Sp3mp,13,Exod,15,17,1,no,mapping gap,review parser mapping before adding regression
704,HRd/Ncfda,13,Exod,26,23,6,no,mapping gap,review parser mapping before adding regression
705,HC/Ncfda,13,Exod,30,2,7,no,mapping gap,review parser mapping before adding regression
706,HVPi3fs,13,Lev,6,21,4,no,mapping gap,review parser mapping before adding regression
707,HNcmdc/Sp3ms,13,Lev,16,12,11,no,mapping gap,review parser mapping before adding regression
708,HNcmdc,13,Lev,19,36,1,no,mapping gap,review parser mapping before adding regression
709,HVpi3ms/Sp3fs,13,Lev,24,18,4,no,mapping gap,review parser mapping before adding regression
710,HVti1cs,13,Num,12,6,11,no,mapping gap,review parser mapping before adding regression
711,HC/R/Sp2fs,13,Num,21,7,10,no,mapping gap,review parser mapping before adding regression
712,HR/Ncfpc/Sp3fs,13,Num,32,33,24,no,mapping gap,review parser mapping before adding regression
713,HC/R/Ncbsc/Sp2ms,13,Deut,9,29,8,no,mapping gap,review parser mapping before adding regression
714,HC/Vqw1cs/Sp3mp,13,Josh,7,21,17,no,mapping gap,review parser mapping before adding regression
715,HC/Vti3mp,13,Josh,18,4,8,no,mapping gap,review parser mapping before adding regression
716,HVhv2ms/Sp1cp,13,Judg,1,24,9,no,mapping gap,review parser mapping before adding regression
717,HTd/VHsmpa,13,1Sam,21,7,14,no,mapping gap,review parser mapping before adding regression
718,HR/R/Aamsa,13,2Sam,7,19,12,no,mapping gap,review parser mapping before adding regression
719,HC/R/Ncbsc/Sp3ms,13,2Sam,8,10,24,no,mapping gap,review parser mapping before adding regression
720,AC/Ncmpa,13,Ezra,4,20,1,no,mapping gap,review parser mapping before adding regression
721,AVqv2ms,13,Ezra,5,15,6,no,mapping gap,review parser mapping before adding regression
722,HVpi3fp,13,Job,27,4,2,no,mapping gap,review parser mapping before adding regression
723,HR/Ncfpc/Sp1cs,12,Gen,2,23,6,no,mapping gap,review parser mapping before adding regression
724,HC/Tn/Sp3ms,12,Gen,5,24,5,no,mapping gap,review parser mapping before adding regression
725,HC/Vpp3cp,12,Gen,15,13,13,no,mapping gap,review parser mapping before adding regression
726,HC/R/Sp3fs,12,Gen,16,1,7,no,mapping gap,review parser mapping before adding regression
727,HR/Ncbsc/Sp2fs,12,Gen,16,6,7,no,mapping gap,review parser mapping before adding regression
728,HR/Ncbpc/Sp3fs,12,Gen,16,6,15,no,mapping gap,review parser mapping before adding regression
729,HC/Vqq1cs/Sp3ms,12,Gen,17,20,16,no,mapping gap,review parser mapping before adding regression
730,HTm/Sp2ms,12,Gen,20,3,9,no,mapping gap,review parser mapping before adding regression
731,HR/R/Ncbpc/Sp1cs,12,Gen,23,4,12,no,mapping gap,review parser mapping before adding regression
732,HC/Vpw3mp/Sp3mp,12,Gen,26,15,12,no,mapping gap,review parser mapping before adding regression
733,HNcmsc/Sd,12,Gen,28,2,5,no,mapping gap,review parser mapping before adding regression
734,HVpp3ms/Sp1cs,12,Gen,41,51,8,no,mapping gap,review parser mapping before adding regression
735,HVti2mp,12,Gen,42,1,11,no,mapping gap,review parser mapping before adding regression
736,HVHsmpa,12,Gen,43,18,15,no,mapping gap,review parser mapping before adding regression
737,HC/Vhq2ms/Sp3mp,12,Gen,44,4,16,no,mapping gap,review parser mapping before adding regression
738,HTd/Ncfsa/Sd,12,Gen,44,13,8,no,mapping gap,review parser mapping before adding regression
739,HC/Rd/Ncbpa,12,Gen,47,17,15,no,mapping gap,review parser mapping before adding regression
740,HVhp2ms/Sp1cp,12,Gen,47,25,2,no,mapping gap,review parser mapping before adding regression
741,HR/Vpc/Sp2ms,12,Exod,29,36,10,no,mapping gap,review parser mapping before adding regression
742,HVpp1cs/Sp3mp,12,Exod,32,8,6,no,mapping gap,review parser mapping before adding regression
743,HC/Vhw1cs/Sp3mp,12,Exod,32,24,8,no,mapping gap,review parser mapping before adding regression
744,HVpi3mp/Sp1cs,12,Num,14,11,7,no,mapping gap,review parser mapping before adding regression
745,HVNj2ms,12,Num,22,16,13,no,mapping gap,review parser mapping before adding regression
746,HC/Vtw1cs,12,Deut,3,23,1,no,mapping gap,review parser mapping before adding regression
747,HR/Vqrmpc/Sp3ms,12,Deut,7,9,12,no,mapping gap,review parser mapping before adding regression
748,HC/Vqq3cp/Sp3fs,12,Deut,22,21,9,no,mapping gap,review parser mapping before adding regression
749,HC/Vhw1cs/Sh,12,Josh,24,8,1,no,mapping gap,review parser mapping before adding regression
750,HR/Td/Ncfsa,12,Judg,17,8,3,no,mapping gap,review parser mapping before adding regression
751,HC/Ncfsc/Sp2fs,12,Ruth,2,11,18,no,mapping gap,review parser mapping before adding regression
752,HC/VPsmsa,12,2Sam,3,29,14,no,mapping gap,review parser mapping before adding regression
753,HC/Vhc,12,2Kgs,3,24,15,no,mapping gap,review parser mapping before adding regression
754,HC/Td/Vormpa,12,1Chr,15,19,1,no,mapping gap,review parser mapping before adding regression
755,APp3mp,12,Ezra,4,10,9,no,mapping gap,review parser mapping before adding regression
756,AC/Ncmpc,12,Ezra,4,12,18,no,mapping gap,review parser mapping before adding regression
757,APdxfs,12,Ezra,4,13,8,no,mapping gap,review parser mapping before adding regression
758,AR/Ncmpd/Td,12,Ezra,5,8,17,no,mapping gap,review parser mapping before adding regression
759,AC/Vqrmpa,12,Ezra,5,11,12,no,mapping gap,review parser mapping before adding regression
760,AVhp3mp,12,Ezra,5,12,4,no,mapping gap,review parser mapping before adding regression
761,AC/Vqp3ms,12,Ezra,5,15,1,no,mapping gap,review parser mapping before adding regression
762,AR/Ncfsd/Td,12,Ezra,6,2,3,no,mapping gap,review parser mapping before adding regression
763,AVqi2ms,12,Ezra,7,17,5,no,mapping gap,review parser mapping before adding regression
764,HTr/Vqp3ms,12,Ezra,8,20,3,no,mapping gap,review parser mapping before adding regression
765,HVti3fs,12,Job,30,16,3,no,mapping gap,review parser mapping before adding regression
766,HVoi3ms,11,Gen,1,20,9,no,mapping gap,review parser mapping before adding regression
767,HVhc/Sp3mp,11,Gen,11,6,10,no,mapping gap,review parser mapping before adding regression
768,HNcbdc/Sp3fs,11,Gen,16,9,10,no,mapping gap,review parser mapping before adding regression
769,HC/Ncmpc/Sp3fp,11,Gen,33,6,4,no,mapping gap,review parser mapping before adding regression
770,HVqc/Sp3fs,11,Gen,38,27,3,no,mapping gap,review parser mapping before adding regression
771,HR/Vhrmsa,11,Gen,38,29,2,no,mapping gap,review parser mapping before adding regression
772,HAafpc,11,Gen,41,2,7,no,mapping gap,review parser mapping before adding regression
773,HVrrmsa,11,Exod,9,17,2,no,mapping gap,review parser mapping before adding regression
774,HC/Vqrmsc/Sp3ms,11,Exod,15,1,18,no,mapping gap,review parser mapping before adding regression
775,HC/Vpq3ms/Sp2ms,11,Exod,18,23,6,no,mapping gap,review parser mapping before adding regression
776,HVop3ms,11,Exod,32,1,4,no,mapping gap,review parser mapping before adding regression
777,HR/Vqrmpc/Sp3mp,11,Exod,32,25,12,no,mapping gap,review parser mapping before adding regression
778,HAamsc/Sp3ms,11,Exod,32,27,27,no,mapping gap,review parser mapping before adding regression
779,HC/Ncbpc/Sp1cs,11,Exod,33,23,7,no,mapping gap,review parser mapping before adding regression
780,HC/Vhq3ms/Sp3mp,11,Lev,3,16,1,no,mapping gap,review parser mapping before adding regression
781,HR/Ncfda,11,Lev,5,4,6,no,mapping gap,review parser mapping before adding regression
782,HVqv2ms/Sp3ms,11,Num,11,12,13,no,mapping gap,review parser mapping before adding regression
783,HTi/Aamsa,11,Num,13,18,10,no,mapping gap,review parser mapping before adding regression
784,HVqp1cs/Sp2fs,11,Num,22,29,13,no,mapping gap,review parser mapping before adding regression
785,HC/Vqi1cs/Sp3mp,11,Deut,1,13,8,no,mapping gap,review parser mapping before adding regression
786,HC/Vhw2mp,11,Deut,1,26,4,no,mapping gap,review parser mapping before adding regression
787,HVqi3mp/Sp3mp,11,Deut,2,12,7,no,mapping gap,review parser mapping before adding regression
788,HVpi3mp/Sn,11,Deut,4,10,31,no,mapping gap,review parser mapping before adding regression
789,HC/To/Sp1cs,11,Deut,4,14,1,no,mapping gap,review parser mapping before adding regression
790,HVhi3mp/Sp3ms,11,Deut,32,16,1,no,mapping gap,review parser mapping before adding regression
791,HVqi2ms/Sp1cp,11,Josh,1,16,12,no,mapping gap,review parser mapping before adding regression
792,HR/Np/Sd,11,Josh,10,36,6,no,mapping gap,review parser mapping before adding regression
793,HNgfpa,11,Ruth,1,4,4,no,mapping gap,review parser mapping before adding regression
794,HC/Rd/Vqrmpa,11,1Sam,6,2,4,no,mapping gap,review parser mapping before adding regression
795,HC/R/Vpc/Sp3ms,11,2Sam,8,10,12,no,mapping gap,review parser mapping before adding regression
796,HVhj3mp,11,1Kgs,20,10,11,no,mapping gap,review parser mapping before adding regression
797,HTn/Sp3mp,11,2Kgs,17,26,25,no,mapping gap,review parser mapping before adding regression
798,AR/Vpc,11,Ezra,4,21,4,no,mapping gap,review parser mapping before adding regression
799,AC/Tn,11,Ezra,5,5,7,no,mapping gap,review parser mapping before adding regression
800,AC/R/Ncmsc,11,Ezra,6,14,18,no,mapping gap,review parser mapping before adding regression
801,HC/Vqrmpc/Sp3fs,11,Ezra,10,14,19,no,mapping gap,review parser mapping before adding regression
802,HVqrmsc/Sp3mp,11,Neh,6,8,14,no,mapping gap,review parser mapping before adding regression
803,HRd/Vqrfsa,11,Ps,48,7,5,no,mapping gap,review parser mapping before adding regression
804,HVprmpc/Sp2fs,11,Isa,49,17,3,no,mapping gap,review parser mapping before adding regression
805,AC/Tm,11,Dan,2,6,1,no,mapping gap,review parser mapping before adding regression
806,HVqc/Sp2mp,10,Gen,3,5,6,no,mapping gap,review parser mapping before adding regression
807,HC/VNw1cs,10,Gen,3,10,10,no,mapping gap,review parser mapping before adding regression
808,HVqi2ms/Sp3fs,10,Gen,3,17,20,no,mapping gap,review parser mapping before adding regression
809,HVprmpc/Sp2ms,10,Gen,12,3,2,no,mapping gap,review parser mapping before adding regression
810,HC/R/Acfsa,10,Gen,14,5,1,no,mapping gap,review parser mapping before adding regression
811,HC/Vqrfsa,10,Gen,16,11,7,no,mapping gap,review parser mapping before adding regression
812,HTd/VNrfpa,10,Gen,19,15,15,no,mapping gap,review parser mapping before adding regression
813,HC/Td/Aafsa,10,Gen,19,38,1,no,mapping gap,review parser mapping before adding regression
814,HC/Vpw3ms/Sp3fs,10,Gen,21,14,16,no,mapping gap,review parser mapping before adding regression
815,HVqp1cs/Sp3fs,10,Gen,23,11,11,no,mapping gap,review parser mapping before adding regression
816,HC/Ncfdc,10,Gen,24,32,13,no,mapping gap,review parser mapping before adding regression
817,HVpi3fs/Sp1cs,10,Gen,27,19,18,no,mapping gap,review parser mapping before adding regression
818,HTi/Pp2ms,10,Gen,27,21,9,no,mapping gap,review parser mapping before adding regression
819,HVqc/Sp2fs,10,Gen,30,15,4,no,mapping gap,review parser mapping before adding regression
820,HC/R/Ncmpc/Sp1cp,10,Gen,31,16,10,no,mapping gap,review parser mapping before adding regression
821,HC/R/Ncbpa,10,Gen,31,27,11,no,mapping gap,review parser mapping before adding regression
822,HVhrfpa,10,Gen,32,16,2,no,mapping gap,review parser mapping before adding regression
823,HC/Vtv2mp,10,Gen,34,9,1,no,mapping gap,review parser mapping before adding regression
824,HC/Rd/Ngmsa,10,Gen,34,30,13,no,mapping gap,review parser mapping before adding regression
825,HC/To/Sp3ms,10,Gen,41,13,11,no,mapping gap,review parser mapping before adding regression
826,HC/Vhw1cp,10,Gen,43,7,14,no,mapping gap,review parser mapping before adding regression
827,HR/Ncfpc/Sp1cp,10,Gen,43,18,12,no,mapping gap,review parser mapping before adding regression
828,HVqj2ms/Sp1cs,10,Gen,47,29,26,no,mapping gap,review parser mapping before adding regression
829,HC/Vqrmpc/Sp3ms,10,Exod,5,10,4,no,mapping gap,review parser mapping before adding regression
830,HVpc/Sp3mp,10,Exod,9,17,5,no,mapping gap,review parser mapping before adding regression
831,HVtrfsa,10,Exod,9,24,4,no,mapping gap,review parser mapping before adding regression
832,HR/Ncfdc/Sp2ms,10,Exod,11,8,14,no,mapping gap,review parser mapping before adding regression
833,HC/Vqc,10,Exod,19,12,10,no,mapping gap,review parser mapping before adding regression
834,HVhi2ms/Sp3ms,10,Exod,22,25,9,no,mapping gap,review parser mapping before adding regression
835,HC/Vpq3fs,10,Exod,23,28,5,no,mapping gap,review parser mapping before adding regression
836,HR/R/Ncbpc/Sp2ms,10,Exod,23,28,12,no,mapping gap,review parser mapping before adding regression
837,HVPsfpa,10,Exod,26,17,5,no,mapping gap,review parser mapping before adding regression
838,HR/Vqsmpc/Sp3mp,10,Exod,30,12,7,no,mapping gap,review parser mapping before adding regression
839,HC/R/Vpc/Sp3mp,10,Exod,32,12,10,no,mapping gap,review parser mapping before adding regression
840,HC/R/Vqc/Sp3mp,10,Exod,40,32,5,no,mapping gap,review parser mapping before adding regression
841,HVHi3fs,10,Lev,6,2,22,no,mapping gap,review parser mapping before adding regression
842,HC/Vtq2mp,10,Lev,11,44,5,no,mapping gap,review parser mapping before adding regression
843,HTd/VPsmsa,10,Lev,14,2,4,no,mapping gap,review parser mapping before adding regression
844,HC/Vqq3ms/Sp3mp,10,Lev,15,14,18,no,mapping gap,review parser mapping before adding regression
845,HVprmpc/Sp1cs,10,Num,14,23,9,no,mapping gap,review parser mapping before adding regression
846,HC/Vqsmsc,10,Num,24,4,10,no,mapping gap,review parser mapping before adding regression
847,HC/Vqw3mp/Sp3fs,10,Num,32,39,7,no,mapping gap,review parser mapping before adding regression
848,HC/Vqw3ms/Sp2ms,10,Deut,7,8,16,no,mapping gap,review parser mapping before adding regression
849,HC/Td/Ncbpa,10,Deut,7,19,6,no,mapping gap,review parser mapping before adding regression
850,HTd/Ncfda,10,Deut,28,35,6,no,mapping gap,review parser mapping before adding regression
851,HVNp2mp,10,Josh,6,22,21,no,mapping gap,review parser mapping before adding regression
852,HR/Aampc/Sp3ms,10,Josh,23,2,5,no,mapping gap,review parser mapping before adding regression
853,HC/VNh1cp,10,Judg,1,3,8,no,mapping gap,review parser mapping before adding regression
854,HVqi2fp,10,Ruth,1,11,6,no,mapping gap,review parser mapping before adding regression
855,HR/Vqc/Sp2fs,10,Ruth,1,16,6,no,mapping gap,review parser mapping before adding regression
856,HVhp2fs,10,Ruth,3,10,6,no,mapping gap,review parser mapping before adding regression
857,HR/Td/Ncbsa,10,1Sam,28,3,15,no,mapping gap,review parser mapping before adding regression
858,HC/Vqc/Sp2ms,10,1Sam,29,6,15,no,mapping gap,review parser mapping before adding regression
859,HVprmpc/Sp3ms,10,1Kgs,10,5,7,no,mapping gap,review parser mapping before adding regression
860,HVhp1cs/Sp3mp,10,2Kgs,20,15,17,no,mapping gap,review parser mapping before adding regression
861,HVpp3cp/Sp3ms,10,1Chr,12,20,15,no,mapping gap,review parser mapping before adding regression
862,AVqv2mp,10,Ezra,4,21,2,no,mapping gap,review parser mapping before adding regression
863,HVri1cs,10,Job,23,15,5,no,mapping gap,review parser mapping before adding regression
864,HC/Vhw2fs,10,Isa,57,9,4,no,mapping gap,review parser mapping before adding regression
865,HTd/VNsfpa,10,Ezek,9,4,20,no,mapping gap,review parser mapping before adding regression
866,HNcmdc/Sp2ms,9,Gen,3,19,2,no,mapping gap,review parser mapping before adding regression
867,HVhrmsc/Sp3mp,9,Gen,6,13,15,no,mapping gap,review parser mapping before adding regression
868,HC/R/Pdxcp,9,Gen,9,19,5,no,mapping gap,review parser mapping before adding regression
869,HC/Td/VNrmpa,9,Gen,14,10,12,no,mapping gap,review parser mapping before adding regression
870,HNcfdc/Sp2mp,9,Gen,18,4,6,no,mapping gap,review parser mapping before adding regression
871,HC/VNv2mp,9,Gen,18,4,7,no,mapping gap,review parser mapping before adding regression
872,HR/Vpc/Sp3fs,9,Gen,19,13,15,no,mapping gap,review parser mapping before adding regression
873,HC/Vti3ms,9,Gen,20,7,8,no,mapping gap,review parser mapping before adding regression
874,HTn/Sp2ms,9,Gen,20,7,12,no,mapping gap,review parser mapping before adding regression
875,HR/R/Sp3fs,9,Gen,24,46,4,no,mapping gap,review parser mapping before adding regression
876,HR/R/Sp1cp,9,Gen,26,16,6,no,mapping gap,review parser mapping before adding regression
877,HVpi3fs/Sp2ms,9,Gen,27,4,10,no,mapping gap,review parser mapping before adding regression
878,HTi/C,9,Gen,27,36,2,no,mapping gap,review parser mapping before adding regression
879,HC/Vqq3ms/Sp2ms,9,Gen,32,18,9,no,mapping gap,review parser mapping before adding regression
880,HTd/VHsmsa,9,Gen,43,12,7,no,mapping gap,review parser mapping before adding regression
881,HVhrmsc/Sp2ms,9,Gen,48,4,4,no,mapping gap,review parser mapping before adding regression
882,HVpi3ms/Sp3mp,9,Exod,6,1,13,no,mapping gap,review parser mapping before adding regression
883,HVqc/Sp1cp,9,Exod,10,26,23,no,mapping gap,review parser mapping before adding regression
884,HVqi2mp/Sp3ms,9,Exod,12,14,13,no,mapping gap,review parser mapping before adding regression
885,HC/Vqq2ms/Sp3ms,9,Exod,13,13,9,no,mapping gap,review parser mapping before adding regression
886,HC/Vhq3ms/Sp3fs,9,Exod,21,8,9,no,mapping gap,review parser mapping before adding regression
887,HR/Ncmda,9,Exod,28,42,8,no,mapping gap,review parser mapping before adding regression
888,HR/Pp3mp,9,Exod,30,4,20,no,mapping gap,review parser mapping before adding regression
889,HC/Ncfdc/Sp3mp,9,Exod,30,21,3,no,mapping gap,review parser mapping before adding regression
890,HVqi3mp/Sp3fs,9,Lev,6,9,13,no,mapping gap,review parser mapping before adding regression
891,HC/R/Ncfsc/Sp3mp,9,Lev,11,8,4,no,mapping gap,review parser mapping before adding regression
892,HNcfsc/Sp3fp,9,Lev,18,9,15,no,mapping gap,review parser mapping before adding regression
893,HVpi3mp/Sp3ms,9,Lev,22,9,11,no,mapping gap,review parser mapping before adding regression
894,HVprfpa,9,Lev,26,16,13,no,mapping gap,review parser mapping before adding regression
895,HVNp2fs,9,Num,5,20,7,no,mapping gap,review parser mapping before adding regression
896,HVhi1cs/Sp3fs,9,Num,23,20,6,no,mapping gap,review parser mapping before adding regression
897,HVtc,9,Num,32,18,6,no,mapping gap,review parser mapping before adding regression
898,HR/Acfsc,9,Deut,13,13,3,no,mapping gap,review parser mapping before adding regression
899,HVqv2ms/Sp3fs,9,Deut,31,19,11,no,mapping gap,review parser mapping before adding regression
900,HC/Vqi1cs/Sp3ms,9,Judg,7,4,12,no,mapping gap,review parser mapping before adding regression
901,HVpp2fs,9,Ruth,2,19,5,no,mapping gap,review parser mapping before adding regression
902,HC/Vqq1cs/Sp2fs,9,Ruth,3,13,13,no,mapping gap,review parser mapping before adding regression
903,HVtp2ms,9,1Sam,18,21,17,no,mapping gap,review parser mapping before adding regression
904,HVqi3mp/Sp2ms,9,1Kgs,8,40,2,no,mapping gap,review parser mapping before adding regression
905,HC/R/Ncmpc/Sp1cs,9,1Kgs,20,7,19,no,mapping gap,review parser mapping before adding regression
906,AVQsmsa,9,Ezra,4,12,1,no,mapping gap,review parser mapping before adding regression
907,AVqp1cp,9,Ezra,4,14,7,no,mapping gap,review parser mapping before adding regression
908,AR/Ncfsa,9,Ezra,4,23,17,no,mapping gap,review parser mapping before adding regression
909,AVqrfsa,9,Ezra,4,24,9,no,mapping gap,review parser mapping before adding regression
910,ANcmsc/Sp3mp,9,Ezra,5,5,2,no,mapping gap,review parser mapping before adding regression
911,AC/Vqp3mp,9,Ezra,6,14,12,no,mapping gap,review parser mapping before adding regression
912,AC/Pp2ms,9,Ezra,7,25,1,no,mapping gap,review parser mapping before adding regression
913,HC/Vtrmsa,9,Ezra,10,1,5,no,mapping gap,review parser mapping before adding regression
914,HVNrfpc/Sp2ms,9,Neh,9,17,5,no,mapping gap,review parser mapping before adding regression
915,HVpi2fs,9,Job,2,10,6,no,mapping gap,review parser mapping before adding regression
916,HVri3ms,9,Job,17,8,8,no,mapping gap,review parser mapping before adding regression
917,HVqp3fs/Sp1cs,9,Job,33,4,3,no,mapping gap,review parser mapping before adding regression
918,HR/Ncbpc/Sp2fs,9,Ps,116,7,3,no,mapping gap,review parser mapping before adding regression
919,HVNrmpc,9,Ps,147,2,4,no,mapping gap,review parser mapping before adding regression
920,HC/Vqi3fp,9,Prov,23,16,1,no,mapping gap,review parser mapping before adding regression
921,ATo/Np,9,Dan,2,25,5,no,mapping gap,review parser mapping before adding regression
922,AAcmsa,9,Dan,2,31,7,no,mapping gap,review parser mapping before adding regression
923,HVri3mp,8,Gen,2,25,7,no,mapping gap,review parser mapping before adding regression
924,HVpi3ms/Sp1cp,8,Gen,5,29,7,no,mapping gap,review parser mapping before adding regression
925,HRd/Ncmda,8,Gen,11,4,8,no,mapping gap,review parser mapping before adding regression
926,HAcfsc,8,Gen,11,10,6,no,mapping gap,review parser mapping before adding regression
927,HVqv2ms/Sp1cp,8,Gen,23,6,1,no,mapping gap,review parser mapping before adding regression
928,HVpj2mp,8,Gen,24,56,4,no,mapping gap,review parser mapping before adding regression
929,HR/Acbpc,8,Gen,24,60,9,no,mapping gap,review parser mapping before adding regression
930,HC/Vpq1cs/Sp2ms,8,Gen,26,24,16,no,mapping gap,review parser mapping before adding regression
931,HC/Vhv2ms/Sh,8,Gen,27,4,6,no,mapping gap,review parser mapping before adding regression
932,HC/VNi1cs,8,Gen,30,3,10,no,mapping gap,review parser mapping before adding regression
933,HC/Vqsmpa,8,Gen,30,39,9,no,mapping gap,review parser mapping before adding regression
934,HC/VNp1cs,8,Gen,34,30,20,no,mapping gap,review parser mapping before adding regression
935,HR/Vqrfsa,8,Gen,38,15,4,no,mapping gap,review parser mapping before adding regression
936,HVHsfsa,8,Gen,38,25,2,no,mapping gap,review parser mapping before adding regression
937,HC/Td/Aafpa,8,Gen,41,4,12,no,mapping gap,review parser mapping before adding regression
938,HVpi1cs/Sp3mp,8,Gen,49,7,8,no,mapping gap,review parser mapping before adding regression
939,HC/Vpw3mp/Sp3ms,8,Gen,49,23,1,no,mapping gap,review parser mapping before adding regression
940,HVqi3ms/Sp1cp,8,Gen,50,15,9,no,mapping gap,review parser mapping before adding regression
941,HVpc/Sp2ms,8,Exod,4,10,17,no,mapping gap,review parser mapping before adding regression
942,HTn/Sp1cs,8,Exod,5,10,12,no,mapping gap,review parser mapping before adding regression
943,HC/R/Ncfpc/Sp2ms,8,Exod,7,28,15,no,mapping gap,review parser mapping before adding regression
944,HR/Ncfdc/Sp2mp,8,Exod,12,11,7,no,mapping gap,review parser mapping before adding regression
945,HC/VNh1cs,8,Exod,14,4,7,no,mapping gap,review parser mapping before adding regression
946,HR/Vqrmsc/Sp3ms,8,Exod,18,8,3,no,mapping gap,review parser mapping before adding regression
947,HC/Vhi2ms,8,Exod,19,3,15,no,mapping gap,review parser mapping before adding regression
948,HC/Vtq3ms,8,Exod,21,19,3,no,mapping gap,review parser mapping before adding regression
949,HVprmpc/Sp3fs,8,Exod,31,14,8,no,mapping gap,review parser mapping before adding regression
950,HVHsfpa,8,Exod,39,6,5,no,mapping gap,review parser mapping before adding regression
951,HVNc/Sp3ms,8,Exod,40,37,9,no,mapping gap,review parser mapping before adding regression
952,HTd/Ncbda,8,Lev,8,21,4,no,mapping gap,review parser mapping before adding regression
953,HR/Vhrmpc,8,Lev,11,4,6,no,mapping gap,review parser mapping before adding regression
954,HC/Vqsfsa,8,Lev,21,14,2,no,mapping gap,review parser mapping before adding regression
955,HR/Vhc/Sp2mp,8,Lev,26,15,14,no,mapping gap,review parser mapping before adding regression
956,HVmrmsa,8,Num,15,32,7,no,mapping gap,review parser mapping before adding regression
957,HVhp3cp/Sp3mp,8,Num,17,3,13,no,mapping gap,review parser mapping before adding regression
958,HVhrmsc/Sp3ms,8,Num,24,8,2,no,mapping gap,review parser mapping before adding regression
959,HVqi3fs/Sp2ms,8,Num,24,22,9,no,mapping gap,review parser mapping before adding regression
960,HAampc/Sp3mp,8,Num,31,8,6,no,mapping gap,review parser mapping before adding regression
961,HC/R/Vqc/Sp2ms,8,Deut,6,7,7,no,mapping gap,review parser mapping before adding regression
962,HC/R/Pdxfs,8,Josh,7,20,12,no,mapping gap,review parser mapping before adding regression
963,HC/Ncfpc/Sp1cp,8,Josh,9,13,11,no,mapping gap,review parser mapping before adding regression
964,HC/Np/Sd,8,Josh,13,18,1,no,mapping gap,review parser mapping before adding regression
965,HC/Vpw3fs/Sp3ms,8,Judg,4,18,16,no,mapping gap,review parser mapping before adding regression
966,HVNrfpc/Sp3ms,8,Judg,6,13,15,no,mapping gap,review parser mapping before adding regression
967,HVqrmsc/Sp1cp,8,Judg,16,24,13,no,mapping gap,review parser mapping before adding regression
968,HC/Vqrmpc/Sp1cs,8,1Sam,2,30,23,no,mapping gap,review parser mapping before adding regression
969,HC/Vhh1cp,8,1Sam,14,12,12,no,mapping gap,review parser mapping before adding regression
970,HVhh1cp,8,1Sam,14,36,13,no,mapping gap,review parser mapping before adding regression
971,HC/Td/Aomsa,8,1Sam,17,13,20,no,mapping gap,review parser mapping before adding regression
972,HVpi3ms/Sp1cs,8,2Sam,22,20,4,no,mapping gap,review parser mapping before adding regression
973,HNcfdc/Sp2fs,8,1Kgs,14,12,6,no,mapping gap,review parser mapping before adding regression
974,HR/R/Ncbpc/Sp3ms,8,2Kgs,5,27,8,no,mapping gap,review parser mapping before adding regression
975,AAcfsa,8,Ezra,4,8,8,no,mapping gap,review parser mapping before adding regression
976,ANcmpc/Sp3mp,8,Ezra,4,9,8,no,mapping gap,review parser mapping before adding regression
977,AC/Vhp3mp,8,Ezra,4,19,5,no,mapping gap,review parser mapping before adding regression
978,APdxcp,8,Ezra,5,15,3,no,mapping gap,review parser mapping before adding regression
979,AVqi2mp,8,Ezra,6,8,6,no,mapping gap,review parser mapping before adding regression
980,AC/Tr,8,Ezra,7,25,23,no,mapping gap,review parser mapping before adding regression
981,HC/VNp3fs,8,Esth,2,14,28,no,mapping gap,review parser mapping before adding regression
982,HVhj2ms/Sp1cs,8,Job,10,2,5,no,mapping gap,review parser mapping before adding regression
983,HVhp3cp/Sp1cs,8,Ps,22,17,6,no,mapping gap,review parser mapping before adding regression
984,HVqi1cs/Sp2fs,8,Ps,137,5,2,no,mapping gap,review parser mapping before adding regression
985,HR/Ncfpc/Sp2fs,8,Jer,3,2,18,no,mapping gap,review parser mapping before adding regression
986,HR/Acmsc/Sp3mp,8,Ezek,1,8,11,no,mapping gap,review parser mapping before adding regression
987,HC/Vqw1cs/Sp2fs,8,Ezek,16,6,3,no,mapping gap,review parser mapping before adding regression
988,AC/Aamsa,8,Dan,2,10,23,no,mapping gap,review parser mapping before adding regression
989,AC/Ncfsc/Sp3ms,8,Dan,4,8,7,no,mapping gap,review parser mapping before adding regression
990,AC/Acbsa,8,Dan,4,13,10,no,mapping gap,review parser mapping before adding regression
991,HAcmpa,7,Gen,11,1,7,no,mapping gap,review parser mapping before adding regression
992,HC/Vpi1cs/Sp2ms,7,Gen,12,2,4,no,mapping gap,review parser mapping before adding regression
993,HTm/Sp2fs,7,Gen,16,11,5,no,mapping gap,review parser mapping before adding regression
994,HVhv2ms/Sp3mp,7,Gen,19,5,12,no,mapping gap,review parser mapping before adding regression
995,HC/Vhi1cs/Sp2ms,7,Gen,24,3,1,no,mapping gap,review parser mapping before adding regression
996,HVhv2fs/Sp1cs,7,Gen,24,17,5,no,mapping gap,review parser mapping before adding regression
997,HC/Vqp1cp,7,Gen,26,22,18,no,mapping gap,review parser mapping before adding regression
998,HC/Vqq3ms/Sp1cs,7,Gen,28,20,9,no,mapping gap,review parser mapping before adding regression
999,HTi/Vqp2mp,7,Gen,29,5,3,no,mapping gap,review parser mapping before adding regression
1000,HVNi1cp,7,Gen,31,49,9,no,mapping gap,review parser mapping before adding regression
1001,HR/Ncfsc/Sp2mp,7,Gen,34,8,9,no,mapping gap,review parser mapping before adding regression
1002,HC/R/Sp1cp,7,Gen,34,10,1,no,mapping gap,review parser mapping before adding regression
1003,HC/R/Vtc,7,Gen,43,18,18,no,mapping gap,review parser mapping before adding regression
1004,HC/Vqi3mp/Sp1cs,7,Exod,7,16,12,no,mapping gap,review parser mapping before adding regression
1005,HC/Vtv2ms,7,Exod,8,16,7,no,mapping gap,review parser mapping before adding regression
1006,HVhc/Sp2ms,7,Exod,9,16,6,no,mapping gap,review parser mapping before adding regression
1007,HC/Vqv2ms/Sp3ms,7,Exod,14,16,10,no,mapping gap,review parser mapping before adding regression
1008,HC/Vpq2ms/Sp3ms,7,Exod,19,23,20,no,mapping gap,review parser mapping before adding regression
1009,HVpi2ms/Sp3mp,7,Exod,23,24,11,no,mapping gap,review parser mapping before adding regression
1010,HTd/VPsmpa,7,Exod,39,34,5,no,mapping gap,review parser mapping before adding regression
1011,HVhrfsc,7,Lev,11,3,7,no,mapping gap,review parser mapping before adding regression
1012,HTd/VNsfsa,7,Lev,11,47,8,no,mapping gap,review parser mapping before adding regression
1013,HC/R/To,7,Lev,16,5,1,no,mapping gap,review parser mapping before adding regression
1014,HC/R/Ncbpc/Sp3mp,7,Lev,18,3,19,no,mapping gap,review parser mapping before adding regression
1015,HC/Vqq3cp/Sp3ms,7,Lev,24,9,4,no,mapping gap,review parser mapping before adding regression
1016,HC/Td/Acbpa,7,Num,3,46,4,no,mapping gap,review parser mapping before adding regression
1017,HTd/VNsmpa,7,Num,25,5,9,no,mapping gap,review parser mapping before adding regression
1018,HVpp3ms/Sp1cp,7,Deut,1,41,11,no,mapping gap,review parser mapping before adding regression
1019,HC/Vqq3cp/Sp2ms,7,Deut,4,30,3,no,mapping gap,review parser mapping before adding regression
1020,HTi/Vqp3ms,7,Deut,4,33,1,no,mapping gap,review parser mapping before adding regression
1021,HVpc/Sp1cs,7,Deut,25,7,22,no,mapping gap,review parser mapping before adding regression
1022,HC/Ncbdc/Sp2ms,7,Deut,28,32,6,no,mapping gap,review parser mapping before adding regression
1023,HC/R/Aamsa,7,Deut,28,48,10,no,mapping gap,review parser mapping before adding regression
1024,HC/Vhi3ms/Sp1cp,7,Deut,30,12,11,no,mapping gap,review parser mapping before adding regression
1025,HC/Ncbpc/Sp3fs,7,Josh,15,45,3,no,mapping gap,review parser mapping before adding regression
1026,HC/Ncfdc/Sp3ms,7,Judg,1,6,12,no,mapping gap,review parser mapping before adding regression
1027,HTr/Vqp1cs,7,Judg,5,7,6,no,mapping gap,review parser mapping before adding regression
1028,HC/R/Ncfpc/Sp3fs,7,Judg,11,26,4,no,mapping gap,review parser mapping before adding regression
1029,HC/Vqp2fs,7,Judg,13,3,14,no,mapping gap,review parser mapping before adding regression
1030,HR/Ngmpa,7,Judg,14,3,16,no,mapping gap,review parser mapping before adding regression
1031,HC/Vvw3fs,7,Ruth,2,10,4,no,mapping gap,review parser mapping before adding regression
1032,HVormsa,7,1Sam,2,7,6,no,mapping gap,review parser mapping before adding regression
1033,HC/Vhp3ms/Sp1cs,7,1Sam,17,9,5,no,mapping gap,review parser mapping before adding regression
1034,HC/Vpw2fs,7,1Sam,19,17,8,no,mapping gap,review parser mapping before adding regression
1035,HC/Vpp1cs,7,1Sam,23,23,18,no,mapping gap,review parser mapping before adding regression
1036,HC/Ncfdc/Sp2ms,7,2Sam,3,34,4,no,mapping gap,review parser mapping before adding regression
1037,HVHp1cs,7,1Kgs,22,34,21,no,mapping gap,review parser mapping before adding regression
1038,HC/Tn/Sp3mp,7,2Kgs,17,34,12,no,mapping gap,review parser mapping before adding regression
1039,HC/VNa,7,1Chr,5,20,12,no,mapping gap,review parser mapping before adding regression
1040,AVhi3ms,7,Ezra,4,13,19,no,mapping gap,review parser mapping before adding regression
1041,AC/Ncfsc,7,Ezra,4,14,8,no,mapping gap,review parser mapping before adding regression
1042,AR/Ncmsc/Sp3ms,7,Ezra,5,7,6,no,mapping gap,review parser mapping before adding regression
1043,AAafpa,7,Ezra,5,11,20,no,mapping gap,review parser mapping before adding regression
1044,AVMi3ms,7,Ezra,5,17,6,no,mapping gap,review parser mapping before adding regression
1045,AVpp3ms,7,Ezra,6,12,3,no,mapping gap,review parser mapping before adding regression
1046,HAampc/Sp1cs,7,Job,19,14,2,no,mapping gap,review parser mapping before adding regression
1047,HC/Vpw1cs/Sh,7,Job,29,17,1,no,mapping gap,review parser mapping before adding regression
1048,HAafsc/Sp1cs,7,Ps,16,2,5,no,mapping gap,review parser mapping before adding regression
1049,HVqp3cp/Sp1cp,7,Ps,17,11,4,no,mapping gap,review parser mapping before adding regression
1050,HC/VNrfpc/Sp3ms,7,Ps,78,4,10,no,mapping gap,review parser mapping before adding regression
1051,HVmi3ms,7,Ps,90,6,5,no,mapping gap,review parser mapping before adding regression
1052,HTr/D,7,Ps,122,4,1,no,mapping gap,review parser mapping before adding regression
1053,HTr/Vqi3mp,7,Eccl,1,11,6,no,mapping gap,review parser mapping before adding regression
1054,HVNi2fs,7,Isa,23,16,12,no,mapping gap,review parser mapping before adding regression
1055,AVQp3mp,7,Dan,3,21,4,no,mapping gap,review parser mapping before adding regression
1056,HC/VNi3fs,6,Gen,1,9,10,no,mapping gap,review parser mapping before adding regression
1057,HAompa,6,Gen,6,16,13,no,mapping gap,review parser mapping before adding regression
1058,HTn/Sp3fs,6,Gen,7,8,7,no,mapping gap,review parser mapping before adding regression
1059,HTd/Vqp3fs,6,Gen,18,21,5,no,mapping gap,review parser mapping before adding regression
1060,HTi/Vhi2ms,6,Gen,18,28,6,no,mapping gap,review parser mapping before adding regression
1061,HC/Vhp2mp,6,Gen,19,2,13,no,mapping gap,review parser mapping before adding regression
1062,HVNh1cs,6,Gen,19,20,10,no,mapping gap,review parser mapping before adding regression
1063,HC/VNrfsa,6,Gen,20,16,18,no,mapping gap,review parser mapping before adding regression
1064,HAamsc/Sp2ms,6,Gen,22,2,7,no,mapping gap,review parser mapping before adding regression
1065,HTi/Vha,6,Gen,24,5,13,no,mapping gap,review parser mapping before adding regression
1066,HC/Ncfsa/Sd,6,Gen,28,14,8,no,mapping gap,review parser mapping before adding regression
1067,HC/Aafsc,6,Gen,29,17,8,no,mapping gap,review parser mapping before adding regression
1068,HC/R/Ncbsc/Sp1cs,6,Gen,30,25,15,no,mapping gap,review parser mapping before adding regression
1069,HR/Vqc/Sp3fp,6,Gen,30,38,16,no,mapping gap,review parser mapping before adding regression
1070,HVqp3fs/Sp3mp,6,Gen,31,32,21,no,mapping gap,review parser mapping before adding regression
1071,HC/Vqw3fs/Sp3mp,6,Gen,31,34,5,no,mapping gap,review parser mapping before adding regression
1072,HNcfdc/Sp1cp,6,Gen,31,42,18,no,mapping gap,review parser mapping before adding regression
1073,HC/Ncbsc/Sp1cp,6,Gen,37,27,4,no,mapping gap,review parser mapping before adding regression
1074,HC/Aafpc,6,Gen,41,2,9,no,mapping gap,review parser mapping before adding regression
1075,HTi/Vqi1cp,6,Gen,41,38,5,no,mapping gap,review parser mapping before adding regression
1076,HC/Vvw3mp,6,Gen,43,28,9,no,mapping gap,review parser mapping before adding regression
1077,HC/Ncbsc/Sp2mp,6,Gen,45,20,1,no,mapping gap,review parser mapping before adding regression
1078,HC/Ncfsc/Sp1cp,6,Gen,47,18,28,no,mapping gap,review parser mapping before adding regression
1079,HVvi3mp,6,Gen,49,8,8,no,mapping gap,review parser mapping before adding regression
1080,HC/Vpw3fp,6,Exod,1,17,12,no,mapping gap,review parser mapping before adding regression
1081,HR/R/Ncmsa,6,Exod,11,7,8,no,mapping gap,review parser mapping before adding regression
1082,HR/Vpc/Sp2mp,6,Exod,12,31,19,no,mapping gap,review parser mapping before adding regression
1083,HC/Vhi1cs/Sp3ms,6,Exod,15,2,9,no,mapping gap,review parser mapping before adding regression
1084,HVhi3fs/Sp3mp,6,Exod,15,9,11,no,mapping gap,review parser mapping before adding regression
1085,HVqv2mp/Sp3ms,6,Exod,16,25,3,no,mapping gap,review parser mapping before adding regression
1086,HC/Vpq2ms/Sp3mp,6,Exod,19,10,8,no,mapping gap,review parser mapping before adding regression
1087,HVvi2ms,6,Exod,20,5,2,no,mapping gap,review parser mapping before adding regression
1088,HC/Vhrmsc,6,Exod,21,15,1,no,mapping gap,review parser mapping before adding regression
1089,HC/Td/Aofsa,6,Exod,23,11,1,no,mapping gap,review parser mapping before adding regression
1090,HC/Vqq2ms/Sp3fs,6,Exod,23,11,3,no,mapping gap,review parser mapping before adding regression
1091,HVprmsc/Sp3ms,6,Exod,24,13,4,no,mapping gap,review parser mapping before adding regression
1092,HR/R/D,6,Exod,26,24,3,no,mapping gap,review parser mapping before adding regression
1093,HVpp1cs/Sp3ms,6,Exod,28,3,8,no,mapping gap,review parser mapping before adding regression
1094,HTd/Acbsa,6,Exod,38,28,2,no,mapping gap,review parser mapping before adding regression
1095,HVhi2ms/Sp3fs,6,Lev,6,14,6,no,mapping gap,review parser mapping before adding regression
1096,HVprmsc/Sp3mp,6,Lev,21,23,20,no,mapping gap,review parser mapping before adding regression
1097,HVNv2fs,6,Num,5,19,18,no,mapping gap,review parser mapping before adding regression
1098,HC/Vhp2ms,6,Num,14,15,1,no,mapping gap,review parser mapping before adding regression
1099,HC/Vpi2ms,6,Num,17,25,15,no,mapping gap,review parser mapping before adding regression
1100,HC/Vhw3ms/Sp1cp,6,Num,20,16,8,no,mapping gap,review parser mapping before adding regression
1101,HTn/Sp2mp,6,Deut,1,32,3,no,mapping gap,review parser mapping before adding regression
1102,HTi/VNp3ms,6,Deut,4,32,22,no,mapping gap,review parser mapping before adding regression
1103,HTd/Vhrmsc/Sp2ms,6,Deut,8,14,7,no,mapping gap,review parser mapping before adding regression
1104,HC/Ngmsa,6,Deut,23,4,4,no,mapping gap,review parser mapping before adding regression
1105,HC/R/Acmsa,6,Deut,28,7,13,no,mapping gap,review parser mapping before adding regression
1106,HC/VNrfpa,6,Deut,28,59,10,no,mapping gap,review parser mapping before adding regression
1107,HC/R/Ncbsc/Sp3mp,6,Deut,31,4,10,no,mapping gap,review parser mapping before adding regression
1108,HTd/Vqsfpa,6,Josh,2,6,7,no,mapping gap,review parser mapping before adding regression
1109,HC/Aampc/Sp3ms,6,Josh,8,33,3,no,mapping gap,review parser mapping before adding regression
1110,HC/Rd/Np,6,Josh,9,3,9,no,mapping gap,review parser mapping before adding regression
1111,HC/Vhi1cp,6,Josh,10,4,4,no,mapping gap,review parser mapping before adding regression
1112,HC/Vhw3mp/Sp3fs,6,Josh,10,35,4,no,mapping gap,review parser mapping before adding regression
1113,HR/Td/Ncfpa,6,Josh,20,4,4,no,mapping gap,review parser mapping before adding regression
1114,HVvi2mp,6,Josh,23,7,17,no,mapping gap,review parser mapping before adding regression
1115,HC/Vqrmpc/Sp3mp,6,Judg,2,18,22,no,mapping gap,review parser mapping before adding regression
1116,HTi/Vqi3mp,6,Judg,3,4,7,no,mapping gap,review parser mapping before adding regression
1117,HNgmsc,6,Judg,3,15,14,no,mapping gap,review parser mapping before adding regression
1118,HC/Vph1cp,6,Judg,20,13,10,no,mapping gap,review parser mapping before adding regression
1119,HVhrmsc/Sp2fs,6,Ruth,2,19,10,no,mapping gap,review parser mapping before adding regression
1120,HC/VNrmsc,6,1Sam,16,18,17,no,mapping gap,review parser mapping before adding regression
1121,HR/Ncmdc,6,1Sam,25,23,10,no,mapping gap,review parser mapping before adding regression
1122,HVhp2ms/Sp3ms,6,1Sam,29,4,16,no,mapping gap,review parser mapping before adding regression
1123,HVqj3fp,6,2Sam,2,7,2,no,mapping gap,review parser mapping before adding regression
1124,HTi/R/Ncmsa,6,2Sam,2,26,6,no,mapping gap,review parser mapping before adding regression
1125,HR/Ncfdc/Sp1cp,6,2Sam,7,22,15,no,mapping gap,review parser mapping before adding regression
1126,HC/Rd/Vqrmsa,6,2Sam,12,3,1,no,mapping gap,review parser mapping before adding regression
1127,HVtv2fs,6,2Sam,14,2,10,no,mapping gap,review parser mapping before adding regression
1128,HVNsfpa,6,2Sam,18,8,4,no,mapping gap,review parser mapping before adding regression
1129,HVtj3ms,6,1Kgs,20,11,7,no,mapping gap,review parser mapping before adding regression
1130,HR/To/Sp3ms,6,1Kgs,22,7,9,no,mapping gap,review parser mapping before adding regression
1131,HAampc/Sp2fs,6,2Kgs,4,3,10,no,mapping gap,review parser mapping before adding regression
1132,HVqp1cp/Sp3ms,6,1Chr,13,3,8,no,mapping gap,review parser mapping before adding regression
1133,HC/VNj3fs,6,1Chr,21,22,17,no,mapping gap,review parser mapping before adding regression
1134,HC/R/D/Sd,6,1Chr,23,27,12,no,mapping gap,review parser mapping before adding regression
1135,HVhp3ms/Sp3fs,6,2Chr,15,16,6,no,mapping gap,review parser mapping before adding regression
1136,AC/Ncfpa,6,Ezra,4,15,18,no,mapping gap,review parser mapping before adding regression
1137,AC/R/Sp1cs,6,Ezra,4,19,1,no,mapping gap,review parser mapping before adding regression
1138,APdxcs,6,Ezra,4,22,6,no,mapping gap,review parser mapping before adding regression
1139,AC/Ncmpc/Sp3mp,6,Ezra,4,23,15,no,mapping gap,review parser mapping before adding regression
1140,ANgmsd/Td,6,Ezra,5,12,15,no,mapping gap,review parser mapping before adding regression
1141,AC/Vqi3ms,6,Ezra,6,5,18,no,mapping gap,review parser mapping before adding regression
1142,AVMrmsa,6,Ezra,7,13,6,no,mapping gap,review parser mapping before adding regression
1143,ANcfpc,6,Ezra,7,25,21,no,mapping gap,review parser mapping before adding regression
1144,HVQp3cp,6,Neh,2,3,17,no,mapping gap,review parser mapping before adding regression
1145,HC/Aampc/Sp3mp,6,Neh,3,5,5,no,mapping gap,review parser mapping before adding regression
1146,HC/Ncbpc/Sp1cp,6,Neh,5,3,5,no,mapping gap,review parser mapping before adding regression
1147,HC/Td/Vhrmpa,6,Neh,8,3,17,no,mapping gap,review parser mapping before adding regression
1148,HC/Vqw2ms/Sp3mp,6,Neh,9,22,5,no,mapping gap,review parser mapping before adding regression
1149,HC/Vqi2mp,6,Job,6,27,5,no,mapping gap,review parser mapping before adding regression
1150,HVhi3fs/Sp3ms,6,Job,27,20,1,no,mapping gap,review parser mapping before adding regression
1151,HC/Vhw3fs/Sp1cs,6,Job,29,11,7,no,mapping gap,review parser mapping before adding regression
1152,HC/VPq3cp,6,Job,33,21,5,no,mapping gap,review parser mapping before adding regression
1153,HVri2fs,6,Ps,42,6,2,no,mapping gap,review parser mapping before adding regression
1154,HVqrmsc/Sp2fs,6,Ps,53,6,11,no,mapping gap,review parser mapping before adding regression
1155,HC/Aampc/Sp3fs,6,Ps,132,16,4,no,mapping gap,review parser mapping before adding regression
1156,HTr/Vqp3cp,6,Eccl,2,7,16,no,mapping gap,review parser mapping before adding regression
1157,HC/Vhrmpc,6,Jer,17,26,19,no,mapping gap,review parser mapping before adding regression
1158,AC/Ncfpc/Sp3ms,6,Dan,2,32,8,no,mapping gap,review parser mapping before adding regression
1159,ANcfpc/Sp3ms,6,Dan,2,33,1,no,mapping gap,review parser mapping before adding regression
1160,AVup3fs,6,Dan,2,34,5,no,mapping gap,review parser mapping before adding regression
1161,ANcfsc/Sp1cs,6,Dan,4,15,17,no,mapping gap,review parser mapping before adding regression
1162,HRd/Ncbda,5,Gen,3,6,10,no,mapping gap,review parser mapping before adding regression
1163,HVpp3ms/Sp3fs,5,Gen,5,29,14,no,mapping gap,review parser mapping before adding regression
1164,HRd/Aofsa,5,Gen,13,4,7,no,mapping gap,review parser mapping before adding regression
1165,HR/Ncbdc/Sp3fs,5,Gen,16,4,10,no,mapping gap,review parser mapping before adding regression
1166,HTi/Ncfsc,5,Gen,17,17,14,no,mapping gap,review parser mapping before adding regression
1167,HVqi3fs/Sp1cs,5,Gen,19,19,21,no,mapping gap,review parser mapping before adding regression
1168,HVqsfsc,5,Gen,20,3,16,no,mapping gap,review parser mapping before adding regression
1169,HC/Vhv2fs,5,Gen,21,18,5,no,mapping gap,review parser mapping before adding regression
1170,HVNv2ms/Sh,5,Gen,21,23,2,no,mapping gap,review parser mapping before adding regression
1171,HVpv2mp/Sp1cs,5,Gen,24,54,11,no,mapping gap,review parser mapping before adding regression
1172,HC/R/Ncfpc/Sp3mp,5,Gen,25,16,8,no,mapping gap,review parser mapping before adding regression
1173,HVqp1cp/Sp2ms,5,Gen,26,29,7,no,mapping gap,review parser mapping before adding regression
1174,HC/Vhq1cp,5,Gen,29,8,15,no,mapping gap,review parser mapping before adding regression
1175,HC/Vqq2ms/Sp1cs,5,Gen,29,15,7,no,mapping gap,review parser mapping before adding regression
1176,HR/Ncmpc/Sp3fp,5,Gen,31,43,24,no,mapping gap,review parser mapping before adding regression
1177,HC/R/Ncfpc/Sp3ms,5,Gen,32,1,6,no,mapping gap,review parser mapping before adding regression
1178,HC/Vqw2ms/Sp1cs,5,Gen,33,10,21,no,mapping gap,review parser mapping before adding regression
1179,HC/Vqw1cp/Sh,5,Gen,41,11,1,no,mapping gap,review parser mapping before adding regression
1180,HC/Vqp3ms/Sp3ms,5,Gen,42,38,12,no,mapping gap,review parser mapping before adding regression
1181,HC/R/Ncfsc/Sp1cp,5,Gen,43,7,6,no,mapping gap,review parser mapping before adding regression
1182,HVhp1cs/Sp3ms,5,Gen,43,9,7,no,mapping gap,review parser mapping before adding regression
1183,HC/Ncmsc/Sp1cp,5,Gen,44,26,17,no,mapping gap,review parser mapping before adding regression
1184,HC/R/Ncfpc/Sp2mp,5,Gen,45,19,11,no,mapping gap,review parser mapping before adding regression
1185,HC/Vhi1cs/Sp3mp,5,Gen,49,7,10,no,mapping gap,review parser mapping before adding regression
1186,HTd/Vprfpa,5,Exod,1,17,2,no,mapping gap,review parser mapping before adding regression
1187,HC/Vpp2ms,5,Exod,9,1,8,no,mapping gap,review parser mapping before adding regression
1188,HC/VNw2ms,5,Exod,9,15,11,no,mapping gap,review parser mapping before adding regression
1189,HC/Vvq3cp,5,Exod,11,8,6,no,mapping gap,review parser mapping before adding regression
1190,HNcmpa/Sd,5,Exod,13,10,7,no,mapping gap,review parser mapping before adding regression
1191,HR/Vhc/Sp1cp,5,Exod,14,11,15,no,mapping gap,review parser mapping before adding regression
1192,HR/VNc/Sp1cs,5,Exod,14,18,6,no,mapping gap,review parser mapping before adding regression
1193,HNcfsa/Sh,5,Exod,15,16,3,no,mapping gap,review parser mapping before adding regression
1194,HVop3cp,5,Exod,15,17,11,no,mapping gap,review parser mapping before adding regression
1195,HC/Td/Vhrmsa,5,Exod,16,17,7,no,mapping gap,review parser mapping before adding regression
1196,HC/Vpq3ms/Sp3fs,5,Exod,21,26,11,no,mapping gap,review parser mapping before adding regression
1197,HC/VHp3ms,5,Exod,22,1,5,no,mapping gap,review parser mapping before adding regression
1198,HC/Vvq2mp,5,Exod,24,1,14,no,mapping gap,review parser mapping before adding regression
1199,HC/R/Ncfdc,5,Exod,26,22,1,no,mapping gap,review parser mapping before adding regression
1200,HVprmsc/Sp2mp,5,Exod,31,13,21,no,mapping gap,review parser mapping before adding regression
1201,HVhp3cp/Sp2ms,5,Exod,32,4,14,no,mapping gap,review parser mapping before adding regression
1202,HVhj2ms/Sp1cp,5,Exod,33,15,8,no,mapping gap,review parser mapping before adding regression
1203,HC/Vqw1cs/Sp2ms,5,Exod,33,17,16,no,mapping gap,review parser mapping before adding regression
1204,HC/R/VNc,5,Exod,40,36,1,no,mapping gap,review parser mapping before adding regression
1205,HC/R/Aampc,5,Lev,9,1,8,no,mapping gap,review parser mapping before adding regression
1206,HC/Td/Vqsmsa,5,Lev,13,45,1,no,mapping gap,review parser mapping before adding regression
1207,HVtj2mp,5,Lev,18,24,2,no,mapping gap,review parser mapping before adding regression
1208,HVhc/Sp2mp,5,Lev,23,12,3,no,mapping gap,review parser mapping before adding regression
1209,HC/Vtq1cs,5,Lev,26,12,1,no,mapping gap,review parser mapping before adding regression
1210,HAcbsc,5,Num,2,9,5,no,mapping gap,review parser mapping before adding regression
1211,HNcmdc/Sp3fs,5,Num,4,9,11,no,mapping gap,review parser mapping before adding regression
1212,HVprmsc,5,Num,11,28,5,no,mapping gap,review parser mapping before adding regression
1213,HR/Ncbdc/Sp1cp,5,Num,13,33,10,no,mapping gap,review parser mapping before adding regression
1214,HC/Vpi1cs/Sp3ms,5,Num,22,6,17,no,mapping gap,review parser mapping before adding regression
1215,HC/VNrmpa,5,Num,22,15,7,no,mapping gap,review parser mapping before adding regression
1216,HC/Vqw2mp/Sn,5,Deut,1,22,1,no,mapping gap,review parser mapping before adding regression
1217,HVpp3ms/Sp2fs,5,Deut,6,17,10,no,mapping gap,review parser mapping before adding regression
1218,HC/R/Ncmpc/Sp3fs,5,Deut,8,9,16,no,mapping gap,review parser mapping before adding regression
1219,HVNc/Sp2fs,5,Deut,28,24,13,no,mapping gap,review parser mapping before adding regression
1220,HR/Vqrmpc/Sp2ms,5,Deut,28,31,15,no,mapping gap,review parser mapping before adding regression
1221,HC/Ncbda,5,Deut,29,3,7,no,mapping gap,review parser mapping before adding regression
1222,HAampc/Sp2mp,5,Deut,29,9,10,no,mapping gap,review parser mapping before adding regression
1223,HC/Vqi3ms/Sp3fs,5,Deut,30,12,9,no,mapping gap,review parser mapping before adding regression
1224,HR/Td/Np,5,Josh,3,1,5,no,mapping gap,review parser mapping before adding regression
1225,HC/R/Vqrmpc/Sp3ms,5,Josh,23,2,7,no,mapping gap,review parser mapping before adding regression
1226,HVhp3fs/Sp3ms,5,Judg,14,17,15,no,mapping gap,review parser mapping before adding regression
1227,HC/Vpv2ms/Sp1cs,5,Judg,16,28,10,no,mapping gap,review parser mapping before adding regression
1228,HC/Vqi1cp/Sp3ms,5,Judg,19,22,31,no,mapping gap,review parser mapping before adding regression
1229,HC/Vpw3mp/Sp3fs,5,Judg,19,25,20,no,mapping gap,review parser mapping before adding regression
1230,HR/Rd/Aafsa,5,Judg,20,32,7,no,mapping gap,review parser mapping before adding regression
1231,HTi/Pdxfs,5,Ruth,1,19,16,no,mapping gap,review parser mapping before adding regression
1232,HVqi2fs/Sn,5,Ruth,2,8,18,no,mapping gap,review parser mapping before adding regression
1233,HAamsc/Sp3mp,5,1Sam,17,51,20,no,mapping gap,review parser mapping before adding regression
1234,HR/Acbpc/Sp3ms,5,1Sam,18,7,7,no,mapping gap,review parser mapping before adding regression
1235,HVqp3ms/Sp2fs,5,1Sam,25,32,9,no,mapping gap,review parser mapping before adding regression
1236,HTi/Ncmsc,5,2Sam,3,8,9,no,mapping gap,review parser mapping before adding regression
1237,HC/Vqw1cs/Sp3ms,5,2Sam,4,10,14,no,mapping gap,review parser mapping before adding regression
1238,HC/Vhq1cs/Sp3fs,5,2Sam,14,30,13,no,mapping gap,review parser mapping before adding regression
1239,HC/Ncbpc/Sp2ms,5,2Sam,17,11,17,no,mapping gap,review parser mapping before adding regression
1240,HC/Vqrfpa,5,2Sam,19,36,24,no,mapping gap,review parser mapping before adding regression
1241,HC/Vprmsc/Sp1cs,5,2Sam,22,2,5,no,mapping gap,review parser mapping before adding regression
1242,HC/R/Vqrmpc/Sp1cs,5,2Sam,22,4,4,no,mapping gap,review parser mapping before adding regression
1243,HC/Vpw2ms/Sp1cs,5,2Sam,22,40,1,no,mapping gap,review parser mapping before adding regression
1244,HTi/Vqi3fs,5,2Sam,24,13,9,no,mapping gap,review parser mapping before adding regression
1245,HVhp2ms/Sp3mp,5,1Kgs,8,53,3,no,mapping gap,review parser mapping before adding regression
1246,HVtc/Sp2ms,5,1Kgs,21,20,10,no,mapping gap,review parser mapping before adding regression
1247,HVpv2ms/Sh,5,2Kgs,8,4,9,no,mapping gap,review parser mapping before adding regression
1248,HVqrmsc/Sp3fs,5,2Kgs,21,12,16,no,mapping gap,review parser mapping before adding regression
1249,HC/Vtc/Sp3mp,5,1Chr,4,33,11,no,mapping gap,review parser mapping before adding regression
1250,HVPsmpc,5,1Chr,25,7,5,no,mapping gap,review parser mapping before adding regression
1251,HRd/Vprmpa,5,2Chr,5,13,3,no,mapping gap,review parser mapping before adding regression
1252,HVormpa,5,2Chr,20,21,5,no,mapping gap,review parser mapping before adding regression
1253,AC/Vhp3ms,5,Ezra,4,10,8,no,mapping gap,review parser mapping before adding regression
1254,ANcmpc/Sp2ms,5,Ezra,4,11,10,no,mapping gap,review parser mapping before adding regression
1255,AVui3fs,5,Ezra,4,13,9,no,mapping gap,review parser mapping before adding regression
1256,AVpi3ms,5,Ezra,4,15,2,no,mapping gap,review parser mapping before adding regression
1257,AVHp3fs,5,Ezra,4,15,29,no,mapping gap,review parser mapping before adding regression
1258,AC/Vpp3mp,5,Ezra,4,19,4,no,mapping gap,review parser mapping before adding regression
1259,AC/Vqp3fs,5,Ezra,4,24,8,no,mapping gap,review parser mapping before adding regression
1260,AVqsmsa,5,Ezra,5,11,16,no,mapping gap,review parser mapping before adding regression
1261,ATo/Ncmsc,5,Ezra,5,12,6,no,mapping gap,review parser mapping before adding regression
1262,AR/Ncmpc,5,Ezra,6,10,8,no,mapping gap,review parser mapping before adding regression
1263,ANcfsc/Sp3ms,5,Ezra,6,12,12,no,mapping gap,review parser mapping before adding regression
1264,AR/Ncfsc/Sp2ms,5,Ezra,7,14,17,no,mapping gap,review parser mapping before adding regression
1265,ANcmsc/Sp2mp,5,Ezra,7,17,19,no,mapping gap,review parser mapping before adding regression
1266,HVhi3mp/Sp1cs,5,Neh,2,7,15,no,mapping gap,review parser mapping before adding regression
1267,HVpj3mp,5,Esth,2,2,5,no,mapping gap,review parser mapping before adding regression
1268,HNcmdc/Sp1cs,5,Job,16,16,7,no,mapping gap,review parser mapping before adding regression
1269,HVprmsc/Sp1cs,5,Job,31,29,4,no,mapping gap,review parser mapping before adding regression
1270,HC/Vvi3mp,5,Ps,22,28,8,no,mapping gap,review parser mapping before adding regression
1271,HVpp3fs/Sp1cs,5,Ps,44,16,7,no,mapping gap,review parser mapping before adding regression
1272,HVpi3mp/Sp2ms,5,Ps,63,4,6,no,mapping gap,review parser mapping before adding regression
1273,HTr/Tn,5,Ps,124,6,3,no,mapping gap,review parser mapping before adding regression
1274,HC/R/Vqrmsa,5,Prov,20,19,5,no,mapping gap,review parser mapping before adding regression
1275,HTr/Vqp3fs,5,Song,1,7,3,no,mapping gap,review parser mapping before adding regression
1276,HVpp1cs/Sp2fs,5,Song,1,9,4,no,mapping gap,review parser mapping before adding regression
1277,HVoi3mp,5,Isa,15,5,20,no,mapping gap,review parser mapping before adding regression
1278,HC/VNq2fs,5,Jer,22,22,11,no,mapping gap,review parser mapping before adding regression
1279,HVqrfsc/Sp2fs,5,Ezek,27,12,2,no,mapping gap,review parser mapping before adding regression
1280,ATo/Ncmpc,5,Dan,2,14,14,no,mapping gap,review parser mapping before adding regression
1281,AVhrmsa,5,Dan,2,21,2,no,mapping gap,review parser mapping before adding regression
1282,APp3ms,5,Dan,2,22,1,no,mapping gap,review parser mapping before adding regression
1283,AC/Ncmsc/Sp2ms,5,Dan,2,39,1,no,mapping gap,review parser mapping before adding regression
1284,AAofsa,5,Dan,2,39,10,no,mapping gap,review parser mapping before adding regression
1285,AR/Ncmsc/Sp1cs,5,Dan,3,14,10,no,mapping gap,review parser mapping before adding regression
1286,AR/Ncfsc/Sp3ms,5,Dan,4,32,18,no,mapping gap,review parser mapping before adding regression
1287,HC/Td/VNsfsa,5,Dan,8,22,1,no,mapping gap,review parser mapping before adding regression
1288,HC/Vqv2mp/Sp3fs,4,Gen,1,28,12,no,mapping gap,review parser mapping before adding regression
1289,HVpi2ms/Sp3fs,4,Gen,6,16,6,no,mapping gap,review parser mapping before adding regression
1290,HTi/R/Ncmsc,4,Gen,17,17,8,no,mapping gap,review parser mapping before adding regression
1291,HTi/VNi3ms,4,Gen,18,14,1,no,mapping gap,review parser mapping before adding regression
1292,HTi/Vprmsa,4,Gen,18,17,3,no,mapping gap,review parser mapping before adding regression
1293,HR/Vprmsa,4,Gen,19,14,20,no,mapping gap,review parser mapping before adding regression
1294,HC/Vpi1cp,4,Gen,19,32,8,no,mapping gap,review parser mapping before adding regression
1295,HTd/VNp3ms,4,Gen,21,3,6,no,mapping gap,review parser mapping before adding regression
1296,HC/Vhv2ms/Sp3ms,4,Gen,22,2,17,no,mapping gap,review parser mapping before adding regression
1297,HC/Td/Ncbda,4,Gen,27,22,11,no,mapping gap,review parser mapping before adding regression
1298,HC/Vpw1cs/Sp3ms,4,Gen,27,33,19,no,mapping gap,review parser mapping before adding regression
1299,HC/Vpw3ms/Sp1cs,4,Gen,30,27,10,no,mapping gap,review parser mapping before adding regression
1300,HVqp2fp,4,Gen,31,6,2,no,mapping gap,review parser mapping before adding regression
1301,HC/Vhj3mp,4,Gen,31,37,16,no,mapping gap,review parser mapping before adding regression
1302,HTd/Vprfsa,4,Gen,35,17,6,no,mapping gap,review parser mapping before adding regression
1303,HVvrmpa,4,Gen,37,9,19,no,mapping gap,review parser mapping before adding regression
1304,HVqp2ms/Sp3fs,4,Gen,38,23,14,no,mapping gap,review parser mapping before adding regression
1305,HC/Td/Acmsa,4,Gen,42,13,17,no,mapping gap,review parser mapping before adding regression
1306,HTd/Ncmsa/Sh,4,Gen,43,16,13,no,mapping gap,review parser mapping before adding regression
1307,HR/Vrc,4,Gen,43,18,16,no,mapping gap,review parser mapping before adding regression
1308,HTm/Sp1cp,4,Gen,44,16,15,no,mapping gap,review parser mapping before adding regression
1309,HVQp3ms,4,Gen,44,28,7,no,mapping gap,review parser mapping before adding regression
1310,HC/Vqw1cs/Sp3fs,4,Gen,48,7,15,no,mapping gap,review parser mapping before adding regression
1311,HC/Vpi1cs/Sp3mp,4,Gen,48,9,16,no,mapping gap,review parser mapping before adding regression
1312,HR/D/Sp1cs,4,Gen,48,15,15,no,mapping gap,review parser mapping before adding regression
1313,HC/Vqi3ms/Sp2ms,4,Gen,49,25,3,no,mapping gap,review parser mapping before adding regression
1314,HC/Rd/Vprmpa,4,Exod,7,11,5,no,mapping gap,review parser mapping before adding regression
1315,HVNrmsc,4,Exod,15,6,3,no,mapping gap,review parser mapping before adding regression
1316,HRd/Acmsa,4,Exod,16,22,9,no,mapping gap,review parser mapping before adding regression
1317,HR/Aobpc,4,Exod,26,8,13,no,mapping gap,review parser mapping before adding regression
1318,HR/Acmdc/Sp3mp,4,Exod,26,24,14,no,mapping gap,review parser mapping before adding regression
1319,HVHp2ms,4,Exod,26,30,6,no,mapping gap,review parser mapping before adding regression
1320,HRd/Acbpa,4,Exod,34,7,3,no,mapping gap,review parser mapping before adding regression
1321,HC/Td/VNrfsa,4,Lev,2,3,1,no,mapping gap,review parser mapping before adding regression
1322,HC/Ncmdc,4,Lev,6,3,5,no,mapping gap,review parser mapping before adding regression
1323,HR/Aampc/Sp1cs,4,Lev,10,3,10,no,mapping gap,review parser mapping before adding regression
1324,HC/To/Sp3fs,4,Lev,10,17,12,no,mapping gap,review parser mapping before adding regression
1325,HVqi2mp/Sp3mp,4,Lev,11,42,19,no,mapping gap,review parser mapping before adding regression
1326,HC/Vhq3cp/Sp3mp,4,Lev,17,5,14,no,mapping gap,review parser mapping before adding regression
1327,HC/Td/Vqrfsa,4,Lev,20,10,15,no,mapping gap,review parser mapping before adding regression
1328,HC/R/R/Ncmsc,4,Lev,23,38,4,no,mapping gap,review parser mapping before adding regression
1329,HC/R/C,4,Lev,26,43,14,no,mapping gap,review parser mapping before adding regression
1330,HVqsmpc/Sp3ms,4,Num,1,22,7,no,mapping gap,review parser mapping before adding regression
1331,HC/Vqsmpc/Sp3ms,4,Num,2,6,2,no,mapping gap,review parser mapping before adding regression
1332,HTi/Ncbsc,4,Num,11,23,5,no,mapping gap,review parser mapping before adding regression
1333,HVqp3fs/Sp1cp,4,Num,20,14,18,no,mapping gap,review parser mapping before adding regression
1334,HVqp3cp/Sp3fs,4,Num,21,18,2,no,mapping gap,review parser mapping before adding regression
1335,HC/Vqw3fs/Sp1cs,4,Num,22,33,1,no,mapping gap,review parser mapping before adding regression
1336,HC/Aofsc,4,Num,28,5,1,no,mapping gap,review parser mapping before adding regression
1337,HC/Vvq2ms,4,Deut,4,19,16,no,mapping gap,review parser mapping before adding regression
1338,HC/Vhw3ms/Sp2ms,4,Deut,4,37,9,no,mapping gap,review parser mapping before adding regression
1339,HVpc/Sp3fs,4,Deut,22,29,18,no,mapping gap,review parser mapping before adding regression
1340,HC/Vhq3cp/Sp2ms,4,Deut,28,2,6,no,mapping gap,review parser mapping before adding regression
1341,HTm/Sp3ms,4,Deut,29,14,4,no,mapping gap,review parser mapping before adding regression
1342,HVpp2ms/Sp3ms,4,Deut,33,8,8,no,mapping gap,review parser mapping before adding regression
1343,HVpp2ms/Sp1cp,4,Josh,1,16,7,no,mapping gap,review parser mapping before adding regression
1344,HVhp2fs/Sp1cp,4,Josh,2,17,9,no,mapping gap,review parser mapping before adding regression
1345,HVtp1cp,4,Josh,9,12,4,no,mapping gap,review parser mapping before adding regression
1346,HTj/Sp1cp,4,Josh,9,25,2,no,mapping gap,review parser mapping before adding regression
1347,HRd/Ncmsa/Sd,4,Josh,15,21,10,no,mapping gap,review parser mapping before adding regression
1348,HTi/Vqp1cs,4,Judg,9,9,4,no,mapping gap,review parser mapping before adding regression
1349,HVqi1cp/Sp1cp,4,Judg,9,28,10,no,mapping gap,review parser mapping before adding regression
1350,HC/Vqv2fp,4,Ruth,1,9,4,no,mapping gap,review parser mapping before adding regression
1351,HVqc/Sp3fp,4,Ruth,1,19,4,no,mapping gap,review parser mapping before adding regression
1352,HC/Vqi1cp/Sp2ms,4,1Sam,11,1,17,no,mapping gap,review parser mapping before adding regression
1353,HR/Acfda,4,1Sam,18,21,16,no,mapping gap,review parser mapping before adding regression
1354,HC/Td/Vprmpa,4,1Sam,25,26,19,no,mapping gap,review parser mapping before adding regression
1355,HC/Vow3ms,4,2Sam,1,17,1,no,mapping gap,review parser mapping before adding regression
1356,HC/Voq1cs,4,2Sam,7,13,5,no,mapping gap,review parser mapping before adding regression
1357,HVpj2fs,4,2Sam,14,18,8,no,mapping gap,review parser mapping before adding regression
1358,HC/Vhv2mp/Sp3fs,4,2Sam,14,30,14,no,mapping gap,review parser mapping before adding regression
1359,HC/Tj/Sp2ms,4,2Sam,16,8,19,no,mapping gap,review parser mapping before adding regression
1360,HR/Td/Ngmsa,4,2Sam,21,20,21,no,mapping gap,review parser mapping before adding regression
1361,HC/Vtw1cs/Sh,4,2Sam,22,24,4,no,mapping gap,review parser mapping before adding regression
1362,HC/Ncbdc/Sp1cs,4,1Kgs,1,48,15,no,mapping gap,review parser mapping before adding regression
1363,HC/Vhp1cp,4,1Kgs,8,47,15,no,mapping gap,review parser mapping before adding regression
1364,HC/Acmdc/Sp3mp,4,1Kgs,11,29,17,no,mapping gap,review parser mapping before adding regression
1365,HTd/Ncfpc,4,1Kgs,14,24,7,no,mapping gap,review parser mapping before adding regression
1366,HC/Vhv2mp/Sp3ms,4,1Kgs,21,10,12,no,mapping gap,review parser mapping before adding regression
1367,HVpi2ms/Sp1cp,4,2Kgs,4,29,13,no,mapping gap,review parser mapping before adding regression
1368,HC/Vhp3ms/Sp3ms,4,2Kgs,6,10,11,no,mapping gap,review parser mapping before adding regression
1369,HC/Vhi3ms/Sp3mp,4,2Kgs,17,27,15,no,mapping gap,review parser mapping before adding regression
1370,HVhj3ms/Sp2ms,4,2Kgs,19,10,9,no,mapping gap,review parser mapping before adding regression
1371,HTd/VNsmsa,4,2Kgs,22,7,6,no,mapping gap,review parser mapping before adding regression
1372,HC/R/Vqrmpa,4,2Kgs,25,12,7,no,mapping gap,review parser mapping before adding regression
1373,HVtc/Sp3mp,4,1Chr,7,5,10,no,mapping gap,review parser mapping before adding regression
1374,HVhi3mp/Sp3mp,4,1Chr,9,28,7,no,mapping gap,review parser mapping before adding regression
1375,HTd/Acmda,4,1Chr,25,19,1,no,mapping gap,review parser mapping before adding regression
1376,HC/Aampc/Sp2ms,4,2Chr,6,41,14,no,mapping gap,review parser mapping before adding regression
1377,HR/Vha,4,2Chr,11,12,7,no,mapping gap,review parser mapping before adding regression
1378,HC/R/Acfda,4,2Chr,34,3,12,no,mapping gap,review parser mapping before adding regression
1379,AR/Sp1cp,4,Ezra,4,12,10,no,mapping gap,review parser mapping before adding regression
1380,ATo/Ncmsd/Td,4,Ezra,4,14,18,no,mapping gap,review parser mapping before adding regression
1381,AR/Ncmsc/Sp3fs,4,Ezra,4,15,21,no,mapping gap,review parser mapping before adding regression
1382,AVhrmpa,4,Ezra,4,16,1,no,mapping gap,review parser mapping before adding regression
1383,APp1cp,4,Ezra,4,16,2,no,mapping gap,review parser mapping before adding regression
1384,AVpsmsa,4,Ezra,4,18,5,no,mapping gap,review parser mapping before adding regression
1385,AVusmsa,4,Ezra,4,19,17,no,mapping gap,review parser mapping before adding regression
1386,AC/R/Np,4,Ezra,5,1,14,no,mapping gap,review parser mapping before adding regression
1387,AC/R/Sp3mp,4,Ezra,5,2,15,no,mapping gap,review parser mapping before adding regression
1388,AC/Ta,4,Ezra,5,10,1,no,mapping gap,review parser mapping before adding regression
1389,AVhi3mp,4,Ezra,6,5,17,no,mapping gap,review parser mapping before adding regression
1390,AC/R/Ncmpc,4,Ezra,6,7,8,no,mapping gap,review parser mapping before adding regression
1391,AR/R,4,Ezra,6,13,9,no,mapping gap,review parser mapping before adding regression
1392,APp3fs,4,Ezra,6,15,10,no,mapping gap,review parser mapping before adding regression
1393,AC/Ngmpd/Td,4,Ezra,6,16,5,no,mapping gap,review parser mapping before adding regression
1394,AVMrmpa,4,Ezra,7,16,13,no,mapping gap,review parser mapping before adding regression
1395,HC/R/Vqc/Sp1cs,4,Ezra,9,3,1,no,mapping gap,review parser mapping before adding regression
1396,HC/Vpi3ms/Sp3ms,4,Neh,3,15,14,no,mapping gap,review parser mapping before adding regression
1397,HR/Aafpa,4,Neh,4,7,2,no,mapping gap,review parser mapping before adding regression
1398,HC/Vpp1cs/Sp3mp,4,Neh,13,30,1,no,mapping gap,review parser mapping before adding regression
1399,HC/VNsmsa,4,Esth,3,12,38,no,mapping gap,review parser mapping before adding regression
1400,HC/VNw1cs/Sh,4,Job,1,15,9,no,mapping gap,review parser mapping before adding regression
1401,HC/Vhw2ms/Sp1cs,4,Job,2,3,24,no,mapping gap,review parser mapping before adding regression
1402,HVqi2mp/Sp1cs,4,Job,6,23,6,no,mapping gap,review parser mapping before adding regression
1403,HVoi2ms,4,Job,17,4,8,no,mapping gap,review parser mapping before adding regression
1404,HC/Vhi2mp,4,Job,19,5,5,no,mapping gap,review parser mapping before adding regression
1405,HVpi2mp/Sp1cs,4,Job,21,34,2,no,mapping gap,review parser mapping before adding regression
1406,HC/R/Ncbpc/Sp1cs,4,Job,23,17,6,no,mapping gap,review parser mapping before adding regression
1407,HRd/Vhrmpa,4,Job,33,22,5,no,mapping gap,review parser mapping before adding regression
1408,HTi/VPi3ms,4,Job,37,20,1,no,mapping gap,review parser mapping before adding regression
1409,HTi/Vpi2ms,4,Job,38,31,1,no,mapping gap,review parser mapping before adding regression
1410,HVqp3fs/Sp2ms,4,Job,42,5,6,no,mapping gap,review parser mapping before adding regression
1411,HVph1cp,4,Ps,2,3,1,no,mapping gap,review parser mapping before adding regression
1412,HC/Vpi2ms/Sp1cs,4,Ps,31,4,8,no,mapping gap,review parser mapping before adding regression
1413,HR/VNrmpc,4,Ps,34,19,3,no,mapping gap,review parser mapping before adding regression
1414,HVoi3fs,4,Ps,34,22,1,no,mapping gap,review parser mapping before adding regression
1415,HR/Vhrmsc,4,Ps,37,7,7,no,mapping gap,review parser mapping before adding regression
1416,HR/Aampc/Sp1cp,4,Ps,44,14,3,no,mapping gap,review parser mapping before adding regression
1417,HVpp3cp/Sp2ms,4,Ps,45,9,10,no,mapping gap,review parser mapping before adding regression
1418,HVoi2mp,4,Ps,62,4,3,no,mapping gap,review parser mapping before adding regression
1419,HR/Aamsc/Sp1cs,4,Ps,89,4,3,no,mapping gap,review parser mapping before adding regression
1420,HVpi3fs/Sp3ms,4,Ps,89,22,7,no,mapping gap,review parser mapping before adding regression
1421,HVli3ms,4,Ps,112,5,5,no,mapping gap,review parser mapping before adding regression
1422,HC/R/Aampa,4,Ps,125,4,4,no,mapping gap,review parser mapping before adding regression
1423,HVpp1cs/Sp3fs,4,Ps,132,14,8,no,mapping gap,review parser mapping before adding regression
1424,HC/Vpw2mp,4,Prov,1,24,3,no,mapping gap,review parser mapping before adding regression
1425,HVpi3fs/Sp3mp,4,Prov,1,32,7,no,mapping gap,review parser mapping before adding regression
1426,HNcmdc/Sp2fs,4,Song,4,5,2,no,mapping gap,review parser mapping before adding regression
1427,HVKp3ms,4,Isa,16,8,4,no,mapping gap,review parser mapping before adding regression
1428,HVpi1cs/Sp2fs,4,Isa,16,9,8,no,mapping gap,review parser mapping before adding regression
1429,HVKp3cp,4,Isa,19,8,13,no,mapping gap,review parser mapping before adding regression
1430,HC/Vqrmsc/Sp2ms,4,Isa,22,17,6,no,mapping gap,review parser mapping before adding regression
1431,HC/Vqrmsc/Sp2fs,4,Isa,41,14,11,no,mapping gap,review parser mapping before adding regression
1432,HAamsc/Sp1cs,4,Isa,42,1,5,no,mapping gap,review parser mapping before adding regression
1433,HTi/R/Vqc,4,Isa,58,5,9,no,mapping gap,review parser mapping before adding regression
1434,HVqi3mp/Sp2fs,4,Isa,60,12,6,no,mapping gap,review parser mapping before adding regression
1435,HVPp2fs,4,Jer,3,2,8,no,mapping gap,review parser mapping before adding regression
1436,HC/Vqp1cs/Sp2ms,4,Jer,15,21,4,no,mapping gap,review parser mapping before adding regression
1437,HC/Vhp1cs/Sp3mp,4,Jer,30,3,15,no,mapping gap,review parser mapping before adding regression
1438,HR/Acmsc/Sp3fp,4,Ezek,1,10,13,no,mapping gap,review parser mapping before adding regression
1439,HC/Vpq1cs/Sp2fs,4,Ezek,22,15,4,no,mapping gap,review parser mapping before adding regression
1440,AR/Ncmpc/Sp2ms,4,Dan,2,4,10,no,mapping gap,review parser mapping before adding regression
1441,AR/Ncmsc/Sp2ms,4,Dan,2,4,11,no,mapping gap,review parser mapping before adding regression
1442,AAamsc,4,Dan,2,14,7,no,mapping gap,review parser mapping before adding regression
1443,AR/Vhc/Sp1cs,4,Dan,2,26,11,no,mapping gap,review parser mapping before adding regression
1444,AR/Sp3fp,4,Dan,2,33,6,no,mapping gap,review parser mapping before adding regression
1445,AC/R/Ncmsa,4,Dan,2,38,1,no,mapping gap,review parser mapping before adding regression
1446,AVQsfsa,4,Dan,2,41,14,no,mapping gap,review parser mapping before adding regression
1447,ATo/Ncmpd/Td,4,Dan,3,2,5,no,mapping gap,review parser mapping before adding regression
1448,ANcfpc/Sp2ms,4,Dan,3,17,14,no,mapping gap,review parser mapping before adding regression
1449,ANcbsa,4,Dan,3,27,23,no,mapping gap,review parser mapping before adding regression
1450,AVpi3mp,4,Dan,4,13,5,no,mapping gap,review parser mapping before adding regression
1451,AVpi3mp/Sp3ms,4,Dan,4,16,10,no,mapping gap,review parser mapping before adding regression
1452,ANcfsc/Sp2ms,4,Dan,4,23,8,no,mapping gap,review parser mapping before adding regression
1453,AVprmsa,4,Dan,4,26,10,no,mapping gap,review parser mapping before adding regression
1454,AVQp3fs,4,Dan,5,28,2,no,mapping gap,review parser mapping before adding regression
1455,AC/VQp3fs,4,Dan,5,28,4,no,mapping gap,review parser mapping before adding regression
1456,AAcmpa,4,Dan,6,8,25,no,mapping gap,review parser mapping before adding regression
1457,AC/Aafsa,4,Dan,7,7,12,no,mapping gap,review parser mapping before adding regression
1458,HVPp2ms,3,Gen,3,19,11,no,mapping gap,review parser mapping before adding regression
1459,HC/R/Ncmpc/Sp3fp,3,Gen,4,4,7,no,mapping gap,review parser mapping before adding regression
1460,HC/R/Ncbpc/Sp2ms,3,Gen,4,14,8,no,mapping gap,review parser mapping before adding regression
1461,HVNc/Sp3mp,3,Gen,5,2,11,no,mapping gap,review parser mapping before adding regression
1462,HC/Tj/Sp1cs,3,Gen,6,13,14,no,mapping gap,review parser mapping before adding regression
1463,HC/Aompa,3,Gen,6,16,14,no,mapping gap,review parser mapping before adding regression
1464,HTj/Sp1cs,3,Gen,9,9,2,no,mapping gap,review parser mapping before adding regression
1465,HR/Ncbdc/Sp2fs,3,Gen,16,6,11,no,mapping gap,review parser mapping before adding regression
1466,HVQj3ms,3,Gen,18,4,1,no,mapping gap,review parser mapping before adding regression
1467,HTi/Vqrmsc,3,Gen,18,25,15,no,mapping gap,review parser mapping before adding regression
1468,HC/Vhw3fp,3,Gen,19,33,1,no,mapping gap,review parser mapping before adding regression
1469,HC/Vqq3cp/Sp1cs,3,Gen,20,11,11,no,mapping gap,review parser mapping before adding regression
1470,HC/VNp2ms,3,Gen,24,8,7,no,mapping gap,review parser mapping before adding regression
1471,HC/R/Ncfsc/Sp3fs,3,Gen,24,53,13,no,mapping gap,review parser mapping before adding regression
1472,HC/Vrw3mp,3,Gen,25,22,1,no,mapping gap,review parser mapping before adding regression
1473,HVpp3cp/Sp3mp,3,Gen,26,15,10,no,mapping gap,review parser mapping before adding regression
1474,HTi/Ncfsa,3,Gen,27,38,5,no,mapping gap,review parser mapping before adding regression
1475,HC/Vhj3ms/Sp2ms,3,Gen,28,3,5,no,mapping gap,review parser mapping before adding regression
1476,HC/R/Ncfpc/Sp1cs,3,Gen,31,28,5,no,mapping gap,review parser mapping before adding regression
1477,HAcmdc/Sp1cp,3,Gen,31,37,18,no,mapping gap,review parser mapping before adding regression
1478,HC/Vqsfsc,3,Gen,31,39,11,no,mapping gap,review parser mapping before adding regression
1479,HC/Vqh1cp/Sp3ms,3,Gen,37,20,3,no,mapping gap,review parser mapping before adding regression
1480,HC/Vpq1cp,3,Gen,37,26,11,no,mapping gap,review parser mapping before adding regression
1481,HVhv2mp/Sp3fs,3,Gen,38,24,16,no,mapping gap,review parser mapping before adding regression
1482,HC/Vhq2ms/Sp1cs,3,Gen,40,14,12,no,mapping gap,review parser mapping before adding regression
1483,HVHc,3,Gen,40,20,5,no,mapping gap,review parser mapping before adding regression
1484,HC/Vvw3ms,3,Gen,43,28,8,no,mapping gap,review parser mapping before adding regression
1485,HVhv2mp/Sp3ms,3,Gen,44,21,4,no,mapping gap,review parser mapping before adding regression
1486,HC/Vlq1cs,3,Gen,45,11,1,no,mapping gap,review parser mapping before adding regression
1487,HD/Sp2ms,3,Gen,46,30,12,no,mapping gap,review parser mapping before adding regression
1488,HC/R/Ncmsc/Sp2mp,3,Gen,47,24,12,no,mapping gap,review parser mapping before adding regression
1489,HC/Vpi3ms/Sp2ms,3,Gen,49,25,6,no,mapping gap,review parser mapping before adding regression
1490,HRd/Vprfpa,3,Exod,1,15,4,no,mapping gap,review parser mapping before adding regression
1491,HC/Vqq2fp,3,Exod,1,16,5,no,mapping gap,review parser mapping before adding regression
1492,HC/Ti/Sp3ms,3,Exod,2,20,4,no,mapping gap,review parser mapping before adding regression
1493,HR/Vpc/Sp1cp,3,Exod,13,15,5,no,mapping gap,review parser mapping before adding regression
1494,HR/Aamsc/Sp3ms,3,Exod,14,27,11,no,mapping gap,review parser mapping before adding regression
1495,HVpi3mp/Sp3mp,3,Exod,15,5,2,no,mapping gap,review parser mapping before adding regression
1496,HVHi2ms/Sp3mp,3,Exod,20,5,5,no,mapping gap,review parser mapping before adding regression
1497,HR/R/R,3,Exod,20,20,8,no,mapping gap,review parser mapping before adding regression
1498,HC/Vprmsc/Sp3ms,3,Exod,33,11,16,no,mapping gap,review parser mapping before adding regression
1499,HC/VNq1cp,3,Exod,33,16,13,no,mapping gap,review parser mapping before adding regression
1500,HC/VNj3ms,3,Lev,9,6,9,no,mapping gap,review parser mapping before adding regression
1501,HC/Ncmda,3,Lev,11,35,8,no,mapping gap,review parser mapping before adding regression
1502,HC/To/Sp3mp,3,Lev,14,11,7,no,mapping gap,review parser mapping before adding regression
1503,HC/Td/Vprmsa,3,Lev,16,26,1,no,mapping gap,review parser mapping before adding regression
1504,HC/VHa,3,Lev,19,20,12,no,mapping gap,review parser mapping before adding regression
1505,HC/To/Sp2mp,3,Lev,26,33,1,no,mapping gap,review parser mapping before adding regression
1506,HVHc/Sp3fs,3,Lev,26,34,8,no,mapping gap,review parser mapping before adding regression
1507,HC/R/VNc/Sp3ms,3,Num,9,22,18,no,mapping gap,review parser mapping before adding regression
1508,HR/Ncbda,3,Num,10,31,14,no,mapping gap,review parser mapping before adding regression
1509,HTi/Pp1cs,3,Num,11,12,1,no,mapping gap,review parser mapping before adding regression
1510,HTi/Ncbsa,3,Num,11,22,1,no,mapping gap,review parser mapping before adding regression
1511,HTi/Vqi3ms/Sp2ms,3,Num,11,23,10,no,mapping gap,review parser mapping before adding regression
1512,HRd/Vqsmpa,3,Num,11,26,15,no,mapping gap,review parser mapping before adding regression
1513,HAcmsc/Sp3mp,3,Num,12,4,16,no,mapping gap,review parser mapping before adding regression
1514,HVta,3,Num,16,13,14,no,mapping gap,review parser mapping before adding regression
1515,HVNj3fs,3,Num,21,27,7,no,mapping gap,review parser mapping before adding regression
1516,HC/Vti3fs,3,Num,24,7,10,no,mapping gap,review parser mapping before adding regression
1517,HC/Vqrmpc/Sp2ms,3,Num,24,9,9,no,mapping gap,review parser mapping before adding regression
1518,HC/VNw2mp,3,Deut,1,27,1,no,mapping gap,review parser mapping before adding regression
1519,HVhc/Sp1cp,3,Deut,2,30,6,no,mapping gap,review parser mapping before adding regression
1520,HC/Vpv2ms/Sp3ms,3,Deut,3,28,4,no,mapping gap,review parser mapping before adding regression
1521,HC/Ncfsc/Sp2mp,3,Deut,4,6,6,no,mapping gap,review parser mapping before adding regression
1522,HVNi2mp/Sn,3,Deut,4,26,27,no,mapping gap,review parser mapping before adding regression
1523,HC/Np/Sp3mp,3,Deut,7,5,10,no,mapping gap,review parser mapping before adding regression
1524,HVqp3cp/Sn,3,Deut,8,3,10,no,mapping gap,review parser mapping before adding regression
1525,HC/Vpw1cs/Sp3mp,3,Deut,9,17,8,no,mapping gap,review parser mapping before adding regression
1526,HR/R/Ncbpc/Sp2mp,3,Deut,11,23,7,no,mapping gap,review parser mapping before adding regression
1527,HVri2mp,3,Deut,14,1,6,no,mapping gap,review parser mapping before adding regression
1528,HVmrmpa,3,Deut,18,14,9,no,mapping gap,review parser mapping before adding regression
1529,HC/Vtq2ms,3,Deut,22,1,10,no,mapping gap,review parser mapping before adding regression
1530,HVqp2ms/Sp3ms,3,Deut,22,2,7,no,mapping gap,review parser mapping before adding regression
1531,HC/Vhq2ms/Sp3ms,3,Deut,22,2,18,no,mapping gap,review parser mapping before adding regression
1532,HTd/VPsfsa,3,Deut,22,25,8,no,mapping gap,review parser mapping before adding regression
1533,HVqrfsc/Sp3ms,3,Deut,27,23,4,no,mapping gap,review parser mapping before adding regression
1534,HC/Vqrmpc/Sp2mp,3,Deut,29,9,11,no,mapping gap,review parser mapping before adding regression
1535,HC/Vhi3ms/Sp2ms,3,Deut,32,7,10,no,mapping gap,review parser mapping before adding regression
1536,HC/Vprmpc/Sp3ms,3,Deut,33,11,10,no,mapping gap,review parser mapping before adding regression
1537,HC/VPsmpa,3,Josh,9,4,14,no,mapping gap,review parser mapping before adding regression
1538,HVHa,3,Josh,9,24,6,no,mapping gap,review parser mapping before adding regression
1539,HC/Vqv2ms/Sp1cp,3,Josh,10,6,19,no,mapping gap,review parser mapping before adding regression
1540,HC/Vqw3ms/Sp1cp,3,Josh,24,17,20,no,mapping gap,review parser mapping before adding regression
1541,HC/R/Vvc,3,Judg,2,19,12,no,mapping gap,review parser mapping before adding regression
1542,HC/Vqw3mp/Sn,3,Judg,8,1,17,no,mapping gap,review parser mapping before adding regression
1543,HC/Vqp1cp/Sp3ms,3,Judg,16,2,20,no,mapping gap,review parser mapping before adding regression
1544,HRd/Acbsa,3,Judg,20,10,4,no,mapping gap,review parser mapping before adding regression
1545,HTi/Vhi1cs,3,Judg,20,23,12,no,mapping gap,review parser mapping before adding regression
1546,HVqi3ms/Sp2fs,3,Ruth,3,13,6,no,mapping gap,review parser mapping before adding regression
1547,HNcbsa/Sh,3,1Sam,3,19,10,no,mapping gap,review parser mapping before adding regression
1548,HC/Vqv2mp/Sp3ms,3,1Sam,7,3,25,no,mapping gap,review parser mapping before adding regression
1549,HC/Vhi1cp/Sp3mp,3,1Sam,11,12,12,no,mapping gap,review parser mapping before adding regression
1550,HTi/Np,3,1Sam,14,45,5,no,mapping gap,review parser mapping before adding regression
1551,HR/Ngmsa,3,1Sam,15,15,3,no,mapping gap,review parser mapping before adding regression
1552,HVpp2fs/Sp1cs,3,1Sam,19,17,7,no,mapping gap,review parser mapping before adding regression
1553,HVhi1cs/Sp2fs,3,1Sam,19,17,21,no,mapping gap,review parser mapping before adding regression
1554,HC/Vpq2ms/Sp1cs,3,1Sam,20,5,14,no,mapping gap,review parser mapping before adding regression
1555,HC/Vrw3ms,3,1Sam,21,14,5,no,mapping gap,review parser mapping before adding regression
1556,HVqp2fs/Sp1cs,3,1Sam,25,33,6,no,mapping gap,review parser mapping before adding regression
1557,HC/Vhi3ms/Sp1cs,3,1Sam,26,24,13,no,mapping gap,review parser mapping before adding regression
1558,HC/R/Acbpa,3,1Sam,29,2,5,no,mapping gap,review parser mapping before adding regression
1559,HC/Vtp3cp,3,1Sam,31,4,14,no,mapping gap,review parser mapping before adding regression
1560,HC/Pp3fp,3,2Sam,4,6,1,no,mapping gap,review parser mapping before adding regression
1561,HC/Vqv2ms/Sp3fs,3,2Sam,11,25,24,no,mapping gap,review parser mapping before adding regression
1562,HVvi3ms,3,2Sam,15,32,7,no,mapping gap,review parser mapping before adding regression
1563,HVlp3ms,3,2Sam,19,33,8,no,mapping gap,review parser mapping before adding regression
1564,HVhrmsc/Sp1cs,3,2Sam,22,3,10,no,mapping gap,review parser mapping before adding regression
1565,HR/Vqrmsc/Sp1cs,3,2Sam,22,18,2,no,mapping gap,review parser mapping before adding regression
1566,HC/Vpv2fs,3,1Kgs,1,12,6,no,mapping gap,review parser mapping before adding regression
1567,HR/Vlc,3,1Kgs,4,7,19,no,mapping gap,review parser mapping before adding regression
1568,HTd/Aompa,3,1Kgs,6,8,15,no,mapping gap,review parser mapping before adding regression
1569,HC/Td/Ncmda,3,1Kgs,7,49,13,no,mapping gap,review parser mapping before adding regression
1570,HVqv2mp/Sp3mp,3,1Kgs,20,18,5,no,mapping gap,review parser mapping before adding regression
1571,HR/Ncmdc/Sp3mp,3,1Kgs,20,32,3,no,mapping gap,review parser mapping before adding regression
1572,HTi/R/D,3,2Kgs,1,3,15,no,mapping gap,review parser mapping before adding regression
1573,HC/Acbpc/Sp3ms,3,2Kgs,1,9,5,no,mapping gap,review parser mapping before adding regression
1574,HC/Vpj3mp,3,2Kgs,2,16,14,no,mapping gap,review parser mapping before adding regression
1575,HC/Vpq3cp/Sp3fs,3,2Kgs,3,25,9,no,mapping gap,review parser mapping before adding regression
1576,HTi/Ncmpa,3,2Kgs,5,7,10,no,mapping gap,review parser mapping before adding regression
1577,HC/Vhp2ms/Sp3ms,3,2Kgs,9,2,11,no,mapping gap,review parser mapping before adding regression
1578,HVqv2mp/Sp3fs,3,2Kgs,9,33,3,no,mapping gap,review parser mapping before adding regression
1579,HC/VPsmpc/Sp3ms,3,2Kgs,10,11,11,no,mapping gap,review parser mapping before adding regression
1580,HC/VHw3fs,3,2Kgs,11,16,10,no,mapping gap,review parser mapping before adding regression
1581,HTi/R/R,3,2Kgs,18,25,2,no,mapping gap,review parser mapping before adding regression
1582,HC/Vhv2ms/Sp3fs,3,2Kgs,18,25,16,no,mapping gap,review parser mapping before adding regression
1583,HTi/Vhp3cp,3,2Kgs,19,12,1,no,mapping gap,review parser mapping before adding regression
1584,HTi/Sp3ms,3,2Kgs,19,13,1,no,mapping gap,review parser mapping before adding regression
1585,HC/Vqp1cs/Sp3fs,3,2Kgs,19,25,8,no,mapping gap,review parser mapping before adding regression
1586,HVhp1cs/Sp3fs,3,2Kgs,19,25,10,no,mapping gap,review parser mapping before adding regression
1587,HC/Vqrmpc/Sp3fp,3,2Kgs,19,26,1,no,mapping gap,review parser mapping before adding regression
1588,HC/Voq3ms,3,2Kgs,21,6,5,no,mapping gap,review parser mapping before adding regression
1589,HC/Vhv2ms/Sp1cp,3,1Chr,16,35,6,no,mapping gap,review parser mapping before adding regression
1590,HR/Vhrfsa,3,1Chr,21,12,13,no,mapping gap,review parser mapping before adding regression
1591,HVorfpa,3,2Chr,16,9,4,no,mapping gap,review parser mapping before adding regression
1592,HTr/Vhp3ms,3,2Chr,29,36,6,no,mapping gap,review parser mapping before adding regression
1593,AR/Ncfpa,3,Ezra,4,10,10,no,mapping gap,review parser mapping before adding regression
1594,AVprmpa,3,Ezra,5,2,20,no,mapping gap,review parser mapping before adding regression
1595,AR/Sp2mp,3,Ezra,5,3,17,no,mapping gap,review parser mapping before adding regression
1596,AC/Pp3ms,3,Ezra,5,8,11,no,mapping gap,review parser mapping before adding regression
1597,AVurmsa,3,Ezra,5,8,12,no,mapping gap,review parser mapping before adding regression
1598,AC/Varmsa,3,Ezra,5,8,22,no,mapping gap,review parser mapping before adding regression
1599,AVqi1cp,3,Ezra,5,10,7,no,mapping gap,review parser mapping before adding regression
1600,AVqp3ms/Sp3ms,3,Ezra,5,11,24,no,mapping gap,review parser mapping before adding regression
1601,AR/Pfxcs,3,Ezra,6,8,4,no,mapping gap,review parser mapping before adding regression
1602,AC/Ncfpc/Sp3mp,3,Ezra,7,17,11,no,mapping gap,review parser mapping before adding regression
1603,AC/Vqrmpc,3,Ezra,7,24,10,no,mapping gap,review parser mapping before adding regression
1604,AVqrmpc,3,Ezra,7,25,20,no,mapping gap,review parser mapping before adding regression
1605,HC/Vqi1cs/Sp3fs,3,Neh,2,5,19,no,mapping gap,review parser mapping before adding regression
1606,HC/Vqv2ms/Sp3mp,3,Neh,3,36,10,no,mapping gap,review parser mapping before adding regression
1607,HC/Vhw2ms/Sp3mp,3,Neh,9,23,5,no,mapping gap,review parser mapping before adding regression
1608,HC/Vhi2ms/Sp3mp,3,Neh,9,28,17,no,mapping gap,review parser mapping before adding regression
1609,HR/Ncbdc/Sp3fp,3,Esth,1,17,10,no,mapping gap,review parser mapping before adding regression
1610,HVqp1cp/Sp3fs,3,Job,5,27,3,no,mapping gap,review parser mapping before adding regression
1611,HC/Tn/Sp1cs,3,Job,7,8,7,no,mapping gap,review parser mapping before adding regression
1612,HVti3mp/Sn,3,Job,9,6,5,no,mapping gap,review parser mapping before adding regression
1613,HC/Vhi3fs/Sp2ms,3,Job,12,7,5,no,mapping gap,review parser mapping before adding regression
1614,HC/Vpw2ms/Sp3ms,3,Job,14,20,6,no,mapping gap,review parser mapping before adding regression
1615,HVpi1cs/Sp2mp,3,Job,16,5,1,no,mapping gap,review parser mapping before adding regression
1616,HVhrmpc/Sp1cs,3,Job,16,20,1,no,mapping gap,review parser mapping before adding regression
1617,HTr/Ncmsa,3,Job,19,29,11,no,mapping gap,review parser mapping before adding regression
1618,HVrrfsa,3,Job,20,27,5,no,mapping gap,review parser mapping before adding regression
1619,HC/R/Ncbpc/Sp3ms,3,Job,21,33,9,no,mapping gap,review parser mapping before adding regression
1620,HVqi3fs/Sp3fs,3,Job,39,15,4,no,mapping gap,review parser mapping before adding regression
1621,HVop2ms,3,Ps,8,4,9,no,mapping gap,review parser mapping before adding regression
1622,HVhi3fs/Sp1cs,3,Ps,18,36,8,no,mapping gap,review parser mapping before adding regression
1623,HVph1cs/Sp2ms,3,Ps,22,23,6,no,mapping gap,review parser mapping before adding regression
1624,HVoi3ms/Sp3fs,3,Ps,24,2,8,no,mapping gap,review parser mapping before adding regression
1625,HVoi1cs/Sp2ms,3,Ps,30,2,1,no,mapping gap,review parser mapping before adding regression
1626,HR/Aampc/Sp2ms,3,Ps,31,20,6,no,mapping gap,review parser mapping before adding regression
1627,HVqj3fs/Sp1cs,3,Ps,36,12,2,no,mapping gap,review parser mapping before adding regression
1628,HC/Vprmpc,3,Ps,38,21,1,no,mapping gap,review parser mapping before adding regression
1629,HVOp1cs,3,Ps,51,7,3,no,mapping gap,review parser mapping before adding regression
1630,HC/Vqi3ms/Sp3mp,3,Ps,55,20,3,no,mapping gap,review parser mapping before adding regression
1631,HC/Vmi3mp,3,Ps,59,7,5,no,mapping gap,review parser mapping before adding regression
1632,HC/Vhv2ms/Sp3mp,3,Ps,59,12,8,no,mapping gap,review parser mapping before adding regression
1633,HVrv2fs,3,Ps,60,10,10,no,mapping gap,review parser mapping before adding regression
1634,HVmp2ms,3,Ps,74,13,2,no,mapping gap,review parser mapping before adding regression
1635,HVrp3cp,3,Ps,76,6,1,no,mapping gap,review parser mapping before adding regression
1636,HC/Vpw1cs/Sp2ms,3,Ps,81,8,3,no,mapping gap,review parser mapping before adding regression
1637,HC/R/Aamsc,3,Ps,89,19,4,no,mapping gap,review parser mapping before adding regression
1638,HVov2mp,3,Ps,99,5,1,no,mapping gap,review parser mapping before adding regression
1639,HVmi3mp,3,Ps,102,15,8,no,mapping gap,review parser mapping before adding regression
1640,HR/Voc,3,Ps,109,16,13,no,mapping gap,review parser mapping before adding regression
1641,HTd/Vqrmsc,3,Ps,114,8,1,no,mapping gap,review parser mapping before adding regression
1642,HVqsmpc/Sp3fs,3,Prov,7,26,7,no,mapping gap,review parser mapping before adding regression
1643,HC/VNj3mp,3,Prov,16,3,5,no,mapping gap,review parser mapping before adding regression
1644,HC/Vpc,3,Eccl,7,25,6,no,mapping gap,review parser mapping before adding regression
1645,HTr/Vqi3fs,3,Song,2,7,16,no,mapping gap,review parser mapping before adding regression
1646,HVqrfsc/Sp1cs,3,Song,3,4,19,no,mapping gap,review parser mapping before adding regression
1647,HC/Vqrmsc/Sp3fs,3,Isa,22,11,12,no,mapping gap,review parser mapping before adding regression
1648,HTd/Vhrfsa,3,Isa,23,8,6,no,mapping gap,review parser mapping before adding regression
1649,HVrp3fs,3,Isa,24,19,2,no,mapping gap,review parser mapping before adding regression
1650,HC/Vrv2mp,3,Isa,46,8,3,no,mapping gap,review parser mapping before adding regression
1651,HVPp2mp,3,Isa,51,1,10,no,mapping gap,review parser mapping before adding regression
1652,HVqrfpc/Sp2fs,3,Isa,51,19,3,no,mapping gap,review parser mapping before adding regression
1653,HVhp1cs/Sp2fs,3,Isa,60,10,9,no,mapping gap,review parser mapping before adding regression
1654,HVqrfpc,3,Isa,61,4,4,no,mapping gap,review parser mapping before adding regression
1655,HVPp1cp,3,Jer,4,13,12,no,mapping gap,review parser mapping before adding regression
1656,HC/VNsfsa,3,Jer,48,19,9,no,mapping gap,review parser mapping before adding regression
1657,HC/R/VNc/Sp3mp,3,Ezek,1,21,5,no,mapping gap,review parser mapping before adding regression
1658,HC/R/Ncfdc/Sp2ms,3,Ezek,3,10,13,no,mapping gap,review parser mapping before adding regression
1659,HC/Vpq3cp/Sp2fs,3,Ezek,5,17,6,no,mapping gap,review parser mapping before adding regression
1660,HR/Ncbsc/Sp2fp,3,Ezek,13,21,7,no,mapping gap,review parser mapping before adding regression
1661,HC/Vqw2fs/Sp3mp,3,Ezek,16,20,9,no,mapping gap,review parser mapping before adding regression
1662,HC/Vhq1cs/Sp2fs,3,Ezek,16,41,10,no,mapping gap,review parser mapping before adding regression
1663,HC/Td/VNsfpa,3,Ezek,36,35,10,no,mapping gap,review parser mapping before adding regression
1664,AVhi2mp/Sp1cs,3,Dan,2,5,11,no,mapping gap,review parser mapping before adding regression
1665,AR/Ncmpc/Sp3ms,3,Dan,2,7,7,no,mapping gap,review parser mapping before adding regression
1666,AC/VQsfsa,3,Dan,2,9,11,no,mapping gap,review parser mapping before adding regression
1667,ANcmpc/Sp1cs,3,Dan,2,23,3,no,mapping gap,review parser mapping before adding regression
1668,AC/Vprmsa,3,Dan,2,23,5,no,mapping gap,review parser mapping before adding regression
1669,AC/R/Sp3fp,3,Dan,2,33,10,no,mapping gap,review parser mapping before adding regression
1670,AVup3ms,3,Dan,2,35,20,no,mapping gap,review parser mapping before adding regression
1671,AC/Ncfpd/Td,3,Dan,2,41,4,no,mapping gap,review parser mapping before adding regression
1672,AVMi3fs,3,Dan,2,44,12,no,mapping gap,review parser mapping before adding regression
1673,AC/Aamsc,3,Dan,2,48,15,no,mapping gap,review parser mapping before adding regression
1674,AAcfpa,3,Dan,3,1,9,no,mapping gap,review parser mapping before adding regression
1675,ANgmpa,3,Dan,3,8,8,no,mapping gap,review parser mapping before adding regression
1676,AVpp2ms,3,Dan,3,12,5,no,mapping gap,review parser mapping before adding regression
1677,AVhp2ms,3,Dan,3,12,30,no,mapping gap,review parser mapping before adding regression
1678,ATi/Tn,3,Dan,3,24,10,no,mapping gap,review parser mapping before adding regression
1679,AAomsd/Td,3,Dan,3,25,18,no,mapping gap,review parser mapping before adding regression
1680,AVpi3mp/Sp1cs,3,Dan,4,2,9,no,mapping gap,review parser mapping before adding regression
1681,AC/R/Sp3ms,3,Dan,4,9,17,no,mapping gap,review parser mapping before adding regression
1682,AVqi3ms/Sp3fs,3,Dan,4,14,22,no,mapping gap,review parser mapping before adding regression
1683,AC/Ncfpc/Sp2ms,3,Dan,4,24,11,no,mapping gap,review parser mapping before adding regression
1684,AC/R/Ncfsc,3,Dan,4,31,1,no,mapping gap,review parser mapping before adding regression
1685,AC/Ncmsc/Sp1cs,3,Dan,4,31,8,no,mapping gap,review parser mapping before adding regression
1686,AVqrfpa,3,Dan,5,6,13,no,mapping gap,review parser mapping before adding regression
1687,ANcmsc/Sp3fs,3,Dan,7,6,15,no,mapping gap,review parser mapping before adding regression
1688,AAofsd/Td,3,Dan,7,19,6,no,mapping gap,review parser mapping before adding regression
1689,HC/VNw3fp,2,Gen,3,7,1,no,mapping gap,review parser mapping before adding regression
1690,HTi/Vqrmsa,2,Gen,4,9,11,no,mapping gap,review parser mapping before adding regression
1691,HVhv2fp,2,Gen,4,23,10,no,mapping gap,review parser mapping before adding regression
1692,HR/Tr/D,2,Gen,6,3,8,no,mapping gap,review parser mapping before adding regression
1693,HTi/Vqp3cp,2,Gen,8,8,6,no,mapping gap,review parser mapping before adding regression
1694,HC/Vqp3cp/Sp3mp,2,Gen,15,13,12,no,mapping gap,review parser mapping before adding regression
1695,HC/Vtv2fs,2,Gen,16,9,8,no,mapping gap,review parser mapping before adding regression
1696,HC/Vpw3ms/Sp1cp,2,Gen,19,13,13,no,mapping gap,review parser mapping before adding regression
1697,HC/Vfw3ms,2,Gen,19,16,1,no,mapping gap,review parser mapping before adding regression
1698,HVhh1cp/Sp3ms,2,Gen,19,34,12,no,mapping gap,review parser mapping before adding regression
1699,HVqj3ms/Sp3fs,2,Gen,23,9,13,no,mapping gap,review parser mapping before adding regression
1700,HTd/Ncbsa/Sd,2,Gen,24,16,10,no,mapping gap,review parser mapping before adding regression
1701,HTi/Vhp3ms,2,Gen,24,21,6,no,mapping gap,review parser mapping before adding regression
1702,HC/Vpw2mp/Sp1cs,2,Gen,26,27,10,no,mapping gap,review parser mapping before adding regression
1703,HC/Vqh1cs/Sp2ms,2,Gen,27,21,7,no,mapping gap,review parser mapping before adding regression
1704,HVqj3mp/Sp2ms,2,Gen,27,29,1,no,mapping gap,review parser mapping before adding regression
1705,HC/Vvj3mp,2,Gen,27,29,4,no,mapping gap,review parser mapping before adding regression
1706,HC/Vprmpc/Sp2ms,2,Gen,27,29,16,no,mapping gap,review parser mapping before adding regression
1707,HC/Td/Vqsmpa,2,Gen,30,35,7,no,mapping gap,review parser mapping before adding regression
1708,HC/Ncmsc/Sp2fp,2,Gen,31,7,1,no,mapping gap,review parser mapping before adding regression
1709,HVpi1cs/Sp3fs,2,Gen,31,39,6,no,mapping gap,review parser mapping before adding regression
1710,HC/Vhq3ms/Sp1cs,2,Gen,32,12,13,no,mapping gap,review parser mapping before adding regression
1711,HC/Vvw3fp,2,Gen,33,6,5,no,mapping gap,review parser mapping before adding regression
1712,HVNh1cp,2,Gen,34,23,9,no,mapping gap,review parser mapping before adding regression
1713,HC/Vhh1cp/Sp3ms,2,Gen,37,20,4,no,mapping gap,review parser mapping before adding regression
1714,HC/Vpw1cp,2,Gen,41,12,8,no,mapping gap,review parser mapping before adding regression
1715,HVqsfpc,2,Gen,41,23,6,no,mapping gap,review parser mapping before adding regression
1716,HC/Vqj3ms/Sp3ms,2,Gen,41,33,7,no,mapping gap,review parser mapping before adding regression
1717,HR/Vtc/Sp3ms,2,Gen,42,21,14,no,mapping gap,review parser mapping before adding regression
1718,HTi/D/Sp3ms,2,Gen,43,27,10,no,mapping gap,review parser mapping before adding regression
1719,HVti1cp,2,Gen,44,16,9,no,mapping gap,review parser mapping before adding regression
1720,HC/Vmrmsa,2,Gen,49,10,5,no,mapping gap,review parser mapping before adding regression
1721,HVli1cs,2,Gen,50,21,5,no,mapping gap,review parser mapping before adding regression
1722,HC/Vhq2fp,2,Exod,1,16,11,no,mapping gap,review parser mapping before adding regression
1723,HC/Vpw2fp,2,Exod,1,18,11,no,mapping gap,review parser mapping before adding regression
1724,HVhi2mp/Sp3ms,2,Exod,1,22,10,no,mapping gap,review parser mapping before adding regression
1725,HC/Vqj3ms/Sp1cp,2,Exod,4,23,6,no,mapping gap,review parser mapping before adding regression
1726,HR/Vmc,2,Exod,5,12,6,no,mapping gap,review parser mapping before adding regression
1727,HVqi3mp/Sp1cp,2,Exod,8,22,20,no,mapping gap,review parser mapping before adding regression
1728,HNcmdc/Sp2mp,2,Exod,9,8,10,no,mapping gap,review parser mapping before adding regression
1729,HVNc/Sp3fs,2,Exod,9,18,15,no,mapping gap,review parser mapping before adding regression
1730,HC/Aamsc/Sp3ms,2,Exod,12,4,8,no,mapping gap,review parser mapping before adding regression
1731,HC/Vqi2ms/Sp3mp,2,Exod,15,17,2,no,mapping gap,review parser mapping before adding regression
1732,HC/R/Vhc/Sp2ms,2,Exod,23,20,8,no,mapping gap,review parser mapping before adding regression
1733,HC/Ncmdc/Sp3fs,2,Exod,25,38,1,no,mapping gap,review parser mapping before adding regression
1734,HR/VPsfpc,2,Exod,26,23,4,no,mapping gap,review parser mapping before adding regression
1735,HNp/Sp3ms,2,Exod,34,13,9,no,mapping gap,review parser mapping before adding regression
1736,HC/R/Vhrmpc,2,Lev,11,4,8,no,mapping gap,review parser mapping before adding regression
1737,HC/Vpp3fs,2,Lev,13,12,6,no,mapping gap,review parser mapping before adding regression
1738,HVuc,2,Lev,13,55,4,no,mapping gap,review parser mapping before adding regression
1739,HC/R/Vqc/Sp2mp,2,Lev,19,9,1,no,mapping gap,review parser mapping before adding regression
1740,HVmi2ms,2,Lev,19,10,3,no,mapping gap,review parser mapping before adding regression
1741,HC/R/Aamsc/Sp2ms,2,Lev,25,6,9,no,mapping gap,review parser mapping before adding regression
1742,HTd/Ncmsc/Sp2ms,2,Lev,27,23,6,no,mapping gap,review parser mapping before adding regression
1743,HVpi2mp/Sp3mp,2,Num,5,3,8,no,mapping gap,review parser mapping before adding regression
1744,HVpj3ms/Sp2ms,2,Num,6,24,1,no,mapping gap,review parser mapping before adding regression
1745,HC/Vqj3ms/Sp2ms,2,Num,6,24,3,no,mapping gap,review parser mapping before adding regression
1746,HR/Vrrmpa,2,Num,11,1,3,no,mapping gap,review parser mapping before adding regression
1747,HTi/Aafsa,2,Num,13,19,7,no,mapping gap,review parser mapping before adding regression
1748,HVqj2mp/Sp3mp,2,Num,14,9,20,no,mapping gap,review parser mapping before adding regression
1749,HTi/Ncbdc,2,Num,16,14,14,no,mapping gap,review parser mapping before adding regression
1750,HVqi3fs/Sp1cp,2,Num,16,34,10,no,mapping gap,review parser mapping before adding regression
1751,HVhp2mp/Sp1cp,2,Num,20,5,2,no,mapping gap,review parser mapping before adding regression
1752,HC/Vqw1cp/Sp3mp,2,Num,21,30,1,no,mapping gap,review parser mapping before adding regression
1753,HVtp2fs,2,Num,22,29,5,no,mapping gap,review parser mapping before adding regression
1754,HC/Tm/Sp3ms,2,Num,23,17,3,no,mapping gap,review parser mapping before adding regression
1755,HTd/VHsfsa,2,Num,25,15,3,no,mapping gap,review parser mapping before adding regression
1756,HR/Vqsmpc,2,Num,26,64,5,no,mapping gap,review parser mapping before adding regression
1757,HVhp1cp/Sp3mp,2,Num,32,17,10,no,mapping gap,review parser mapping before adding regression
1758,HC/Tm/Sp2mp,2,Deut,1,10,5,no,mapping gap,review parser mapping before adding regression
1759,HVqj2ms/Sp3mp,2,Deut,2,19,6,no,mapping gap,review parser mapping before adding regression
1760,HC/To/Sp1cp,2,Deut,6,23,1,no,mapping gap,review parser mapping before adding regression
1761,HC/Vqrfsc,2,Deut,14,6,5,no,mapping gap,review parser mapping before adding regression
1762,HC/Vqp3ms/Sp3fs,2,Deut,14,21,9,no,mapping gap,review parser mapping before adding regression
1763,HC/Vhq2ms/Sp3fs,2,Deut,21,12,1,no,mapping gap,review parser mapping before adding regression
1764,HC/Td/Acfsa,2,Deut,21,15,8,no,mapping gap,review parser mapping before adding regression
1765,HC/Td/Vqsfsa,2,Deut,21,15,14,no,mapping gap,review parser mapping before adding regression
1766,HC/Aafsc/Sp3mp,2,Deut,23,7,4,no,mapping gap,review parser mapping before adding regression
1767,HVup3fs,2,Deut,24,4,14,no,mapping gap,review parser mapping before adding regression
1768,HVNc/Sp2ms,2,Deut,28,20,16,no,mapping gap,review parser mapping before adding regression
1769,HC/Vqi1cp/Sp3fs,2,Deut,30,13,16,no,mapping gap,review parser mapping before adding regression
1770,HC/Vpv2ms/Sp3fs,2,Deut,31,19,7,no,mapping gap,review parser mapping before adding regression
1771,HC/Vpq3cp/Sp1cs,2,Deut,31,20,19,no,mapping gap,review parser mapping before adding regression
1772,HVmi3ms/Sp3ms,2,Deut,32,10,7,no,mapping gap,review parser mapping before adding regression
1773,HC/Vqrmpc/Sp1cp,2,Deut,32,31,5,no,mapping gap,review parser mapping before adding regression
1774,HVPsfsc,2,Deut,33,13,3,no,mapping gap,review parser mapping before adding regression
1775,HVqi3fs/Sh,2,Deut,33,16,7,no,mapping gap,review parser mapping before adding regression
1776,HC/Vhw3fs/Sp3mp,2,Josh,2,15,1,no,mapping gap,review parser mapping before adding regression
1777,HC/Vpw3fs/Sp3mp,2,Josh,2,21,5,no,mapping gap,review parser mapping before adding regression
1778,HC/VPsfsa,2,Josh,6,1,3,no,mapping gap,review parser mapping before adding regression
1779,HC/R/Acmda,2,Josh,6,22,1,no,mapping gap,review parser mapping before adding regression
1780,HR/Td/Vqrmsa,2,Josh,8,7,3,no,mapping gap,review parser mapping before adding regression
1781,HAampc/Sp1cp,2,Josh,9,11,3,no,mapping gap,review parser mapping before adding regression
1782,HC/Vqv2mp/Sp1cs,2,Josh,10,4,3,no,mapping gap,review parser mapping before adding regression
1783,HVhv2ms/Sp3fs,2,Josh,13,6,17,no,mapping gap,review parser mapping before adding regression
1784,HD/Sp1cs,2,Josh,14,11,1,no,mapping gap,review parser mapping before adding regression
1785,HR/Ncfsa/Sd,2,Josh,15,10,13,no,mapping gap,review parser mapping before adding regression
1786,HTj/Sd,2,Josh,22,29,1,no,mapping gap,review parser mapping before adding regression
1787,HTr/R,2,Judg,7,12,14,no,mapping gap,review parser mapping before adding regression
1788,HTi/Vqc,2,Judg,9,2,10,no,mapping gap,review parser mapping before adding regression
1789,HC/Vov2ms/Sp1cs,2,Judg,9,54,11,no,mapping gap,review parser mapping before adding regression
1790,HVhi1cp/Sp2ms,2,Judg,15,13,12,no,mapping gap,review parser mapping before adding regression
1791,HC/Ncbdc/Sp3fs,2,Judg,19,27,16,no,mapping gap,review parser mapping before adding regression
1792,HC/Vpw1cs/Sp3fs,2,Judg,20,6,3,no,mapping gap,review parser mapping before adding regression
1793,HRd/VNsmpa,2,Judg,21,7,4,no,mapping gap,review parser mapping before adding regression
1794,HVpi2fp,2,Ruth,1,13,2,no,mapping gap,review parser mapping before adding regression
1795,HAcfdc/Sp3mp,2,Ruth,1,19,2,no,mapping gap,review parser mapping before adding regression
1796,HVqj2fp,2,Ruth,1,20,4,no,mapping gap,review parser mapping before adding regression
1797,HVhi2mp/Sp3fs,2,Ruth,2,15,13,no,mapping gap,review parser mapping before adding regression
1798,HVNj2fs,2,Ruth,3,3,11,no,mapping gap,review parser mapping before adding regression
1799,HC/Vpq2fs,2,Ruth,3,4,10,no,mapping gap,review parser mapping before adding regression
1800,HVpp3fs/Sp3fs,2,Ruth,3,6,6,no,mapping gap,review parser mapping before adding regression
1801,HVti2fs/Sn,2,1Sam,1,14,6,no,mapping gap,review parser mapping before adding regression
1802,HVhrmpc/Sp3ms,2,1Sam,2,10,4,no,mapping gap,review parser mapping before adding regression
1803,HVhj3mp/Sn,2,1Sam,2,16,5,no,mapping gap,review parser mapping before adding regression
1804,HTi/VNa,2,1Sam,2,27,11,no,mapping gap,review parser mapping before adding regression
1805,HVhv2mp/Sp1cp,2,1Sam,6,2,10,no,mapping gap,review parser mapping before adding regression
1806,HC/Vqw3mp/Sp1cs,2,1Sam,8,8,12,no,mapping gap,review parser mapping before adding regression
1807,HC/Ncbpc/Sp2mp,2,1Sam,8,15,2,no,mapping gap,review parser mapping before adding regression
1808,HC/Vqq3ms/Sp1cp,2,1Sam,8,20,6,no,mapping gap,review parser mapping before adding regression
1809,HTi/Vqi2ms/Sp3mp,2,1Sam,14,37,7,no,mapping gap,review parser mapping before adding regression
1810,HC/Vpp3fs/Sp3ms,2,1Sam,16,14,6,no,mapping gap,review parser mapping before adding regression
1811,HC/Vhp1cs/Sp3ms,2,1Sam,17,9,13,no,mapping gap,review parser mapping before adding regression
1812,HVmp1cs,2,1Sam,21,3,23,no,mapping gap,review parser mapping before adding regression
1813,HVpv2ms/Sd,2,1Sam,23,27,6,no,mapping gap,review parser mapping before adding regression
1814,HC/Vqi3ms/Sp1cs,2,1Sam,24,16,11,no,mapping gap,review parser mapping before adding regression
1815,HTi/Ncmsc/Sp2ms,2,1Sam,24,17,12,no,mapping gap,review parser mapping before adding regression
1816,HVhj2ms/Sp3ms,2,1Sam,26,9,6,no,mapping gap,review parser mapping before adding regression
1817,HVop1cs,2,2Sam,1,16,14,no,mapping gap,review parser mapping before adding regression
1818,HVlrmsa,2,2Sam,6,14,2,no,mapping gap,review parser mapping before adding regression
1819,HC/Vlrmsa,2,2Sam,6,16,18,no,mapping gap,review parser mapping before adding regression
1820,HC/Vow2ms,2,2Sam,7,24,1,no,mapping gap,review parser mapping before adding regression
1821,HC/R/Ngmpa,2,2Sam,8,12,5,no,mapping gap,review parser mapping before adding regression
1822,HC/Vth1cp,2,2Sam,10,12,2,no,mapping gap,review parser mapping before adding regression
1823,HC/R/Pp3fp,2,2Sam,12,8,21,no,mapping gap,review parser mapping before adding regression
1824,HC/Vpi3fs,2,2Sam,13,6,15,no,mapping gap,review parser mapping before adding regression
1825,HC/Vhi1cp/Sp3ms,2,2Sam,14,7,12,no,mapping gap,review parser mapping before adding regression
1826,HVqv2ms/Sd,2,2Sam,15,27,8,no,mapping gap,review parser mapping before adding regression
1827,HVoi2ms/Sp1cs,2,2Sam,22,49,4,no,mapping gap,review parser mapping before adding regression
1828,HVhj2fs,2,1Kgs,2,16,8,no,mapping gap,review parser mapping before adding regression
1829,HR/Ncmsa/Sd,2,1Kgs,6,15,5,no,mapping gap,review parser mapping before adding regression
1830,HVHsmsc,2,1Kgs,7,16,8,no,mapping gap,review parser mapping before adding regression
1831,HVli3mp/Sp2ms,2,1Kgs,8,27,12,no,mapping gap,review parser mapping before adding regression
1832,HVqj3ms/Sp1cp,2,1Kgs,8,57,10,no,mapping gap,review parser mapping before adding regression
1833,HC/Vprfpa,2,1Kgs,11,8,7,no,mapping gap,review parser mapping before adding regression
1834,HC/To/Sp2ms,2,1Kgs,11,37,1,no,mapping gap,review parser mapping before adding regression
1835,HC/Vpp3ms/Sp3mp,2,1Kgs,14,15,19,no,mapping gap,review parser mapping before adding regression
1836,HR/Vlc/Sp2ms,2,1Kgs,17,4,7,no,mapping gap,review parser mapping before adding regression
1837,HC/Vqp1cs/Sp3ms,2,1Kgs,17,12,23,no,mapping gap,review parser mapping before adding regression
1838,HVqj3mp/Sn,2,1Kgs,19,2,8,no,mapping gap,review parser mapping before adding regression
1839,HR/Ncmdc/Sp1cp,2,1Kgs,20,31,18,no,mapping gap,review parser mapping before adding regression
1840,HC/Tn/Sp2ms,2,1Kgs,21,5,11,no,mapping gap,review parser mapping before adding regression
1841,HC/Td/Vqrfpa,2,1Kgs,22,38,11,no,mapping gap,review parser mapping before adding regression
1842,HAcbpc/Sp2ms,2,2Kgs,1,10,18,no,mapping gap,review parser mapping before adding regression
1843,HAcbpc/Sp3ms,2,2Kgs,1,10,26,no,mapping gap,review parser mapping before adding regression
1844,HC/Vprfsa,2,2Kgs,2,21,20,no,mapping gap,review parser mapping before adding regression
1845,HRd/Ngfsa,2,2Kgs,4,12,6,no,mapping gap,review parser mapping before adding regression
1846,HVHj3ms,2,2Kgs,5,17,4,no,mapping gap,review parser mapping before adding regression
1847,HVpi3mp/Sp1cp,2,2Kgs,7,4,20,no,mapping gap,review parser mapping before adding regression
1848,HVhi3mp/Sp1cp,2,2Kgs,7,4,23,no,mapping gap,review parser mapping before adding regression
1849,HTd/Ncmsc,2,2Kgs,16,14,2,no,mapping gap,review parser mapping before adding regression
1850,HC/Vhp3ms/Sp3mp,2,2Kgs,17,21,19,no,mapping gap,review parser mapping before adding regression
1851,HR/R/Ncmpc,2,2Kgs,19,25,6,no,mapping gap,review parser mapping before adding regression
1852,HC/Aamsc/Sp2ms,2,2Kgs,19,28,4,no,mapping gap,review parser mapping before adding regression
1853,HVvrmsa,2,2Kgs,19,37,3,no,mapping gap,review parser mapping before adding regression
1854,HTj/Sp3ms,2,1Chr,11,25,3,no,mapping gap,review parser mapping before adding regression
1855,HC/Vpv2ms/Sp1cp,2,1Chr,16,35,5,no,mapping gap,review parser mapping before adding regression
1856,HR/Vhrmpa,2,1Chr,16,42,6,no,mapping gap,review parser mapping before adding regression
1857,HTd/Vhp3ms,2,1Chr,26,28,2,no,mapping gap,review parser mapping before adding regression
1858,HC/Td/Vtrmsa,2,1Chr,29,11,15,no,mapping gap,review parser mapping before adding regression
1859,HC/R/Ncbdc/Sp3ms,2,2Chr,6,4,12,no,mapping gap,review parser mapping before adding regression
1860,HC/Ncfdc/Sp1cs,2,2Chr,7,15,5,no,mapping gap,review parser mapping before adding regression
1861,HC/Vqw2ms/Sp3fs,2,2Chr,20,7,12,no,mapping gap,review parser mapping before adding regression
1862,HR/Vtc/Sp2ms,2,2Chr,20,37,9,no,mapping gap,review parser mapping before adding regression
1863,HC/Vhi3mp/Sp3ms,2,2Chr,24,11,25,no,mapping gap,review parser mapping before adding regression
1864,HC/Vqp3ms/Sp2ms,2,2Chr,25,19,6,no,mapping gap,review parser mapping before adding regression
1865,HC/Vtrmpa,2,2Chr,30,22,19,no,mapping gap,review parser mapping before adding regression
1866,HC/VNc,2,2Chr,33,19,2,no,mapping gap,review parser mapping before adding regression
1867,HC/R/Vhc/Sp3mp,2,2Chr,34,14,1,no,mapping gap,review parser mapping before adding regression
1868,HVhv2mp/Sp1cs,2,2Chr,35,23,8,no,mapping gap,review parser mapping before adding regression
1869,HC/Vorfpa,2,Ezra,2,65,13,no,mapping gap,review parser mapping before adding regression
1870,AC/Aafsd/Td,2,Ezra,4,12,15,no,mapping gap,review parser mapping before adding regression
1871,AVai3mp,2,Ezra,4,12,23,no,mapping gap,review parser mapping before adding regression
1872,AVti3mp,2,Ezra,4,13,11,no,mapping gap,review parser mapping before adding regression
1873,AC/Vqi2ms,2,Ezra,4,15,10,no,mapping gap,review parser mapping before adding regression
1874,AVqp2mp,2,Ezra,4,18,3,no,mapping gap,review parser mapping before adding regression
1875,AC/Aampa,2,Ezra,4,20,6,no,mapping gap,review parser mapping before adding regression
1876,ATo/Sp3mp,2,Ezra,5,2,21,no,mapping gap,review parser mapping before adding regression
1877,AR/Vec,2,Ezra,5,3,24,no,mapping gap,review parser mapping before adding regression
1878,APi,2,Ezra,5,4,5,no,mapping gap,review parser mapping before adding regression
1879,AVpp3mp,2,Ezra,5,5,8,no,mapping gap,review parser mapping before adding regression
1880,AR/Vhc/Sp2ms,2,Ezra,5,10,5,no,mapping gap,review parser mapping before adding regression
1881,AR/Ncmpc/Sp3mp,2,Ezra,5,10,11,no,mapping gap,review parser mapping before adding regression
1882,AC/VQp3mp,2,Ezra,5,14,29,no,mapping gap,review parser mapping before adding regression
1883,AC/Pfxcs,2,Ezra,6,9,1,no,mapping gap,review parser mapping before adding regression
1884,AC/Vep3ms,2,Ezra,6,15,1,no,mapping gap,review parser mapping before adding regression
1885,AAobsa,2,Ezra,6,15,6,no,mapping gap,review parser mapping before adding regression
1886,AR/Ncfpc/Sp3mp,2,Ezra,6,18,3,no,mapping gap,review parser mapping before adding regression
1887,AC/R/Vhc,2,Ezra,7,15,1,no,mapping gap,review parser mapping before adding regression
1888,AVMp3mp,2,Ezra,7,15,7,no,mapping gap,review parser mapping before adding regression
1889,AVhi2ms,2,Ezra,7,16,5,no,mapping gap,review parser mapping before adding regression
1890,APfxcs,2,Ezra,7,18,2,no,mapping gap,review parser mapping before adding regression
1891,AVhi2mp,2,Ezra,7,25,26,no,mapping gap,review parser mapping before adding regression
1892,AC/R/Ncmpa,2,Ezra,7,26,25,no,mapping gap,review parser mapping before adding regression
1893,HTd/Vhp3cp,2,Ezra,8,25,13,no,mapping gap,review parser mapping before adding regression
1894,HVmsmsa,2,Ezra,9,3,14,no,mapping gap,review parser mapping before adding regression
1895,HVpp3cp/Sp3fs,2,Ezra,9,11,20,no,mapping gap,review parser mapping before adding regression
1896,HC/R/Td/Ncmpa,2,Ezra,10,9,23,no,mapping gap,review parser mapping before adding regression
1897,HTi/Vpi3mp,2,Neh,3,34,14,no,mapping gap,review parser mapping before adding regression
1898,HC/Vvrmpa,2,Neh,9,3,13,no,mapping gap,review parser mapping before adding regression
1899,HC/Vhi3mp/Sp3mp,2,Neh,9,27,18,no,mapping gap,review parser mapping before adding regression
1900,HC/D/Sp3ms,2,Job,2,3,21,no,mapping gap,review parser mapping before adding regression
1901,HVqj3ms/Sp3ms,2,Job,3,4,6,no,mapping gap,review parser mapping before adding regression
1902,HVoc,2,Job,3,8,5,no,mapping gap,review parser mapping before adding regression
1903,HC/Vpi3ms/Sp1cs,2,Job,6,9,3,no,mapping gap,review parser mapping before adding regression
1904,HC/Vqw2ms/Sp3ms,2,Job,7,18,1,no,mapping gap,review parser mapping before adding regression
1905,HVpj3fs/Sp1cs,2,Job,9,34,6,no,mapping gap,review parser mapping before adding regression
1906,HVmi2ms/Sp1cs,2,Job,10,11,6,no,mapping gap,review parser mapping before adding regression
1907,HC/Vqi2ms/Sp1cs,2,Job,13,24,4,no,mapping gap,review parser mapping before adding regression
1908,HC/Vhi2ms/Sp1cs,2,Job,13,26,5,no,mapping gap,review parser mapping before adding regression
1909,HC/Vlw3ms/Sp1cs,2,Job,16,12,3,no,mapping gap,review parser mapping before adding regression
1910,HC/Vhi3fs/Sp3ms,2,Job,18,7,4,no,mapping gap,review parser mapping before adding regression
1911,HTi/R/Ncfsc/Sp2ms,2,Job,22,4,1,no,mapping gap,review parser mapping before adding regression
1912,HC/VHq3cp,2,Job,24,24,4,no,mapping gap,review parser mapping before adding regression
1913,HVmp3fs,2,Job,26,13,4,no,mapping gap,review parser mapping before adding regression
1914,HVQi3ms,2,Job,28,2,3,no,mapping gap,review parser mapping before adding regression
1915,HC/Vpw3fs/Sp1cs,2,Job,29,11,4,no,mapping gap,review parser mapping before adding regression
1916,HVfp3cp,2,Job,30,14,6,no,mapping gap,review parser mapping before adding regression
1917,HC/R/Acmsc,2,Job,32,3,1,no,mapping gap,review parser mapping before adding regression
1918,HVhp3fs/Sp1cs,2,Job,32,18,4,no,mapping gap,review parser mapping before adding regression
1919,HC/Voi2ms,2,Job,35,14,8,no,mapping gap,review parser mapping before adding regression
1920,HC/Vrv2ms,2,Job,37,14,5,no,mapping gap,review parser mapping before adding regression
1921,HC/Vri3ms,2,Job,39,28,3,no,mapping gap,review parser mapping before adding regression
1922,HTi/Vhi3ms,2,Job,40,27,1,no,mapping gap,review parser mapping before adding regression
1923,HVvi1cs,2,Ps,5,8,6,no,mapping gap,review parser mapping before adding regression
1924,HTd/Aobsa,2,Ps,6,1,4,no,mapping gap,review parser mapping before adding regression
1925,HC/Vprmpc/Sp1cs,2,Ps,18,41,5,no,mapping gap,review parser mapping before adding regression
1926,HC/Vqrmsc/Sp1cs,2,Ps,19,15,10,no,mapping gap,review parser mapping before adding regression
1927,HC/Vpw2ms/Sp3mp,2,Ps,22,5,5,no,mapping gap,review parser mapping before adding regression
1928,HC/Vmh1cs,2,Ps,26,6,4,no,mapping gap,review parser mapping before adding regression
1929,HR/VPsmpc/Sp1cs,2,Ps,31,12,8,no,mapping gap,review parser mapping before adding regression
1930,HC/Aampc/Sp1cs,2,Ps,38,12,6,no,mapping gap,review parser mapping before adding regression
1931,HVri3fs,2,Ps,42,7,4,no,mapping gap,review parser mapping before adding regression
1932,HC/Vprmpc/Sp1cp,2,Ps,44,8,4,no,mapping gap,review parser mapping before adding regression
1933,HC/Vhw2ms/Sp1cp,2,Ps,44,10,3,no,mapping gap,review parser mapping before adding regression
1934,HVhi2ms/Sp1cp,2,Ps,44,11,1,no,mapping gap,review parser mapping before adding regression
1935,HNcfsc/Sh,2,Ps,44,27,2,no,mapping gap,review parser mapping before adding regression
1936,HR/Aafpc,2,Ps,63,10,6,no,mapping gap,review parser mapping before adding regression
1937,HRd/Vqc,2,Ps,66,9,6,no,mapping gap,review parser mapping before adding regression
1938,HVQp3fs,2,Ps,73,2,7,no,mapping gap,review parser mapping before adding regression
1939,HVhi3fs/Sp2ms,2,Ps,76,11,4,no,mapping gap,review parser mapping before adding regression
1940,HTi/R/Ncmpa,2,Ps,77,8,1,no,mapping gap,review parser mapping before adding regression
1941,HVmp3cp,2,Ps,77,18,1,no,mapping gap,review parser mapping before adding regression
1942,HR/VNrfpc/Sp3ms,2,Ps,78,32,7,no,mapping gap,review parser mapping before adding regression
1943,HVov2ms/Sh,2,Ps,80,3,5,no,mapping gap,review parser mapping before adding regression
1944,HVPsmpc/Sp1cs,2,Ps,88,9,2,no,mapping gap,review parser mapping before adding regression
1945,HVpv2ms/Sp1cp,2,Ps,90,14,1,no,mapping gap,review parser mapping before adding regression
1946,HC/Vvv2mp,2,Ps,99,5,4,no,mapping gap,review parser mapping before adding regression
1947,HVmrmsc,2,Ps,101,5,1,no,mapping gap,review parser mapping before adding regression
1948,HTd/Vhrmsc,2,Ps,113,5,4,no,mapping gap,review parser mapping before adding regression
1949,HR/Sd,2,Ps,116,14,4,no,mapping gap,review parser mapping before adding regression
1950,HVorfsa,2,Ps,118,16,3,no,mapping gap,review parser mapping before adding regression
1951,HC/Vth1cs,2,Ps,119,45,1,no,mapping gap,review parser mapping before adding regression
1952,HC/Vop1cs,2,Ps,131,2,4,no,mapping gap,review parser mapping before adding regression
1953,HTr/Vqrmsa,2,Ps,133,2,10,no,mapping gap,review parser mapping before adding regression
1954,HC/Vqc/Sp1cs,2,Ps,139,2,4,no,mapping gap,review parser mapping before adding regression
1955,HVoi1cs,2,Ps,143,5,9,no,mapping gap,review parser mapping before adding regression
1956,HTr/Ncmsc,2,Ps,146,5,2,no,mapping gap,review parser mapping before adding regression
1957,HC/Vkq3ms,2,Prov,1,33,5,no,mapping gap,review parser mapping before adding regression
1958,HC/Vqi3fs/Sp2ms,2,Prov,4,6,3,no,mapping gap,review parser mapping before adding regression
1959,HRd/Vhrmsa,2,Prov,8,9,3,no,mapping gap,review parser mapping before adding regression
1960,HR/VNrmsa,2,Prov,14,6,6,no,mapping gap,review parser mapping before adding regression
1961,HC/R/R/Sp3ms,2,Prov,14,14,5,no,mapping gap,review parser mapping before adding regression
1962,HR/Vtrmpa,2,Prov,18,8,3,no,mapping gap,review parser mapping before adding regression
1963,HVQsfsa,2,Prov,25,19,4,no,mapping gap,review parser mapping before adding regression
1964,HC/Ncmdc/Sp3ms,2,Prov,30,13,5,no,mapping gap,review parser mapping before adding regression
1965,HTr/Td/Ncmpa,2,Eccl,1,7,11,no,mapping gap,review parser mapping before adding regression
1966,HTr/VNp3ms,2,Eccl,1,9,6,no,mapping gap,review parser mapping before adding regression
1967,HRd/Aompa,2,Eccl,1,11,3,no,mapping gap,review parser mapping before adding regression
1968,HTr/Pp1cs,2,Eccl,2,18,6,no,mapping gap,review parser mapping before adding regression
1969,HTr/Pp3mp,2,Eccl,3,18,11,no,mapping gap,review parser mapping before adding regression
1970,HR/Tr/Vqp3ms,2,Eccl,5,14,8,no,mapping gap,review parser mapping before adding regression
1971,HVri2ms,2,Eccl,7,16,9,no,mapping gap,review parser mapping before adding regression
1972,HTr/Ncmsc/Sp2fs,2,Eccl,10,16,4,no,mapping gap,review parser mapping before adding regression
1973,HTr/R/Sp1cs,2,Song,1,6,16,no,mapping gap,review parser mapping before adding regression
1974,HTr/Ncmsc/Sp3mp,2,Song,4,2,7,no,mapping gap,review parser mapping before adding regression
1975,HRd/VNrfpa,2,Song,6,4,8,no,mapping gap,review parser mapping before adding regression
1976,HC/Ncmdc/Sp2fs,2,Song,7,8,5,no,mapping gap,review parser mapping before adding regression
1977,HVHi2mp,2,Isa,1,5,3,no,mapping gap,review parser mapping before adding regression
1978,HC/Vqrmpc/Sp2fs,2,Isa,1,26,4,no,mapping gap,review parser mapping before adding regression
1979,HC/Vmrmpa,2,Isa,2,6,9,no,mapping gap,review parser mapping before adding regression
1980,HC/R/Ncfdc/Sp3ms,2,Isa,6,10,12,no,mapping gap,review parser mapping before adding regression
1981,HC/Vhi1cp/Sp3fs,2,Isa,7,6,3,no,mapping gap,review parser mapping before adding regression
1982,HC/Vlq3ms,2,Isa,11,8,1,no,mapping gap,review parser mapping before adding regression
1983,HTi/Sp3mp,2,Isa,19,12,1,no,mapping gap,review parser mapping before adding regression
1984,HVpp1cp/Sp2ms,2,Isa,26,8,5,no,mapping gap,review parser mapping before adding regression
1985,HVPi2mp,2,Isa,27,12,12,no,mapping gap,review parser mapping before adding regression
1986,HC/Td/VNsmpa,2,Isa,27,13,11,no,mapping gap,review parser mapping before adding regression
1987,HVrj2mp,2,Isa,28,22,3,no,mapping gap,review parser mapping before adding regression
1988,HVfv2mp,2,Isa,29,9,1,no,mapping gap,review parser mapping before adding regression
1989,HVprfsc,2,Isa,40,9,6,no,mapping gap,review parser mapping before adding regression
1990,HVqi2mp/Sp3fs,2,Isa,43,19,7,no,mapping gap,review parser mapping before adding regression
1991,HC/R/R/Sp1cs,2,Isa,44,6,13,no,mapping gap,review parser mapping before adding regression
1992,HC/Vhi3ms/Sp3fs,2,Isa,44,7,4,no,mapping gap,review parser mapping before adding regression
1993,HC/Vqi3ms/Sp3ms,2,Isa,46,6,9,no,mapping gap,review parser mapping before adding regression
1994,HR/Vprmsc,2,Isa,49,7,9,no,mapping gap,review parser mapping before adding regression
1995,HR/Vqsmpa,2,Isa,49,9,2,no,mapping gap,review parser mapping before adding regression
1996,HR/Ncfdc/Sp2fs,2,Isa,49,20,3,no,mapping gap,review parser mapping before adding regression
1997,HVhrmpc/Sp2fs,2,Isa,49,26,3,no,mapping gap,review parser mapping before adding regression
1998,HTi/Vqp3fs,2,Isa,51,10,9,no,mapping gap,review parser mapping before adding regression
1999,HVhi3mp/Sp2fs,2,Isa,57,12,7,no,mapping gap,review parser mapping before adding regression
2000,HTi/R/Pdxms,2,Isa,58,5,1,no,mapping gap,review parser mapping before adding regression
2001,HVma,2,Isa,59,13,10,no,mapping gap,review parser mapping before adding regression
2002,HVop3fs,2,Isa,59,19,16,no,mapping gap,review parser mapping before adding regression
2003,HVpi3fs/Sp2fs,2,Isa,60,6,3,no,mapping gap,review parser mapping before adding regression
2004,HVpi3mp/Sp2fs,2,Isa,60,7,8,no,mapping gap,review parser mapping before adding regression
2005,HC/Ncbsc/Sp2fs,2,Isa,62,4,22,no,mapping gap,review parser mapping before adding regression
2006,HR/Vqrmpc/Sp2fs,2,Isa,62,8,12,no,mapping gap,review parser mapping before adding regression
2007,HC/Vqw2ms/Sp1cp,2,Isa,64,6,11,no,mapping gap,review parser mapping before adding regression
2008,HVqp2fs/Sp3mp,2,Jer,2,34,10,no,mapping gap,review parser mapping before adding regression
2009,HC/Ncbdc/Sp2fs,2,Jer,2,37,5,no,mapping gap,review parser mapping before adding regression
2010,HVti2fs,2,Jer,4,30,18,no,mapping gap,review parser mapping before adding regression
2011,HVpc/Sp2mp,2,Jer,5,14,8,no,mapping gap,review parser mapping before adding regression
2012,HC/Vqq3fs/Sp3mp,2,Jer,5,14,20,no,mapping gap,review parser mapping before adding regression
2013,HTi/To/Sp1cs,2,Jer,5,22,1,no,mapping gap,review parser mapping before adding regression
2014,HR/Aamsc/Sp3mp,2,Jer,6,13,2,no,mapping gap,review parser mapping before adding regression
2015,HVrv2mp,2,Jer,9,16,5,no,mapping gap,review parser mapping before adding regression
2016,HC/Vqp3cp/Sp3ms,2,Jer,10,25,18,no,mapping gap,review parser mapping before adding regression
2017,HC/Vhw1cs/Sp2fs,2,Jer,15,6,12,no,mapping gap,review parser mapping before adding regression
2018,HC/Vrq3cp,2,Jer,25,16,2,no,mapping gap,review parser mapping before adding regression
2019,HVqp3cp/Sp2fs,2,Jer,30,14,3,no,mapping gap,review parser mapping before adding regression
2020,HC/R/Ncfpc/Sp2fs,2,Jer,30,17,5,no,mapping gap,review parser mapping before adding regression
2021,HVNc/Sp1cs,2,Jer,31,19,6,no,mapping gap,review parser mapping before adding regression
2022,HC/R/Ncbdc/Sp2mp,2,Jer,44,25,12,no,mapping gap,review parser mapping before adding regression
2023,HC/R/Ncmpc/Sp2fs,2,Jer,48,7,5,no,mapping gap,review parser mapping before adding regression
2024,HC/Vpq3cp/Sp3ms,2,Jer,48,12,10,no,mapping gap,review parser mapping before adding regression
2025,HVhp3cp/Sp3fs,2,Lam,1,3,14,no,mapping gap,review parser mapping before adding regression
2026,HVti3fp,2,Lam,4,1,7,no,mapping gap,review parser mapping before adding regression
2027,HNcfpc/Sp3fp,2,Ezek,1,11,12,no,mapping gap,review parser mapping before adding regression
2028,HNcfdc/Sp3fp,2,Ezek,1,24,17,no,mapping gap,review parser mapping before adding regression
2029,HVqsmsc/Sp1cs,2,Ezek,7,22,6,no,mapping gap,review parser mapping before adding regression
2030,HR/Sp2fp,2,Ezek,13,18,25,no,mapping gap,review parser mapping before adding regression
2031,HR/Vqrfpa,2,Ezek,13,20,15,no,mapping gap,review parser mapping before adding regression
2032,HC/R/Td/Ncmsa,2,Ezek,14,7,6,no,mapping gap,review parser mapping before adding regression
2033,HC/Vhq3cp/Sp2fs,2,Ezek,16,39,14,no,mapping gap,review parser mapping before adding regression
2034,HNcfsc/Sp2fp,2,Ezek,16,45,14,no,mapping gap,review parser mapping before adding regression
2035,HR/Ncbpc/Sp3fp,2,Ezek,16,47,2,no,mapping gap,review parser mapping before adding regression
2036,HR/Vpc/Sp2fs,2,Ezek,16,52,19,no,mapping gap,review parser mapping before adding regression
2037,HR/Ncfsc/Sp3fp,2,Ezek,16,55,5,no,mapping gap,review parser mapping before adding regression
2038,HR/Ncfsc/Sp2fp,2,Ezek,16,55,13,no,mapping gap,review parser mapping before adding regression
2039,HC/Vqw3fs/Sh,2,Ezek,23,16,2,no,mapping gap,review parser mapping before adding regression
2040,HC/Vqq3cp/Sp2fs,2,Ezek,23,24,17,no,mapping gap,review parser mapping before adding regression
2041,HC/Ncbpc/Sp2fs,2,Ezek,26,9,5,no,mapping gap,review parser mapping before adding regression
2042,HC/Tn/Sp2fs,2,Ezek,26,21,3,no,mapping gap,review parser mapping before adding regression
2043,HNp/Sp1cs,2,Ezek,29,3,20,no,mapping gap,review parser mapping before adding regression
2044,HR/Voc/Sp1cs,2,Ezek,32,10,9,no,mapping gap,review parser mapping before adding regression
2045,HVoi3fp,2,Ezek,32,16,6,no,mapping gap,review parser mapping before adding regression
2046,HC/Ncbdc/Sp2mp,2,Ezek,33,25,11,no,mapping gap,review parser mapping before adding regression
2047,HC/Rd/VNsfsa,2,Ezek,34,4,9,no,mapping gap,review parser mapping before adding regression
2048,HC/Voq1cs/Sp2ms,2,Ezek,38,4,1,no,mapping gap,review parser mapping before adding regression
2049,HR/Td/Aafpa,2,Ezek,42,5,8,no,mapping gap,review parser mapping before adding regression
2050,HC/R/Td/Aafpa,2,Ezek,42,5,9,no,mapping gap,review parser mapping before adding regression
2051,AVui2mp,2,Dan,2,5,15,no,mapping gap,review parser mapping before adding regression
2052,AVhi1cp,2,Dan,2,7,9,no,mapping gap,review parser mapping before adding regression
2053,ANgmpc/Sp1cs,2,Dan,2,10,3,no,mapping gap,review parser mapping before adding regression
2054,AR/Pdxms,2,Dan,2,10,25,no,mapping gap,review parser mapping before adding regression
2055,AR/Vuc,2,Dan,2,25,3,no,mapping gap,review parser mapping before adding regression
2056,AVhp1cs,2,Dan,2,25,12,no,mapping gap,review parser mapping before adding regression
2057,ATi/Ta/Sp2ms,2,Dan,2,26,8,no,mapping gap,review parser mapping before adding regression
2058,AC/Vqrmsc,2,Dan,2,29,12,no,mapping gap,review parser mapping before adding regression
2059,AC/Pp1cs,2,Dan,2,30,1,no,mapping gap,review parser mapping before adding regression
2060,AR/Ncfda,2,Dan,2,34,9,no,mapping gap,review parser mapping before adding regression
2061,AC/Vhp3fs,2,Dan,2,34,17,no,mapping gap,review parser mapping before adding regression
2062,AR/Ncmsc/Sp3mp,2,Dan,2,38,14,no,mapping gap,review parser mapping before adding regression
2063,AC/R/Ncmsd/Td,2,Dan,2,40,14,no,mapping gap,review parser mapping before adding regression
2064,AVhi3fs,2,Dan,2,40,19,no,mapping gap,review parser mapping before adding regression
2065,AC/Vqi3fs,2,Dan,2,40,20,no,mapping gap,review parser mapping before adding regression
2066,AC/R/Sp3fs,2,Dan,2,42,14,no,mapping gap,review parser mapping before adding regression
2067,AVMsmpa,2,Dan,2,43,8,no,mapping gap,review parser mapping before adding regression
2068,ATm,2,Dan,2,43,18,no,mapping gap,review parser mapping before adding regression
2069,AC/Pp3fs,2,Dan,2,44,23,no,mapping gap,review parser mapping before adding regression
2070,AC/Vqi2mp,2,Dan,3,5,16,no,mapping gap,review parser mapping before adding regression
2071,APf3cs,2,Dan,3,11,2,no,mapping gap,review parser mapping before adding regression
2072,AVHp3mp,2,Dan,3,13,14,no,mapping gap,review parser mapping before adding regression
2073,ATa/Sp2mp,2,Dan,3,14,12,no,mapping gap,review parser mapping before adding regression
2074,ATa/Sp1cp,2,Dan,3,18,11,no,mapping gap,review parser mapping before adding regression
2075,AVPp3ms,2,Dan,3,19,7,no,mapping gap,review parser mapping before adding regression
2076,AVarfsa,2,Dan,3,22,8,no,mapping gap,review parser mapping before adding regression
2077,AVQsmpa,2,Dan,3,25,8,no,mapping gap,review parser mapping before adding regression
2078,AVarmpa,2,Dan,3,25,9,no,mapping gap,review parser mapping before adding regression
2079,AC/R/Ncmpc/Sp3ms,2,Dan,4,9,12,no,mapping gap,review parser mapping before adding regression
2080,AC/Vpv2mp,2,Dan,4,11,7,no,mapping gap,review parser mapping before adding regression
2081,AR/Vqrmpc/Sp2ms,2,Dan,4,16,25,no,mapping gap,review parser mapping before adding regression
2082,AC/R/Prxcs,2,Dan,4,22,30,no,mapping gap,review parser mapping before adding regression
2083,APrxcs,2,Dan,4,22,31,no,mapping gap,review parser mapping before adding regression
2084,AAcmsc,2,Dan,4,26,3,no,mapping gap,review parser mapping before adding regression
2085,AC/To/Aamsd/Td,2,Dan,4,31,11,no,mapping gap,review parser mapping before adding regression
2086,AVpp1cs,2,Dan,4,31,13,no,mapping gap,review parser mapping before adding regression
2087,AC/R/Vqc/Sp3ms,2,Dan,4,32,7,no,mapping gap,review parser mapping before adding regression
2088,AC/Ncmpc/Sp2ms,2,Dan,5,10,19,no,mapping gap,review parser mapping before adding regression
2089,AVMi3mp,2,Dan,5,10,21,no,mapping gap,review parser mapping before adding regression
2090,AVHp3ms,2,Dan,5,13,3,no,mapping gap,review parser mapping before adding regression
2091,AVqi1cs,2,Dan,5,17,15,no,mapping gap,review parser mapping before adding regression
2092,AVarmsa,2,Dan,5,19,30,no,mapping gap,review parser mapping before adding regression
2093,AC/Acbpa,2,Dan,6,1,8,no,mapping gap,review parser mapping before adding regression
2094,AR/Vhc/Sp3ms,2,Dan,6,4,17,no,mapping gap,review parser mapping before adding regression
2095,ATo/Sp3ms,2,Dan,6,17,19,no,mapping gap,review parser mapping before adding regression
2096,AC/VHp3ms,2,Dan,6,24,11,no,mapping gap,review parser mapping before adding regression
2097,ANcfsc/Sp3fs,2,Dan,7,5,15,no,mapping gap,review parser mapping before adding regression
2098,AVqv2fs,2,Dan,7,5,19,no,mapping gap,review parser mapping before adding regression
2099,AC/Ncfda,2,Dan,7,7,15,no,mapping gap,review parser mapping before adding regression
2100,AR/Ncfpd/Td,2,Dan,7,7,23,no,mapping gap,review parser mapping before adding regression
2101,AVip3mp,2,Dan,7,8,15,no,mapping gap,review parser mapping before adding regression
2102,AAampc,2,Dan,7,18,3,no,mapping gap,review parser mapping before adding regression
2103,HR/Ncfdc/Sp3fs,2,Hos,4,19,4,no,mapping gap,review parser mapping before adding regression
2104,HC/Vqi3ms/Sp1cp,2,Hos,6,1,8,no,mapping gap,review parser mapping before adding regression
2105,HTd/Pdxmp,2,Joel,3,2,7,no,mapping gap,review parser mapping before adding regression
2106,HTi/Ta,2,Amos,2,11,6,no,mapping gap,review parser mapping before adding regression
2107,HVmi3ms/Sp1cs,2,Jonah,2,4,6,no,mapping gap,review parser mapping before adding regression
2108,HC/Vpp1cs/Sp2fs,2,Nah,1,12,11,no,mapping gap,review parser mapping before adding regression
2109,HC/Vqp1cs/Sp2fs,2,Nah,3,6,5,no,mapping gap,review parser mapping before adding regression
2110,HVqi3fs/Sp2fs,2,Nah,3,15,2,no,mapping gap,review parser mapping before adding regression
2111,HTd/Vvrmpa,2,Zeph,1,5,2,no,mapping gap,review parser mapping before adding regression
2112,HTi/Sp2ms,1,Gen,3,9,8,no,mapping gap,review parser mapping before adding regression
2113,HTd/Vtrfsa,1,Gen,3,24,13,no,mapping gap,review parser mapping before adding regression
2114,HC/Vprmsc/Sp2ms,1,Gen,12,3,3,no,mapping gap,review parser mapping before adding regression
2115,HC/To/Sp2fs,1,Gen,12,12,11,no,mapping gap,review parser mapping before adding regression
2116,HC/VQw3fs,1,Gen,12,15,9,no,mapping gap,review parser mapping before adding regression
2117,HC/Vpw3fs/Sp3fs,1,Gen,16,6,12,no,mapping gap,review parser mapping before adding regression
2118,HC/Vpq1cs/Sp3fs,1,Gen,17,16,8,no,mapping gap,review parser mapping before adding regression
2119,HTi/R/Ncfsc/Sp3fs,1,Gen,18,21,4,no,mapping gap,review parser mapping before adding regression
2120,HC/Vvi1cp,1,Gen,22,5,15,no,mapping gap,review parser mapping before adding regression
2121,HC/VQw3ms,1,Gen,24,33,1,no,mapping gap,review parser mapping before adding regression
2122,HC/Vvw1cs,1,Gen,24,48,2,no,mapping gap,review parser mapping before adding regression
2123,HTm/Sp2mp,1,Gen,24,49,3,no,mapping gap,review parser mapping before adding regression
2124,HTi/Vqi2fs,1,Gen,24,58,5,no,mapping gap,review parser mapping before adding regression
2125,HVhrfsc/Sp3fs,1,Gen,24,59,6,no,mapping gap,review parser mapping before adding regression
2126,HR/D/Sp3ms,1,Gen,25,6,12,no,mapping gap,review parser mapping before adding regression
2127,HC/Vpw1cp/Sp2ms,1,Gen,26,29,13,no,mapping gap,review parser mapping before adding regression
2128,HC/Vph1cs/Sp2ms,1,Gen,27,7,8,no,mapping gap,review parser mapping before adding regression
2129,HR/Vlrmsa,1,Gen,27,12,6,no,mapping gap,review parser mapping before adding regression
2130,HC/Vvj3ms,1,Gen,27,29,3,no,mapping gap,review parser mapping before adding regression
2131,HAcmdc/Sp2mp,1,Gen,27,45,17,no,mapping gap,review parser mapping before adding regression
2132,HC/Td/Vqsfpa,1,Gen,30,35,12,no,mapping gap,review parser mapping before adding regression
2133,HTd/VPsfpa,1,Gen,30,41,5,no,mapping gap,review parser mapping before adding regression
2134,HR/Vqsfpc,1,Gen,31,26,12,no,mapping gap,review parser mapping before adding regression
2135,HVth1cs,1,Gen,33,14,7,no,mapping gap,review parser mapping before adding regression
2136,HC/Vhp3cp/Sp1cs,1,Gen,34,30,19,no,mapping gap,review parser mapping before adding regression
2137,HTi/R/Vqrfsa,1,Gen,34,31,2,no,mapping gap,review parser mapping before adding regression
2138,HR/R/Acfsc,1,Gen,38,24,2,no,mapping gap,review parser mapping before adding regression
2139,HVPa,1,Gen,40,15,2,no,mapping gap,review parser mapping before adding regression
2140,HC/Vqsfpc,1,Gen,41,6,5,no,mapping gap,review parser mapping before adding regression
2141,HC/Ncmsc/Sp3fp,1,Gen,41,21,10,no,mapping gap,review parser mapping before adding regression
2142,HR/Vprmpa,1,Gen,42,30,9,no,mapping gap,review parser mapping before adding regression
2143,HVfp1cp,1,Gen,43,10,3,no,mapping gap,review parser mapping before adding regression
2144,HC/Vqh1cs/Sp3ms,1,Gen,45,28,9,no,mapping gap,review parser mapping before adding regression
2145,HC/Vlw3ms,1,Gen,47,12,1,no,mapping gap,review parser mapping before adding regression
2146,HR/Vpc/Sp2fp,1,Exod,1,16,2,no,mapping gap,review parser mapping before adding regression
2147,HTi/R/Vqc/Sp1cs,1,Exod,2,14,8,no,mapping gap,review parser mapping before adding regression
2148,HC/Vhw3ms/Sp3fp,1,Exod,2,17,6,no,mapping gap,review parser mapping before adding regression
2149,HVpp2fp,1,Exod,2,18,7,no,mapping gap,review parser mapping before adding regression
2150,HC/Vhp1cs/Sp2ms,1,Exod,4,12,7,no,mapping gap,review parser mapping before adding regression
2151,HTi/D/Sp3mp,1,Exod,4,18,17,no,mapping gap,review parser mapping before adding regression
2152,HC/Vqp2ms/Sp3mp,1,Exod,4,21,14,no,mapping gap,review parser mapping before adding regression
2153,HC/Vmq3cp,1,Exod,5,7,12,no,mapping gap,review parser mapping before adding regression
2154,HC/VHw3mp,1,Exod,5,14,1,no,mapping gap,review parser mapping before adding regression
2155,HC/D/Sp2ms,1,Exod,9,2,6,no,mapping gap,review parser mapping before adding regression
2156,HTd/D,1,Exod,10,7,18,no,mapping gap,review parser mapping before adding regression
2157,HC/R/Aampc/Sp1cp,1,Exod,10,9,4,no,mapping gap,review parser mapping before adding regression
2158,HC/R/Ncfpc/Sp1cp,1,Exod,10,9,7,no,mapping gap,review parser mapping before adding regression
2159,HC/R/Ncbsc/Sp1cp,1,Exod,10,9,9,no,mapping gap,review parser mapping before adding regression
2160,HR/Vfc,1,Exod,12,39,17,no,mapping gap,review parser mapping before adding regression
2161,HTi/R/Tn,1,Exod,14,11,4,no,mapping gap,review parser mapping before adding regression
2162,HC/Voi1cs/Sp3ms,1,Exod,15,2,12,no,mapping gap,review parser mapping before adding regression
2163,HC/Vpw2ms/Sp3fs,1,Exod,20,25,14,no,mapping gap,review parser mapping before adding regression
2164,HC/Rd/Aofsa,1,Exod,21,2,8,no,mapping gap,review parser mapping before adding regression
2165,HC/Vph1cs/Sp3mp,1,Exod,32,10,7,no,mapping gap,review parser mapping before adding regression
2166,HC/Vqp2ms/Sp1cp,1,Exod,34,9,20,no,mapping gap,review parser mapping before adding regression
2167,HC/Aobpc/Sp3ms,1,Lev,5,24,10,no,mapping gap,review parser mapping before adding regression
2168,HRd/Vtrmsa,1,Lev,14,4,4,no,mapping gap,review parser mapping before adding regression
2169,HC/Vtp3ms,1,Lev,16,21,11,no,mapping gap,review parser mapping before adding regression
2170,HVmi2mp,1,Lev,19,26,8,no,mapping gap,review parser mapping before adding regression
2171,HC/To/Sp3fp,1,Lev,20,14,13,no,mapping gap,review parser mapping before adding regression
2172,HC/R/Ncbsc/Sp2mp,1,Lev,22,24,8,no,mapping gap,review parser mapping before adding regression
2173,HR/Ncbsc/Sp2cp,1,Lev,26,1,14,no,mapping gap,review parser mapping before adding regression
2174,HC/Vhrfpa,1,Lev,26,16,15,no,mapping gap,review parser mapping before adding regression
2175,HR/VHc/Sp3fs,1,Lev,26,43,7,no,mapping gap,review parser mapping before adding regression
2176,HC/Td/Acbda,1,Num,3,46,5,no,mapping gap,review parser mapping before adding regression
2177,HVtc/Sp3ms,1,Num,6,19,21,no,mapping gap,review parser mapping before adding regression
2178,HR/Vqrmpc/Sp2mp,1,Num,10,9,16,no,mapping gap,review parser mapping before adding regression
2179,HAcmsc/Sp2mp,1,Num,12,4,11,no,mapping gap,review parser mapping before adding regression
2180,HTi/R/Ncbpa,1,Num,13,19,17,no,mapping gap,review parser mapping before adding regression
2181,HVqsmpc/Sp2mp,1,Num,14,29,6,no,mapping gap,review parser mapping before adding regression
2182,HR/Aofsa,1,Num,15,4,9,no,mapping gap,review parser mapping before adding regression
2183,HC/Vpi3mp/Sp2ms,1,Num,18,2,12,no,mapping gap,review parser mapping before adding regression
2184,HC/Vqsmsc/Sp3ms,1,Num,18,16,1,no,mapping gap,review parser mapping before adding regression
2185,HR/Vmrmsa,1,Num,21,18,7,no,mapping gap,review parser mapping before adding regression
2186,HC/Vrj3fs,1,Num,21,27,8,no,mapping gap,review parser mapping before adding regression
2187,HC/Vpq1cs/Sp3ms,1,Num,22,11,18,no,mapping gap,review parser mapping before adding regression
2188,HR/D/Sp2ms,1,Num,22,30,11,no,mapping gap,review parser mapping before adding regression
2189,HVqh1cs/Sp2ms,1,Num,23,27,7,no,mapping gap,review parser mapping before adding regression
2190,HC/Vlp3ms,1,Num,24,17,16,no,mapping gap,review parser mapping before adding regression
2191,HTi/Vpp2mp,1,Num,31,15,4,no,mapping gap,review parser mapping before adding regression
2192,HTi/Ncmpc/Sp2mp,1,Num,32,6,7,no,mapping gap,review parser mapping before adding regression
2193,HNcmsc/Sh,1,Num,34,5,4,no,mapping gap,review parser mapping before adding regression
2194,HC/Vhw1cp/Sp3ms,1,Deut,3,3,13,no,mapping gap,review parser mapping before adding regression
2195,HC/R/R/Ncbsc,1,Deut,4,32,17,no,mapping gap,review parser mapping before adding regression
2196,HTi/Vpp3ms,1,Deut,4,34,2,no,mapping gap,review parser mapping before adding regression
2197,HR/R/Ncmsc/Sp3ms,1,Deut,4,35,10,no,mapping gap,review parser mapping before adding regression
2198,HC/Aampc/Sp2mp,1,Deut,5,23,15,no,mapping gap,review parser mapping before adding regression
2199,HC/Vpw3ms/Sp2ms,1,Deut,8,3,1,no,mapping gap,review parser mapping before adding regression
2200,HC/Vhh1cs/Sp3mp,1,Deut,9,14,3,no,mapping gap,review parser mapping before adding regression
2201,HC/VHi1cp/Sp3mp,1,Deut,13,3,15,no,mapping gap,review parser mapping before adding regression
2202,HTi/Tm/Sp2mp,1,Deut,13,4,18,no,mapping gap,review parser mapping before adding regression
2203,HC/Td/Vqrmsc/Sp2ms,1,Deut,13,6,18,no,mapping gap,review parser mapping before adding regression
2204,HC/Vqi3mp/Sn,1,Deut,13,12,4,no,mapping gap,review parser mapping before adding regression
2205,HR/Aamsc/Sp2ms,1,Deut,15,11,17,no,mapping gap,review parser mapping before adding regression
2206,HC/Ncbdc/Sp1cp,1,Deut,21,7,10,no,mapping gap,review parser mapping before adding regression
2207,HC/Vpq2ms/Sp3fs,1,Deut,21,14,6,no,mapping gap,review parser mapping before adding regression
2208,HVpp2ms/Sp3fs,1,Deut,21,14,17,no,mapping gap,review parser mapping before adding regression
2209,HC/Vpw3mp/Sp1cp,1,Deut,26,6,4,no,mapping gap,review parser mapping before adding regression
2210,HC/Vhw1cp/Sp3mp,1,Deut,29,6,14,no,mapping gap,review parser mapping before adding regression
2211,HC/Vqw1cp/Sp3fs,1,Deut,29,7,4,no,mapping gap,review parser mapping before adding regression
2212,HC/Td/VNrfpa,1,Deut,29,28,4,no,mapping gap,review parser mapping before adding regression
2213,HVNsmsc/Sp2ms,1,Deut,30,4,3,no,mapping gap,review parser mapping before adding regression
2214,HC/Vqh1cp/Sp3fs,1,Deut,30,12,13,no,mapping gap,review parser mapping before adding regression
2215,HC/Vow3ms/Sp2ms,1,Deut,32,6,15,no,mapping gap,review parser mapping before adding regression
2216,HVoi3ms/Sp3ms,1,Deut,32,10,8,no,mapping gap,review parser mapping before adding regression
2217,HVormsc/Sp2ms,1,Deut,32,18,6,no,mapping gap,review parser mapping before adding regression
2218,HVhh1cs/Sp3mp,1,Deut,32,26,2,no,mapping gap,review parser mapping before adding regression
2219,HC/Vqi3mp/Sp2mp,1,Deut,32,38,9,no,mapping gap,review parser mapping before adding regression
2220,HC/R/Vprmpc/Sp1cs,1,Deut,32,41,11,no,mapping gap,review parser mapping before adding regression
2221,HVhi2mp/Sp3mp,1,Josh,2,5,16,no,mapping gap,review parser mapping before adding regression
2222,HVhp3fs/Sp3mp,1,Josh,2,6,2,no,mapping gap,review parser mapping before adding regression
2223,HTi/R/Sp1cp,1,Josh,5,13,20,no,mapping gap,review parser mapping before adding regression
2224,HC/R/Aamsc/Sp3ms,1,Josh,6,26,20,no,mapping gap,review parser mapping before adding regression
2225,HTd/Ncmsc/Sp1cs,1,Josh,7,21,23,no,mapping gap,review parser mapping before adding regression
2226,HC/Td/Ncmsc/Sp3ms,1,Josh,8,33,24,no,mapping gap,review parser mapping before adding regression
2227,HC/VPsfpa,1,Josh,9,5,3,no,mapping gap,review parser mapping before adding regression
2228,HTd/Vqp3cp,1,Josh,10,24,19,no,mapping gap,review parser mapping before adding regression
2229,HTi/Vqrmpa,1,Judg,2,22,6,no,mapping gap,review parser mapping before adding regression
2230,HVfc/Sp3mp,1,Judg,3,26,4,no,mapping gap,review parser mapping before adding regression
2231,HC/Vhh1cs/Sp2ms,1,Judg,4,22,12,no,mapping gap,review parser mapping before adding regression
2232,HTr/Pp2ms,1,Judg,6,17,11,no,mapping gap,review parser mapping before adding regression
2233,HTi/Pp2mp,1,Judg,6,31,7,no,mapping gap,review parser mapping before adding regression
2234,HTd/Vqsmpc,1,Judg,8,11,4,no,mapping gap,review parser mapping before adding regression
2235,HC/Vmw3mp,1,Judg,10,8,2,no,mapping gap,review parser mapping before adding regression
2236,HVhp2fs/Sp1cs,1,Judg,11,35,11,no,mapping gap,review parser mapping before adding regression
2237,HTd/VQsmsa,1,Judg,13,8,20,no,mapping gap,review parser mapping before adding regression
2238,HVpp1cs/Pp3fs,1,Judg,13,14,18,no,mapping gap,review parser mapping before adding regression
2239,HC/Vpp1cp/Sp2ms,1,Judg,13,17,12,no,mapping gap,review parser mapping before adding regression
2240,HTd/R/Vqc/Sp1cp,1,Judg,14,15,21,no,mapping gap,review parser mapping before adding regression
2241,HVqi1cp/Sp2ms,1,Judg,15,13,7,no,mapping gap,review parser mapping before adding regression
2242,HC/Vqp1cp/Sp2ms,1,Judg,15,13,8,no,mapping gap,review parser mapping before adding regression
2243,HC/R/Acfdc,1,Judg,16,3,13,no,mapping gap,review parser mapping before adding regression
2244,HTi/Vhi3fs,1,Judg,18,5,7,no,mapping gap,review parser mapping before adding regression
2245,HR/R/Np,1,Judg,20,1,9,no,mapping gap,review parser mapping before adding regression
2246,HC/Vhh1cp/Sp3mp,1,Judg,20,13,9,no,mapping gap,review parser mapping before adding regression
2247,HC/Vqq1cp/Sp3ms,1,Judg,20,32,12,no,mapping gap,review parser mapping before adding regression
2248,HC/Vmw3mp/Sp3ms,1,Judg,20,45,7,no,mapping gap,review parser mapping before adding regression
2249,HVqv2mp/Sp1cp,1,Judg,21,22,12,no,mapping gap,review parser mapping before adding regression
2250,HTd/Vorfpa,1,Judg,21,23,9,no,mapping gap,review parser mapping before adding regression
2251,HTd/Sp3fs,1,Judg,21,24,6,no,mapping gap,review parser mapping before adding regression
2252,HVNi2fp,1,Ruth,1,13,7,no,mapping gap,review parser mapping before adding regression
2253,HR/Vqrmsc/Sp1cp,1,Ruth,2,20,21,no,mapping gap,review parser mapping before adding regression
2254,HAabsa,1,Ruth,4,1,17,no,mapping gap,review parser mapping before adding regression
2255,HC/R/Vlc,1,Ruth,4,15,5,no,mapping gap,review parser mapping before adding regression
2256,HVqp3fs/Sp2fs,1,Ruth,4,15,11,no,mapping gap,review parser mapping before adding regression
2257,HC/Vpp3fs/Sp3fs,1,1Sam,1,6,1,no,mapping gap,review parser mapping before adding regression
2258,HVhc/Sp3fs,1,1Sam,1,6,6,no,mapping gap,review parser mapping before adding regression
2259,HVhi3fs/Sp3fs,1,1Sam,1,7,10,no,mapping gap,review parser mapping before adding regression
2260,HC/Sp2ms,1,1Sam,2,2,6,no,mapping gap,review parser mapping before adding regression
2261,HVpi1cp/Sp3ms,1,1Sam,6,2,12,no,mapping gap,review parser mapping before adding regression
2262,HC/Vti1cs,1,1Sam,7,5,8,no,mapping gap,review parser mapping before adding regression
2263,HC/Vhj3ms/Sp1cp,1,1Sam,7,8,13,no,mapping gap,review parser mapping before adding regression
2264,HC/R/Vqrfpa,1,1Sam,8,13,6,no,mapping gap,review parser mapping before adding regression
2265,HC/Td/R/Sp3fs,1,1Sam,9,24,5,no,mapping gap,review parser mapping before adding regression
2266,HC/R/Acbpc/Sp2mp,1,1Sam,10,19,24,no,mapping gap,review parser mapping before adding regression
2267,HC/R/Td/Ncbpa,1,1Sam,13,21,8,no,mapping gap,review parser mapping before adding regression
2268,HC/Vvi1cs,1,1Sam,15,25,8,no,mapping gap,review parser mapping before adding regression
2269,HC/Vvp1cs,1,1Sam,15,30,13,no,mapping gap,review parser mapping before adding regression
2270,HVhi1cs/Sp2mp,1,1Sam,16,3,5,no,mapping gap,review parser mapping before adding regression
2271,HTd/Pp3fp,1,1Sam,17,28,21,no,mapping gap,review parser mapping before adding regression
2272,HC/Vow3ms/Sp3ms,1,1Sam,17,51,11,no,mapping gap,review parser mapping before adding regression
2273,HTi/VNrfsa,1,1Sam,18,23,11,no,mapping gap,review parser mapping before adding regression
2274,HVpv2fs/Sp1cs,1,1Sam,19,17,19,no,mapping gap,review parser mapping before adding regression
2275,HVNrfsc,1,1Sam,20,30,8,no,mapping gap,review parser mapping before adding regression
2276,HNgmpc,1,1Sam,22,7,8,no,mapping gap,review parser mapping before adding regression
2277,HTi/Vhi3mp/Sp1cs,1,1Sam,23,11,1,no,mapping gap,review parser mapping before adding regression
2278,HTi/Vhi3mp,1,1Sam,23,12,3,no,mapping gap,review parser mapping before adding regression
2279,HC/Vqv2ms/Sd,1,1Sam,23,27,7,no,mapping gap,review parser mapping before adding regression
2280,HVHp1cp,1,1Sam,25,15,6,no,mapping gap,review parser mapping before adding regression
2281,HC/Vpj3fs,1,1Sam,25,24,9,no,mapping gap,review parser mapping before adding regression
2282,HAcfdc/Sp3fp,1,1Sam,25,43,8,no,mapping gap,review parser mapping before adding regression
2283,HVhh1cs/Sp3ms,1,1Sam,26,8,12,no,mapping gap,review parser mapping before adding regression
2284,HC/Vqw1cs/Sd,1,1Sam,28,15,28,no,mapping gap,review parser mapping before adding regression
2285,HTi/Vhi1cs/Sp3ms,1,1Sam,30,8,9,no,mapping gap,review parser mapping before adding regression
2286,HTi/Vhi2ms/Sp1cs,1,1Sam,30,15,4,no,mapping gap,review parser mapping before adding regression
2287,HC/Vqp3cp/Sp1cs,1,1Sam,31,4,13,no,mapping gap,review parser mapping before adding regression
2288,HC/Vow1cs/Sp3ms,1,2Sam,1,10,3,no,mapping gap,review parser mapping before adding regression
2289,HTd/Vhrmsc/Sp2mp,1,2Sam,1,24,6,no,mapping gap,review parser mapping before adding regression
2290,HC/Vhw1cs/Sd,1,2Sam,7,9,6,no,mapping gap,review parser mapping before adding regression
2291,HC/R/Vpc/Sp3fs,1,2Sam,10,3,22,no,mapping gap,review parser mapping before adding regression
2292,HR/Pp3fs,1,2Sam,12,8,20,no,mapping gap,review parser mapping before adding regression
2293,HC/Vhj3fs/Sp1cs,1,2Sam,13,5,17,no,mapping gap,review parser mapping before adding regression
2294,HVpj2ms/Sp1cs,1,2Sam,13,12,6,no,mapping gap,review parser mapping before adding regression
2295,HC/Vhp2fs/Sp3ms,1,2Sam,14,10,5,no,mapping gap,review parser mapping before adding regression
2296,HVpj3fs,1,2Sam,14,12,3,no,mapping gap,review parser mapping before adding regression
2297,HVNrmsc/Sp3ms,1,2Sam,14,13,18,no,mapping gap,review parser mapping before adding regression
2298,HC/Vhq3ms/Sp1cp,1,2Sam,15,14,21,no,mapping gap,review parser mapping before adding regression
2299,HVfrmsa,1,2Sam,15,28,3,no,mapping gap,review parser mapping before adding regression
2300,HC/Ti/Tn,1,2Sam,15,35,1,no,mapping gap,review parser mapping before adding regression
2301,HC/R/Td/Ncbsa,1,2Sam,16,2,14,no,mapping gap,review parser mapping before adding regression
2302,HVvp1cs,1,2Sam,16,4,12,no,mapping gap,review parser mapping before adding regression
2303,HR/R/C,1,2Sam,17,14,19,no,mapping gap,review parser mapping before adding regression
2304,HR/VNsmpa,1,2Sam,19,4,10,no,mapping gap,review parser mapping before adding regression
2305,HC/Vlw3ms/Sp3mp,1,2Sam,20,3,19,no,mapping gap,review parser mapping before adding regression
2306,HC/Vhq1cp/Sp3mp,1,2Sam,21,6,7,no,mapping gap,review parser mapping before adding regression
2307,HC/Vhrmsc/Sp1cs,1,2Sam,22,49,1,no,mapping gap,review parser mapping before adding regression
2308,HTd/Ngmsc/Sp3ms,1,2Sam,23,8,13,no,mapping gap,review parser mapping before adding regression
2309,HR/Td/Acbpa,1,2Sam,23,13,4,no,mapping gap,review parser mapping before adding regression
2310,HC/R/Pp3mp,1,2Sam,24,3,11,no,mapping gap,review parser mapping before adding regression
2311,HVqh1cs/Sp2fs,1,1Kgs,1,12,3,no,mapping gap,review parser mapping before adding regression
2312,HD/Sp2fs,1,1Kgs,1,14,2,no,mapping gap,review parser mapping before adding regression
2313,HD/Sp3fs,1,1Kgs,1,22,2,no,mapping gap,review parser mapping before adding regression
2314,HVpj2ms/Sp3ms,1,1Kgs,2,9,3,no,mapping gap,review parser mapping before adding regression
2315,HVhj2mp/Sp3ms,1,1Kgs,3,26,23,no,mapping gap,review parser mapping before adding regression
2316,HR/R/Ncbpa,1,1Kgs,6,29,13,no,mapping gap,review parser mapping before adding regression
2317,HC/R/R/D/Sd,1,1Kgs,7,11,1,no,mapping gap,review parser mapping before adding regression
2318,HR/R/Ncfsc,1,1Kgs,7,20,7,no,mapping gap,review parser mapping before adding regression
2319,HC/Vpq3cp/Sp3mp,1,1Kgs,8,50,15,no,mapping gap,review parser mapping before adding regression
2320,HC/Vtp2fs,1,1Kgs,14,2,6,no,mapping gap,review parser mapping before adding regression
2321,HNp/Sp3mp,1,1Kgs,14,15,26,no,mapping gap,review parser mapping before adding regression
2322,HC/Vhp3cp/Sp3mp,1,1Kgs,14,28,9,no,mapping gap,review parser mapping before adding regression
2323,HVmrfsa,1,1Kgs,17,12,19,no,mapping gap,review parser mapping before adding regression
2324,HC/Vhp2fs,1,1Kgs,17,13,16,no,mapping gap,review parser mapping before adding regression
2325,HC/R/Ncmsc/Sp2fs,1,1Kgs,17,13,19,no,mapping gap,review parser mapping before adding regression
2326,HC/Vlw1cs/Sp3mp,1,1Kgs,18,13,21,no,mapping gap,review parser mapping before adding regression
2327,HC/Vpj3mp/Sp3ms,1,1Kgs,18,23,9,no,mapping gap,review parser mapping before adding regression
2328,HR/To/Sp2fs,1,1Kgs,20,25,7,no,mapping gap,review parser mapping before adding regression
2329,HTi/R/Sp3ms,1,1Kgs,20,33,5,no,mapping gap,review parser mapping before adding regression
2330,HC/Vhp3ms/Sp2ms,1,1Kgs,20,36,12,no,mapping gap,review parser mapping before adding regression
2331,HC/Vhj3mp/Sp3ms,1,1Kgs,21,10,7,no,mapping gap,review parser mapping before adding regression
2332,HTi/Vqp2ms/Sp1cs,1,1Kgs,21,20,5,no,mapping gap,review parser mapping before adding regression
2333,HVpi1cs/Sp1cp,1,1Kgs,22,21,8,no,mapping gap,review parser mapping before adding regression
2334,HAcbpc/Sp3mp,1,2Kgs,1,14,13,no,mapping gap,review parser mapping before adding regression
2335,HRd/VNrmsa,1,2Kgs,4,7,18,no,mapping gap,review parser mapping before adding regression
2336,HC/Vmw3ms,1,2Kgs,4,35,11,no,mapping gap,review parser mapping before adding regression
2337,HR/Ncmpa/Sp3ms,1,2Kgs,5,4,3,no,mapping gap,review parser mapping before adding regression
2338,HC/Vvq1cs,1,2Kgs,5,18,16,no,mapping gap,review parser mapping before adding regression
2339,HR/Vvc/Sp1cs,1,2Kgs,5,18,19,no,mapping gap,review parser mapping before adding regression
2340,HR/Tr/R/Sp1cp,1,2Kgs,6,11,17,no,mapping gap,review parser mapping before adding regression
2341,HTi/Tr,1,2Kgs,6,22,4,no,mapping gap,review parser mapping before adding regression
2342,HVhj3ms/Sp2fs,1,2Kgs,6,27,3,no,mapping gap,review parser mapping before adding regression
2343,HC/Vqw1cp/Sp3ms,1,2Kgs,6,29,4,no,mapping gap,review parser mapping before adding regression
2344,HC/Vqi1cp/Sp3mp,1,2Kgs,7,12,30,no,mapping gap,review parser mapping before adding regression
2345,HC/Td/Ncfda,1,2Kgs,9,35,9,no,mapping gap,review parser mapping before adding regression
2346,HVhv2mp/Sp3mp,1,2Kgs,10,25,10,no,mapping gap,review parser mapping before adding regression
2347,HVHj3fs,1,2Kgs,11,15,25,no,mapping gap,review parser mapping before adding regression
2348,HVqj2mp/Sp3ms,1,2Kgs,12,8,24,no,mapping gap,review parser mapping before adding regression
2349,HTd/Aafpc/Sp3fs,1,2Kgs,15,16,19,no,mapping gap,review parser mapping before adding regression
2350,HTd/Aamsa/Sd,1,2Kgs,16,18,11,no,mapping gap,review parser mapping before adding regression
2351,HC/R/Np/Sd,1,2Kgs,17,24,5,no,mapping gap,review parser mapping before adding regression
2352,HC/Vqj3mp/Sp3ms,1,2Kgs,22,5,2,no,mapping gap,review parser mapping before adding regression
2353,HC/Np/Sh,1,1Chr,1,7,4,no,mapping gap,review parser mapping before adding regression
2354,HTr/R/Sp3mp,1,1Chr,5,20,7,no,mapping gap,review parser mapping before adding regression
2355,HNcmpc/R,1,1Chr,9,4,9,no,mapping gap,review parser mapping before adding regression
2356,HTd/Ncmpc,1,1Chr,9,26,13,no,mapping gap,review parser mapping before adding regression
2357,HRd/Acmda,1,1Chr,11,21,3,no,mapping gap,review parser mapping before adding regression
2358,HR/Vqrmsc/Sp2ms,1,1Chr,12,19,17,no,mapping gap,review parser mapping before adding regression
2359,HC/R/R/Ncmpa,1,1Chr,17,10,1,no,mapping gap,review parser mapping before adding regression
2360,HC/Vqp2ms/Sp1cs,1,1Chr,17,17,10,no,mapping gap,review parser mapping before adding regression
2361,HC/Rd/VHsfsa,1,1Chr,23,29,8,no,mapping gap,review parser mapping before adding regression
2362,HRd/Ncfsa/Sd,1,1Chr,26,17,4,no,mapping gap,review parser mapping before adding regression
2363,HTr/Rd/Ncbpa,1,1Chr,27,27,6,no,mapping gap,review parser mapping before adding regression
2364,HTd/VNp3cp,1,1Chr,29,17,17,no,mapping gap,review parser mapping before adding regression
2365,HRd/Vhp3ms,1,2Chr,1,4,8,no,mapping gap,review parser mapping before adding regression
2366,HC/Vhp2ms/Sp1cs,1,2Chr,1,8,11,no,mapping gap,review parser mapping before adding regression
2367,HVli3ms/Sp3ms,1,2Chr,2,5,12,no,mapping gap,review parser mapping before adding regression
2368,HC/Rd/Vormpa,1,2Chr,5,13,5,no,mapping gap,review parser mapping before adding regression
2369,HC/VPp3cp,1,2Chr,15,6,1,no,mapping gap,review parser mapping before adding regression
2370,HR/VNc/Sp2ms,1,2Chr,16,7,12,no,mapping gap,review parser mapping before adding regression
2371,HC/R/VNc/Sp2ms,1,2Chr,16,8,11,no,mapping gap,review parser mapping before adding regression
2372,HTi/Rd/Aamsa,1,2Chr,19,2,12,no,mapping gap,review parser mapping before adding regression
2373,HR/Td/Ngmpa,1,2Chr,20,1,10,no,mapping gap,review parser mapping before adding regression
2374,HC/VNi2mp,1,2Chr,20,20,17,no,mapping gap,review parser mapping before adding regression
2375,HC/Vqi3mp/Sp3ms,1,2Chr,24,11,24,no,mapping gap,review parser mapping before adding regression
2376,HTi/R/Vqrmsa,1,2Chr,25,16,6,no,mapping gap,review parser mapping before adding regression
2377,HC/Vhi3mp/Sp1cs,1,2Chr,28,23,16,no,mapping gap,review parser mapping before adding regression
2378,HC/Rd/Ncmsa/Sd,1,2Chr,32,5,10,no,mapping gap,review parser mapping before adding regression
2379,HC/R/R/Ncbpc,1,2Chr,32,7,10,no,mapping gap,review parser mapping before adding regression
2380,HC/Vmp3ms,1,2Chr,33,6,9,no,mapping gap,review parser mapping before adding regression
2381,HC/R/Td/Ngmpa,1,2Chr,34,13,9,no,mapping gap,review parser mapping before adding regression
2382,ANgmpc,1,Ezra,4,9,13,no,mapping gap,review parser mapping before adding regression
2383,ATr/Ta,1,Ezra,4,9,17,no,mapping gap,review parser mapping before adding regression
2384,AC/Aamsd/Td,1,Ezra,4,10,7,no,mapping gap,review parser mapping before adding regression
2385,AVvi3mp,1,Ezra,4,12,20,no,mapping gap,review parser mapping before adding regression
2386,AVep3mp,1,Ezra,4,12,21,no,mapping gap,review parser mapping before adding regression
2387,AC/Vhp1cp,1,Ezra,4,14,17,no,mapping gap,review parser mapping before adding regression
2388,AC/Vhi2ms,1,Ezra,4,15,7,no,mapping gap,review parser mapping before adding regression
2389,AC/Vhrfsc,1,Ezra,4,15,16,no,mapping gap,review parser mapping before adding regression
2390,AVMrfsa,1,Ezra,4,19,14,no,mapping gap,review parser mapping before adding regression
2391,AR/Ti,1,Ezra,4,22,7,no,mapping gap,review parser mapping before adding regression
2392,AC/VMp3ms,1,Ezra,5,1,1,no,mapping gap,review parser mapping before adding regression
2393,AC/Ncmsc/Sp3mp,1,Ezra,5,3,11,no,mapping gap,review parser mapping before adding regression
2394,APi3ms,1,Ezra,5,3,15,no,mapping gap,review parser mapping before adding regression
2395,AC/R/Pdxms,1,Ezra,5,7,4,no,mapping gap,review parser mapping before adding regression
2396,AVurfsa,1,Ezra,5,8,21,no,mapping gap,review parser mapping before adding regression
2397,AR/Ncfsc/Sp3mp,1,Ezra,5,8,23,no,mapping gap,review parser mapping before adding regression
2398,AVhp3mp/Sp1cp,1,Ezra,5,11,3,no,mapping gap,review parser mapping before adding regression
2399,AC/Vep3ms/Sp3ms,1,Ezra,5,11,25,no,mapping gap,review parser mapping before adding regression
2400,ANcmpc/Sp1cp,1,Ezra,5,12,5,no,mapping gap,review parser mapping before adding regression
2401,AVav2ms,1,Ezra,5,15,8,no,mapping gap,review parser mapping before adding regression
2402,AVhsmpa,1,Ezra,6,1,11,no,mapping gap,review parser mapping before adding regression
2403,AC/Vup3ms,1,Ezra,6,2,1,no,mapping gap,review parser mapping before adding regression
2404,AC/Vai2ms,1,Ezra,6,5,23,no,mapping gap,review parser mapping before adding regression
2405,ATo/Ncfsc,1,Ezra,6,7,2,no,mapping gap,review parser mapping before adding regression
2406,AVusfsa,1,Ezra,6,8,24,no,mapping gap,review parser mapping before adding regression
2407,AC/Vprmpa,1,Ezra,6,10,7,no,mapping gap,review parser mapping before adding regression
2408,AC/VQsmsa,1,Ezra,6,11,15,no,mapping gap,review parser mapping before adding regression
2409,AC/Varmpa,1,Ezra,6,14,4,no,mapping gap,review parser mapping before adding regression
2410,AC/Vep3mp,1,Ezra,6,14,13,no,mapping gap,review parser mapping before adding regression
2411,AAcbda,1,Ezra,6,17,9,no,mapping gap,review parser mapping before adding regression
2412,AAcbsc,1,Ezra,6,17,20,no,mapping gap,review parser mapping before adding regression
2413,AR/Ncfsc/Sp1cs,1,Ezra,7,13,7,no,mapping gap,review parser mapping before adding regression
2414,AC/Acmsc,1,Ezra,7,14,7,no,mapping gap,review parser mapping before adding regression
2415,AVqrmpc/Sp3ms,1,Ezra,7,14,8,no,mapping gap,review parser mapping before adding regression
2416,AC/Vqrmpc/Sp3ms,1,Ezra,7,15,6,no,mapping gap,review parser mapping before adding regression
2417,AC/Vpi2ms,1,Ezra,7,17,13,no,mapping gap,review parser mapping before adding regression
2418,AVusmpa,1,Ezra,7,19,3,no,mapping gap,review parser mapping before adding regression
2419,AVhv2ms,1,Ezra,7,19,8,no,mapping gap,review parser mapping before adding regression
2420,AVqi3ms/Sp2mp,1,Ezra,7,21,15,no,mapping gap,review parser mapping before adding regression
2421,AR/Pixcs,1,Ezra,7,23,13,no,mapping gap,review parser mapping before adding regression
2422,AC/R/Sp2mp,1,Ezra,7,24,1,no,mapping gap,review parser mapping before adding regression
2423,AVpv2ms,1,Ezra,7,25,7,no,mapping gap,review parser mapping before adding regression
2424,HC/R/Ncmsc/Sp1cp,1,Ezra,8,21,15,no,mapping gap,review parser mapping before adding regression
2425,HC/Vpw1cp/Sh,1,Ezra,8,23,2,no,mapping gap,review parser mapping before adding regression
2426,HRd/R,1,Ezra,9,2,15,no,mapping gap,review parser mapping before adding regression
2427,HC/R/Ncbpc/Sp1cp,1,Ezra,9,7,9,no,mapping gap,review parser mapping before adding regression
2428,HC/R/Vqc/Sp1cp,1,Ezra,9,8,20,no,mapping gap,review parser mapping before adding regression
2429,HC/R/Vtc/Sp3ms,1,Ezra,10,1,3,no,mapping gap,review parser mapping before adding regression
2430,HC/Td/VNsmsa,1,Ezra,10,3,8,no,mapping gap,review parser mapping before adding regression
2431,HVNsmsc/Sp2mp,1,Neh,1,9,9,no,mapping gap,review parser mapping before adding regression
2432,HC/Vtw1cp,1,Neh,4,3,1,no,mapping gap,review parser mapping before adding regression
2433,HC/Vqq1cp/Sp3mp,1,Neh,4,5,12,no,mapping gap,review parser mapping before adding regression
2434,HAafpc/Sp3ms,1,Neh,6,19,2,no,mapping gap,review parser mapping before adding regression
2435,HC/Aofsa,1,Neh,9,3,11,no,mapping gap,review parser mapping before adding regression
2436,HC/VOsmsa,1,Neh,9,5,23,no,mapping gap,review parser mapping before adding regression
2437,HVlp2ms/Sp3mp,1,Neh,9,21,3,no,mapping gap,review parser mapping before adding regression
2438,HC/Vqw3mp/Sp2ms,1,Neh,9,28,13,no,mapping gap,review parser mapping before adding regression
2439,HNgmpc/Sp1cp,1,Neh,10,1,10,no,mapping gap,review parser mapping before adding regression
2440,HC/Vhw1cs/Sp3ms,1,Neh,13,28,10,no,mapping gap,review parser mapping before adding regression
2441,HC/VPw3ms,1,Esth,2,23,1,no,mapping gap,review parser mapping before adding regression
2442,HC/Vvrmsa,1,Esth,3,5,7,no,mapping gap,review parser mapping before adding regression
2443,HC/Vfw3fs,1,Esth,4,4,7,no,mapping gap,review parser mapping before adding regression
2444,HC/Vhq3cp/Sp3ms,1,Esth,6,9,17,no,mapping gap,review parser mapping before adding regression
2445,HD/Sp3mp,1,Esth,6,14,1,no,mapping gap,review parser mapping before adding regression
2446,HR/Vprmpc,1,Esth,9,2,10,no,mapping gap,review parser mapping before adding regression
2447,HC/VNsmpa,1,Esth,9,28,4,no,mapping gap,review parser mapping before adding regression
2448,HVkp3cp,1,Job,3,18,3,no,mapping gap,review parser mapping before adding regression
2449,HC/Ncbsa/Sh,1,Job,5,16,4,no,mapping gap,review parser mapping before adding regression
2450,HC/Vpv2mp/Sp1cs,1,Job,6,23,1,no,mapping gap,review parser mapping before adding regression
2451,HTi/R/Vhc,1,Job,6,26,1,no,mapping gap,review parser mapping before adding regression
2452,HC/Vov2ms,1,Job,8,8,6,no,mapping gap,review parser mapping before adding regression
2453,HR/Vmrmsc/Sp1cs,1,Job,9,15,6,no,mapping gap,review parser mapping before adding regression
2454,HTi/R/Ncmpc,1,Job,10,5,1,no,mapping gap,review parser mapping before adding regression
2455,HC/Vhj2ms,1,Job,10,17,4,no,mapping gap,review parser mapping before adding regression
2456,HVHi1cs,1,Job,10,19,7,no,mapping gap,review parser mapping before adding regression
2457,HC/Vpi3ms/Sp3mp,1,Job,12,15,5,no,mapping gap,review parser mapping before adding regression
2458,HR/VNrmpa,1,Job,12,20,3,no,mapping gap,review parser mapping before adding regression
2459,HTi/Ncbpc/Sp3ms,1,Job,13,8,1,no,mapping gap,review parser mapping before adding regression
2460,HVOp2ms,1,Job,15,7,6,no,mapping gap,review parser mapping before adding regression
2461,HVkp3fs,1,Job,15,32,6,no,mapping gap,review parser mapping before adding regression
2462,HC/Vmp1cs,1,Job,16,15,5,no,mapping gap,review parser mapping before adding regression
2463,HVjp3fp,1,Job,16,16,2,no,mapping gap,review parser mapping before adding regression
2464,HTi/R/Sp2ms,1,Job,18,4,4,no,mapping gap,review parser mapping before adding regression
2465,HC/Vhp3cp/Sp3ms,1,Job,18,11,4,no,mapping gap,review parser mapping before adding regression
2466,HC/Vpi2mp/Sp1cs,1,Job,19,2,5,no,mapping gap,review parser mapping before adding regression
2467,HVhi2mp/Sp1cs,1,Job,19,3,4,no,mapping gap,review parser mapping before adding regression
2468,HC/VPsmpc/Sp1cs,1,Job,19,14,3,no,mapping gap,review parser mapping before adding regression
2469,HVqi3fp/Sp1cs,1,Job,19,15,5,no,mapping gap,review parser mapping before adding regression
2470,HC/VNi3mp/Sn,1,Job,19,23,4,no,mapping gap,review parser mapping before adding regression
2471,HC/VHi3mp,1,Job,19,23,9,no,mapping gap,review parser mapping before adding regression
2472,HC/VHi3ms,1,Job,20,8,5,no,mapping gap,review parser mapping before adding regression
2473,HR/Vqsmsc/Sp3ms,1,Job,20,20,6,no,mapping gap,review parser mapping before adding regression
2474,HR/Vqsmpc/Sp3ms,1,Job,20,26,4,no,mapping gap,review parser mapping before adding regression
2475,HRd/Aafsc,1,Job,21,25,7,no,mapping gap,review parser mapping before adding regression
2476,HVOi3mp,1,Job,26,5,2,no,mapping gap,review parser mapping before adding regression
2477,HVia,1,Job,26,9,4,no,mapping gap,review parser mapping before adding regression
2478,HVMi3mp,1,Job,26,11,3,no,mapping gap,review parser mapping before adding regression
2479,HC/Vrrmsc/Sp1cs,1,Job,27,7,4,no,mapping gap,review parser mapping before adding regression
2480,HTi/Ncfsc/Sp3ms,1,Job,27,9,1,no,mapping gap,review parser mapping before adding regression
2481,HC/Vrw2ms,1,Job,30,20,6,no,mapping gap,review parser mapping before adding regression
2482,HC/Voi2ms/Sp1cs,1,Job,30,22,5,no,mapping gap,review parser mapping before adding regression
2483,HVPi2ms,1,Job,30,22,6,no,mapping gap,review parser mapping before adding regression
2484,HC/R/Ncfdc/Sp1cs,1,Job,31,7,10,no,mapping gap,review parser mapping before adding regression
2485,HC/Vow3ms/Sp1cp,1,Job,31,15,5,no,mapping gap,review parser mapping before adding regression
2486,HC/Vrq1cs,1,Job,31,29,5,no,mapping gap,review parser mapping before adding regression
2487,HVtv2ms/Sh,1,Job,33,5,6,no,mapping gap,review parser mapping before adding regression
2488,HTi/R/R/Sp2ms,1,Job,34,33,1,no,mapping gap,review parser mapping before adding regression
2489,HVprmsc/Sp1cp,1,Job,35,11,1,no,mapping gap,review parser mapping before adding regression
2490,HC/R/Vqrmsc/Sp1cs,1,Job,36,3,4,no,mapping gap,review parser mapping before adding regression
2491,HC/R/Ncbpc/Sp3fs,1,Job,37,8,5,no,mapping gap,review parser mapping before adding regression
2492,HVNrfpc,1,Job,37,14,6,no,mapping gap,review parser mapping before adding regression
2493,HTi/R/Ncmpc/Sp2ms,1,Job,38,12,1,no,mapping gap,review parser mapping before adding regression
2494,HTi/VNp3cp,1,Job,38,17,1,no,mapping gap,review parser mapping before adding regression
2495,HVrp2ms,1,Job,38,18,1,no,mapping gap,review parser mapping before adding regression
2496,HC/R/Vqrmsc/Sp3ms,1,Job,39,18,6,no,mapping gap,review parser mapping before adding regression
2497,HTi/Vhi2ms/Sp3ms,1,Job,39,20,1,no,mapping gap,review parser mapping before adding regression
2498,HTd/Vqrmsc/Sp3ms,1,Job,40,19,5,no,mapping gap,review parser mapping before adding regression
2499,HC/Vqi2ms/Sp3ms,1,Job,40,29,4,no,mapping gap,review parser mapping before adding regression
2500,HC/R/Acmdc,1,Job,42,7,18,no,mapping gap,review parser mapping before adding regression
2501,HVmj3fs/Sp2ms,1,Ps,7,8,3,no,mapping gap,review parser mapping before adding regression
2502,HC/Vow3ms/Sp3fs,1,Ps,7,13,8,no,mapping gap,review parser mapping before adding regression
2503,HVormsc/Sp1cs,1,Ps,9,14,6,no,mapping gap,review parser mapping before adding regression
2504,HC/Vqsmsc/Sp2ms,1,Ps,17,14,9,no,mapping gap,review parser mapping before adding regression
2505,HTd/Vprmsc/Sp1cs,1,Ps,18,33,2,no,mapping gap,review parser mapping before adding regression
2506,HR/VNrfpa,1,Ps,19,13,4,no,mapping gap,review parser mapping before adding regression
2507,HVpi3ms/Sh,1,Ps,20,4,5,no,mapping gap,review parser mapping before adding regression
2508,HC/Vrw1cp,1,Ps,20,9,6,no,mapping gap,review parser mapping before adding regression
2509,HC/Vqi3fs/Sp3mp,1,Ps,21,10,9,no,mapping gap,review parser mapping before adding regression
2510,HVoi3ms/Sp1cs,1,Ps,27,5,10,no,mapping gap,review parser mapping before adding regression
2511,HC/Vpv2ms/Sp3mp,1,Ps,28,9,8,no,mapping gap,review parser mapping before adding regression
2512,HTi/Vhi3ms/Sp2ms,1,Ps,30,10,7,no,mapping gap,review parser mapping before adding regression
2513,HC/R/Aampc/Sp1cs,1,Ps,31,12,5,no,mapping gap,review parser mapping before adding regression
2514,HVtj3fs,1,Ps,34,3,2,no,mapping gap,review parser mapping before adding regression
2515,HC/Voh1cp,1,Ps,34,4,4,no,mapping gap,review parser mapping before adding regression
2516,HC/Vqp3ms/Sp1cs,1,Ps,34,5,4,no,mapping gap,review parser mapping before adding regression
2517,HVpp1cp/Sp3ms,1,Ps,35,25,8,no,mapping gap,review parser mapping before adding regression
2518,HVhj3fs/Sp1cs,1,Ps,36,12,8,no,mapping gap,review parser mapping before adding regression
2519,HC/Vrp2ms,1,Ps,37,10,5,no,mapping gap,review parser mapping before adding regression
2520,HVPsmpc/Sp3ms,1,Ps,37,22,2,no,mapping gap,review parser mapping before adding regression
2521,HC/Voi3ms/Sp2ms,1,Ps,37,34,6,no,mapping gap,review parser mapping before adding regression
2522,HVjp3ms,1,Ps,38,11,2,no,mapping gap,review parser mapping before adding regression
2523,HVqsmsc/Sp3ms,1,Ps,39,12,8,no,mapping gap,review parser mapping before adding regression
2524,HVqj2ms/Sp3ms,1,Ps,41,3,8,no,mapping gap,review parser mapping before adding regression
2525,HVti1cs/Sp3mp,1,Ps,42,5,9,no,mapping gap,review parser mapping before adding regression
2526,HVQp1cp,1,Ps,44,23,3,no,mapping gap,review parser mapping before adding regression
2527,HVjp2ms,1,Ps,45,3,1,no,mapping gap,review parser mapping before adding regression
2528,HR/Aafpc/Sp2ms,1,Ps,45,10,3,no,mapping gap,review parser mapping before adding regression
2529,HC/Vvv2fs,1,Ps,45,12,7,no,mapping gap,review parser mapping before adding regression
2530,HVHi3fp,1,Ps,45,16,1,no,mapping gap,review parser mapping before adding regression
2531,HC/Vhi3mp/Sp2ms,1,Ps,49,19,5,no,mapping gap,review parser mapping before adding regression
2532,HC/R/Vqsmsa,1,Ps,51,8,5,no,mapping gap,review parser mapping before adding regression
2533,HVmi3mp/Sp3fs,1,Ps,55,11,3,no,mapping gap,review parser mapping before adding regression
2534,HC/VPsmsc/Sp1cs,1,Ps,55,14,5,no,mapping gap,review parser mapping before adding regression
2535,HVli3ms/Sp2ms,1,Ps,55,23,6,no,mapping gap,review parser mapping before adding regression
2536,HR/Vrrmpc/Sp1cs,1,Ps,59,2,4,no,mapping gap,review parser mapping before adding regression
2537,HC/Vri3mp,1,Ps,59,5,4,no,mapping gap,review parser mapping before adding regression
2538,HC/Vow2ms/Sp3fs,1,Ps,65,10,3,no,mapping gap,review parser mapping before adding regression
2539,HVoi2ms/Sp3fs,1,Ps,65,11,6,no,mapping gap,review parser mapping before adding regression
2540,HAafsc/Sp2ms,1,Ps,65,12,3,no,mapping gap,review parser mapping before adding regression
2541,HC/Vpi3ms/Sp1cp,1,Ps,67,2,3,no,mapping gap,review parser mapping before adding regression
2542,HVop2ms/Sp3fs,1,Ps,68,10,8,no,mapping gap,review parser mapping before adding regression
2543,HR/Aafsc/Sp2ms,1,Ps,68,11,5,no,mapping gap,review parser mapping before adding regression
2544,HC/Ncmdc/Sp3mp,1,Ps,69,24,4,no,mapping gap,review parser mapping before adding regression
2545,HC/Vph1cs/Sp3ms,1,Ps,69,31,5,no,mapping gap,review parser mapping before adding regression
2546,HC/Vtj3ms,1,Ps,72,15,6,no,mapping gap,review parser mapping before adding regression
2547,HVpj3ms/Sp3ms,1,Ps,72,15,11,no,mapping gap,review parser mapping before adding regression
2548,HC/Rd/Aampa,1,Ps,75,5,5,no,mapping gap,review parser mapping before adding regression
2549,HVOi3fp,1,Ps,75,11,5,no,mapping gap,review parser mapping before adding regression
2550,HR/Ncfsa/Sh,1,Ps,80,3,9,no,mapping gap,review parser mapping before adding regression
2551,HVqsmpc/Sp2ms,1,Ps,83,4,7,no,mapping gap,review parser mapping before adding regression
2552,HVzc,1,Ps,84,11,7,no,mapping gap,review parser mapping before adding regression
2553,HC/Vpp2ms/Sp1cs,1,Ps,86,17,12,no,mapping gap,review parser mapping before adding regression
2554,HTi/Rd/Vqrmpa,1,Ps,88,11,1,no,mapping gap,review parser mapping before adding regression
2555,HVlp3cp/Sp1cs,1,Ps,88,17,5,no,mapping gap,review parser mapping before adding regression
2556,HVqsmsc/Sp1cp,1,Ps,90,8,5,no,mapping gap,review parser mapping before adding regression
2557,HVov2ms/Sp3ms,1,Ps,90,17,12,no,mapping gap,review parser mapping before adding regression
2558,HVqi3mp/Sn/Sp2ms,1,Ps,91,12,3,no,mapping gap,review parser mapping before adding regression
2559,HNcbsc/Sh,1,Ps,92,16,8,no,mapping gap,review parser mapping before adding regression
2560,HVli3mp,1,Ps,94,19,5,no,mapping gap,review parser mapping before adding regression
2561,HVvi1cp,1,Ps,95,6,2,no,mapping gap,review parser mapping before adding regression
2562,HR/Pf,1,Ps,102,4,6,no,mapping gap,review parser mapping before adding regression
2563,HVMsmpc/Sp1cs,1,Ps,102,9,5,no,mapping gap,review parser mapping before adding regression
2564,HTd/Vprmsc/Sp2fs,1,Ps,103,4,4,no,mapping gap,review parser mapping before adding regression
2565,HR/Aafsc,1,Ps,106,5,2,no,mapping gap,review parser mapping before adding regression
2566,HC/Vow3fs,1,Ps,107,25,5,no,mapping gap,review parser mapping before adding regression
2567,HC/Voi3mp/Sp3ms,1,Ps,107,32,1,no,mapping gap,review parser mapping before adding regression
2568,HC/Vow3mp,1,Ps,107,36,4,no,mapping gap,review parser mapping before adding regression
2569,HC/Vrj3mp,1,Ps,107,43,5,no,mapping gap,review parser mapping before adding regression
2570,HC/VNw3mp/Sp1cs,1,Ps,109,3,4,no,mapping gap,review parser mapping before adding regression
2571,HVpp1cp/Sp2mp,1,Ps,118,26,5,no,mapping gap,review parser mapping before adding regression
2572,HVfi1cs,1,Ps,119,16,2,no,mapping gap,review parser mapping before adding regression
2573,HR/VNrfpc/Sp2ms,1,Ps,119,27,5,no,mapping gap,review parser mapping before adding regression
2574,HC/Vfi1cs,1,Ps,119,47,1,no,mapping gap,review parser mapping before adding regression
2575,HVfp1cs,1,Ps,119,60,3,no,mapping gap,review parser mapping before adding regression
2576,HVlp1cs,1,Ps,119,70,6,no,mapping gap,review parser mapping before adding regression
2577,HC/Voi3mp/Sp1cs,1,Ps,119,73,3,no,mapping gap,review parser mapping before adding regression
2578,HVqj3mp/Sp1cs,1,Ps,119,122,5,no,mapping gap,review parser mapping before adding regression
2579,HC/Vrw1cs/Sh,1,Ps,119,158,3,no,mapping gap,review parser mapping before adding regression
2580,HC/Vpj3fs/Sp2ms,1,Ps,119,175,3,no,mapping gap,review parser mapping before adding regression
2581,HRd/Ncfsa/Sh,1,Ps,120,1,5,no,mapping gap,review parser mapping before adding regression
2582,HTr/VPp3fs,1,Ps,122,3,4,no,mapping gap,review parser mapping before adding regression
2583,HTr/Vqi3ms/Sp1cp,1,Ps,123,2,18,no,mapping gap,review parser mapping before adding regression
2584,HNcmsa/Sh,1,Ps,124,4,4,no,mapping gap,review parser mapping before adding regression
2585,HR/Ncbsa/Sh,1,Ps,125,3,13,no,mapping gap,review parser mapping before adding regression
2586,HAafpc/Sp3mp,1,Ps,125,5,2,no,mapping gap,review parser mapping before adding regression
2587,HTr/Ncfsc,1,Ps,129,6,4,no,mapping gap,review parser mapping before adding regression
2588,HC/R/VNrfpa,1,Ps,131,1,14,no,mapping gap,review parser mapping before adding regression
2589,HR/Vqsmsa,1,Ps,131,2,6,no,mapping gap,review parser mapping before adding regression
2590,HVPc/Sp3ms,1,Ps,132,1,8,no,mapping gap,review parser mapping before adding regression
2591,HR/Ncmdc/Sp1cs,1,Ps,132,4,5,no,mapping gap,review parser mapping before adding regression
2592,HVvh1cp,1,Ps,132,7,3,no,mapping gap,review parser mapping before adding regression
2593,HTr/Vqrmpa,1,Ps,135,2,1,no,mapping gap,review parser mapping before adding regression
2594,HTr/R/Ncmsc/Sp1cp,1,Ps,136,23,1,no,mapping gap,review parser mapping before adding regression
2595,HTr/Vpi3ms,1,Ps,137,8,5,no,mapping gap,review parser mapping before adding regression
2596,HTr/Vqp2fs,1,Ps,137,8,9,no,mapping gap,review parser mapping before adding regression
2597,HC/Vhi3fs/Sp1cs,1,Ps,138,7,11,no,mapping gap,review parser mapping before adding regression
2598,HC/Vqi3fs/Sp1cs,1,Ps,139,10,5,no,mapping gap,review parser mapping before adding regression
2599,HC/D/Sp1cs,1,Ps,139,18,5,no,mapping gap,review parser mapping before adding regression
2600,HVpj3mp/Sp3mp,1,Ps,140,10,5,no,mapping gap,review parser mapping before adding regression
2601,HVpj3ms/Sp3mp,1,Ps,140,10,6,no,mapping gap,review parser mapping before adding regression
2602,HTr/Np,1,Ps,144,15,7,no,mapping gap,review parser mapping before adding regression
2603,HVoh1cs/Sp2ms,1,Ps,145,1,3,no,mapping gap,review parser mapping before adding regression
2604,HVqrmpc/Sp3cs,1,Ps,147,11,4,no,mapping gap,review parser mapping before adding regression
2605,HVhi3ms/Sp2fs,1,Ps,147,14,6,no,mapping gap,review parser mapping before adding regression
2606,HC/VNrmpc/Sp3mp,1,Ps,149,8,4,no,mapping gap,review parser mapping before adding regression
2607,HVqh1cp/Sp3mp,1,Prov,1,12,1,no,mapping gap,review parser mapping before adding regression
2608,HVqj2ms/Sp3fs,1,Prov,4,6,2,no,mapping gap,review parser mapping before adding regression
2609,HVlv2ms/Sp3fs,1,Prov,4,8,1,no,mapping gap,review parser mapping before adding regression
2610,HC/Voi3fs/Sp2ms,1,Prov,4,8,2,no,mapping gap,review parser mapping before adding regression
2611,HC/R/Vprmsc/Sp1cs,1,Prov,5,13,5,no,mapping gap,review parser mapping before adding regression
2612,HVpj3mp/Sp2ms,1,Prov,5,19,6,no,mapping gap,review parser mapping before adding regression
2613,HR/Vpsmsa,1,Prov,6,11,2,no,mapping gap,review parser mapping before adding regression
2614,HVqj2ms/Sp2ms,1,Prov,6,25,6,no,mapping gap,review parser mapping before adding regression
2615,HR/Vtrmsa,1,Prov,12,9,5,no,mapping gap,review parser mapping before adding regression
2616,HRd/Ncmsc/Sp3ms,1,Prov,16,4,4,no,mapping gap,review parser mapping before adding regression
2617,HR/Vqrfsc/Sp3ms,1,Prov,17,25,6,no,mapping gap,review parser mapping before adding regression
2618,HVtrmsc/Sp3ms,1,Prov,20,2,5,no,mapping gap,review parser mapping before adding regression
2619,HVqrfsc/Sp2ms,1,Prov,23,25,5,no,mapping gap,review parser mapping before adding regression
2620,HC/Rd/Vhrmpa,1,Prov,24,25,1,no,mapping gap,review parser mapping before adding regression
2621,HC/Ti/Vpp2ms,1,Prov,24,28,6,no,mapping gap,review parser mapping before adding regression
2622,HR/Vfrmsa,1,Prov,26,18,1,no,mapping gap,review parser mapping before adding regression
2623,HC/VNsfpa,1,Prov,27,6,4,no,mapping gap,review parser mapping before adding regression
2624,HVDp3fs,1,Prov,27,15,8,no,mapping gap,review parser mapping before adding regression
2625,HC/VNsmsc,1,Prov,28,18,4,no,mapping gap,review parser mapping before adding regression
2626,HC/Vqi3mp/Sp3fs,1,Prov,30,17,10,no,mapping gap,review parser mapping before adding regression
2627,HVpp3fs/Sp3ms,1,Prov,31,1,6,no,mapping gap,review parser mapping before adding regression
2628,HC/Ncfdc/Sp3fs,1,Prov,31,19,4,no,mapping gap,review parser mapping before adding regression
2629,HC/Vpi3mp/Sp3fs,1,Prov,31,31,5,no,mapping gap,review parser mapping before adding regression
2630,HTr/VNi3ms,1,Eccl,1,9,8,no,mapping gap,review parser mapping before adding regression
2631,HR/R/Ncbpc/Sp1cp,1,Eccl,1,10,13,no,mapping gap,review parser mapping before adding regression
2632,HTr/VNp3cp,1,Eccl,1,14,5,no,mapping gap,review parser mapping before adding regression
2633,HVMsmsa,1,Eccl,2,2,3,no,mapping gap,review parser mapping before adding regression
2634,HTr/Tm,1,Eccl,2,13,3,no,mapping gap,review parser mapping before adding regression
2635,HTr/Vhi1cs/Sp3ms,1,Eccl,2,18,10,no,mapping gap,review parser mapping before adding regression
2636,HC/Tr/Vqp1cs,1,Eccl,2,19,11,no,mapping gap,review parser mapping before adding regression
2637,HTr/Ncbsc/Sp3ms,1,Eccl,2,21,4,no,mapping gap,review parser mapping before adding regression
2638,HTr/Pp3ms,1,Eccl,2,22,9,no,mapping gap,review parser mapping before adding regression
2639,HTr/Aamsa,1,Eccl,2,26,3,no,mapping gap,review parser mapping before adding regression
2640,HD/Sh,1,Eccl,4,2,12,no,mapping gap,review parser mapping before adding regression
2641,HC/Tj/R/Sp3ms,1,Eccl,4,10,8,no,mapping gap,review parser mapping before adding regression
2642,HR/Tr/Vqi2ms,1,Eccl,5,4,5,no,mapping gap,review parser mapping before adding regression
2643,HTr/Vhi3ms,1,Eccl,5,14,13,no,mapping gap,review parser mapping before adding regression
2644,HTr/Vhc,1,Eccl,6,10,14,no,mapping gap,review parser mapping before adding regression
2645,HR/Td/Aamsa,1,Eccl,8,1,2,no,mapping gap,review parser mapping before adding regression
2646,HTr/Vhrmsa,1,Eccl,8,14,17,no,mapping gap,review parser mapping before adding regression
2647,HR/Tr/R,1,Eccl,8,17,17,no,mapping gap,review parser mapping before adding regression
2648,HRd/VNrmpa,1,Eccl,9,11,18,no,mapping gap,review parser mapping before adding regression
2649,HTr/VNsmpa,1,Eccl,9,12,9,no,mapping gap,review parser mapping before adding regression
2650,HR/Tr/Vqi3fs,1,Eccl,9,12,21,no,mapping gap,review parser mapping before adding regression
2651,HR/Tr/Td/Ncmsa,1,Eccl,10,3,3,no,mapping gap,review parser mapping before adding regression
2652,HR/Tr/Ncmsa,1,Eccl,10,3,4,no,mapping gap,review parser mapping before adding regression
2653,HTr/Vqrfsa,1,Eccl,10,5,7,no,mapping gap,review parser mapping before adding regression
2654,HR/Pdxmp,1,Eccl,12,12,2,no,mapping gap,review parser mapping before adding regression
2655,HVqj2mp/Sp1cs,1,Song,1,6,2,no,mapping gap,review parser mapping before adding regression
2656,HTr/Vqp3fs/Sp1cs,1,Song,1,6,5,no,mapping gap,review parser mapping before adding regression
2657,HTr/R/Ti,1,Song,1,7,10,no,mapping gap,review parser mapping before adding regression
2658,HTr/Td/Ncmsa,1,Song,1,12,2,no,mapping gap,review parser mapping before adding regression
2659,HTr/Vhp1cs/Sp3ms,1,Song,3,4,13,no,mapping gap,review parser mapping before adding regression
2660,HTr/R/Np,1,Song,3,7,3,no,mapping gap,review parser mapping before adding regression
2661,HTr/Vpp3fs,1,Song,3,11,8,no,mapping gap,review parser mapping before adding regression
2662,HTr/Ncmsc/Sp1cs,1,Song,5,2,14,no,mapping gap,review parser mapping before adding regression
2663,HTr/Vqrfsc,1,Song,5,8,12,no,mapping gap,review parser mapping before adding regression
2664,HC/Vpi1cp/Sp3ms,1,Song,6,1,9,no,mapping gap,review parser mapping before adding regression
2665,HTr/Sp3mp,1,Song,6,5,4,no,mapping gap,review parser mapping before adding regression
2666,HR/Vqrfsc/Sp3fs,1,Song,6,9,10,no,mapping gap,review parser mapping before adding regression
2667,HVop1cs/Sp2ms,1,Song,8,5,11,no,mapping gap,review parser mapping before adding regression
2668,HVpp3fs/Sp2ms,1,Song,8,5,13,no,mapping gap,review parser mapping before adding regression
2669,HTr/VPi3ms,1,Song,8,8,11,no,mapping gap,review parser mapping before adding regression
2670,HC/Ncmdc/Sp1cs,1,Song,8,10,3,no,mapping gap,review parser mapping before adding regression
2671,HVrp3ms,1,Isa,1,3,12,no,mapping gap,review parser mapping before adding regression
2672,HC/R/Vpc/Sp2mp,1,Isa,1,15,1,no,mapping gap,review parser mapping before adding regression
2673,HVQi2mp,1,Isa,1,20,5,no,mapping gap,review parser mapping before adding regression
2674,HR/Rd/Ncfsa,1,Isa,1,26,5,no,mapping gap,review parser mapping before adding regression
2675,HRd/VNsmsa,1,Isa,3,5,11,no,mapping gap,review parser mapping before adding regression
2676,HC/R/Ncfdc/Sp3mp,1,Isa,3,16,17,no,mapping gap,review parser mapping before adding regression
2677,HC/VHq2mp,1,Isa,5,8,11,no,mapping gap,review parser mapping before adding regression
2678,HVhi3ms/Sh,1,Isa,5,19,3,no,mapping gap,review parser mapping before adding regression
2679,HC/Vqi3fs/Sh,1,Isa,5,19,8,no,mapping gap,review parser mapping before adding regression
2680,HC/VHi3fs,1,Isa,8,10,3,no,mapping gap,review parser mapping before adding regression
2681,HVhrmsc/Sp2mp,1,Isa,8,13,9,no,mapping gap,review parser mapping before adding regression
2682,HTd/Vlrmpa,1,Isa,8,19,9,no,mapping gap,review parser mapping before adding regression
2683,HC/Ncbsc/Sd,1,Isa,8,23,12,no,mapping gap,review parser mapping before adding regression
2684,HVMsfsa,1,Isa,9,4,7,no,mapping gap,review parser mapping before adding regression
2685,HTd/Vhrmsc/Sp3ms,1,Isa,9,12,5,no,mapping gap,review parser mapping before adding regression
2686,HTi/Vti3ms,1,Isa,10,15,1,no,mapping gap,review parser mapping before adding regression
2687,HC/Vhc/Sp3ms,1,Isa,11,3,1,no,mapping gap,review parser mapping before adding regression
2688,HC/VNrfpc,1,Isa,11,12,7,no,mapping gap,review parser mapping before adding regression
2689,HC/Vtq3cp/Sp3mp,1,Isa,14,2,6,no,mapping gap,review parser mapping before adding regression
2690,HC/Vlq1cs/Sp3fs,1,Isa,14,23,6,no,mapping gap,review parser mapping before adding regression
2691,HVNsmpc/Sp1cs,1,Isa,16,4,3,no,mapping gap,review parser mapping before adding regression
2692,HVOi3ms,1,Isa,16,10,10,no,mapping gap,review parser mapping before adding regression
2693,HR/Vqsfsc,1,Isa,17,9,6,no,mapping gap,review parser mapping before adding regression
2694,HVli2fs,1,Isa,17,11,3,no,mapping gap,review parser mapping before adding regression
2695,HR/Vqrmpc/Sp1cp,1,Isa,17,14,12,no,mapping gap,review parser mapping before adding regression
2696,HVNrmpc/Sp2fs,1,Isa,22,3,8,no,mapping gap,review parser mapping before adding regression
2697,HVlrmsc,1,Isa,22,5,11,no,mapping gap,review parser mapping before adding regression
2698,HVlrmsc/Sp2ms,1,Isa,22,17,3,no,mapping gap,review parser mapping before adding regression
2699,HVpp3cp/Sp2fs,1,Isa,23,2,8,no,mapping gap,review parser mapping before adding regression
2700,HVhi3mp/Sp3fs,1,Isa,23,7,7,no,mapping gap,review parser mapping before adding regression
2701,HRd/Ncfsc/Sp3fs,1,Isa,24,2,7,no,mapping gap,review parser mapping before adding regression
2702,HC/Vrq3fs,1,Isa,24,20,5,no,mapping gap,review parser mapping before adding regression
2703,HTi/R/Ncfsc,1,Isa,27,7,1,no,mapping gap,review parser mapping before adding regression
2704,HR/D/Sp3fs,1,Isa,28,4,18,no,mapping gap,review parser mapping before adding regression
2705,HVli3fs,1,Isa,29,4,13,no,mapping gap,review parser mapping before adding regression
2706,HVNrmpc/Sp3ms,1,Isa,29,14,14,no,mapping gap,review parser mapping before adding regression
2707,HC/Rd/Vhrmsa,1,Isa,29,21,4,no,mapping gap,review parser mapping before adding regression
2708,HVQi2ms,1,Isa,33,1,12,no,mapping gap,review parser mapping before adding regression
2709,HVqi3fs/Sp2mp,1,Isa,33,11,7,no,mapping gap,review parser mapping before adding regression
2710,HVNsmsc,1,Isa,33,19,10,no,mapping gap,review parser mapping before adding regression
2711,HVmrmsc/Sp1cp,1,Isa,33,22,5,no,mapping gap,review parser mapping before adding regression
2712,HC/R/Vqrfsa,1,Isa,34,4,14,no,mapping gap,review parser mapping before adding regression
2713,HVpp3ms/Sn,1,Isa,34,16,20,no,mapping gap,review parser mapping before adding regression
2714,HC/Vhi3ms/Sp2mp,1,Isa,35,4,15,no,mapping gap,review parser mapping before adding regression
2715,HC/Vqj2ms,1,Isa,37,26,11,no,mapping gap,review parser mapping before adding regression
2716,HVmp3ms,1,Isa,40,24,9,no,mapping gap,review parser mapping before adding regression
2717,HC/R/R/Ncbpa,1,Isa,41,26,5,no,mapping gap,review parser mapping before adding regression
2718,HC/Vqrmsc/Sp3mp,1,Isa,42,5,7,no,mapping gap,review parser mapping before adding regression
2719,HR/VPsmsa,1,Isa,42,19,11,no,mapping gap,review parser mapping before adding regression
2720,HVqrmsc/Sp2mp,1,Isa,43,14,4,no,mapping gap,review parser mapping before adding regression
2721,HAamsc/Sp2mp,1,Isa,43,15,3,no,mapping gap,review parser mapping before adding regression
2722,HC/Vhrmpc/Sp2ms,1,Isa,43,27,4,no,mapping gap,review parser mapping before adding regression
2723,HC/Vvi3ms,1,Isa,44,17,8,no,mapping gap,review parser mapping before adding regression
2724,HVNi2ms/Sp1cs,1,Isa,44,21,14,no,mapping gap,review parser mapping before adding regression
2725,HVop3ms/Sp3fs,1,Isa,45,18,13,no,mapping gap,review parser mapping before adding regression
2726,HVqsfpc/Sp2mp,1,Isa,46,1,9,no,mapping gap,review parser mapping before adding regression
2727,HC/Vhi2mp/Sp1cs,1,Isa,46,5,4,no,mapping gap,review parser mapping before adding regression
2728,HVop3fs/Sp2fs,1,Isa,47,10,9,no,mapping gap,review parser mapping before adding regression
2729,HC/Vhj3mp/Sp2fs,1,Isa,47,13,6,no,mapping gap,review parser mapping before adding regression
2730,HC/Vqsfpa,1,Isa,48,6,10,no,mapping gap,review parser mapping before adding regression
2731,HVqp1cs/Sp3fp,1,Isa,48,7,12,no,mapping gap,review parser mapping before adding regression
2732,HVPsmsc/Sp1cs,1,Isa,48,12,5,no,mapping gap,review parser mapping before adding regression
2733,HC/Vhrmpc/Sp2fs,1,Isa,49,17,4,no,mapping gap,review parser mapping before adding regression
2734,HC/Vpi2fs/Sp3mp,1,Isa,49,18,17,no,mapping gap,review parser mapping before adding regression
2735,HC/Vqrfpc/Sp2fs,1,Isa,49,19,3,no,mapping gap,review parser mapping before adding regression
2736,HVhrfpc/Sp2fs,1,Isa,49,23,5,no,mapping gap,review parser mapping before adding regression
2737,HVoi3fs/Sp2mp,1,Isa,51,2,7,no,mapping gap,review parser mapping before adding regression
2738,HVrsmsa,1,Isa,52,5,22,no,mapping gap,review parser mapping before adding regression
2739,HC/Vprmsc/Sp2mp,1,Isa,52,12,12,no,mapping gap,review parser mapping before adding regression
2740,HVOsmsa,1,Isa,53,5,2,no,mapping gap,review parser mapping before adding regression
2741,HVprmsc/Sp2fs,1,Isa,54,10,15,no,mapping gap,review parser mapping before adding regression
2742,HR/To/Sp1cs,1,Isa,54,15,5,no,mapping gap,review parser mapping before adding regression
2743,HVHi2mp/Sn,1,Isa,55,12,5,no,mapping gap,review parser mapping before adding regression
2744,HR/VNrmpc/Sp3ms,1,Isa,56,8,10,no,mapping gap,review parser mapping before adding regression
2745,HC/R/Aampc/Sp3ms,1,Isa,57,18,8,no,mapping gap,review parser mapping before adding regression
2746,HVhi3fs/Sp1cp,1,Isa,59,9,7,no,mapping gap,review parser mapping before adding regression
2747,HVqp1cp/Sp3mp,1,Isa,59,12,12,no,mapping gap,review parser mapping before adding regression
2748,HC/Vma,1,Isa,59,13,11,no,mapping gap,review parser mapping before adding regression
2749,HC/R/Vqsmpa,1,Isa,61,1,18,no,mapping gap,review parser mapping before adding regression
2750,HC/R/Ncbsc/Sp2fs,1,Isa,62,4,6,no,mapping gap,review parser mapping before adding regression
2751,HC/R/Ncbsc/Sp3fs,1,Isa,62,4,16,no,mapping gap,review parser mapping before adding regression
2752,HC/Vri1cs,1,Isa,63,5,4,no,mapping gap,review parser mapping before adding regression
2753,HTd/Vhrmsc/Sp3mp,1,Isa,63,11,7,no,mapping gap,review parser mapping before adding regression
2754,HC/VNi1cp,1,Isa,64,4,14,no,mapping gap,review parser mapping before adding regression
2755,HC/Vpi2ms/Sp1cp,1,Isa,64,11,6,no,mapping gap,review parser mapping before adding regression
2756,HVprmpc/Sp2mp,1,Isa,66,5,10,no,mapping gap,review parser mapping before adding regression
2757,HTi/VHi3ms,1,Isa,66,8,7,no,mapping gap,review parser mapping before adding regression
2758,HVLi2mp,1,Isa,66,12,20,no,mapping gap,review parser mapping before adding regression
2759,HC/Td/Vtrmpa,1,Isa,66,17,2,no,mapping gap,review parser mapping before adding regression
2760,HVhi3fp/Sp2fs,1,Jer,2,19,4,no,mapping gap,review parser mapping before adding regression
2761,HC/Vhi2fs,1,Jer,2,22,5,no,mapping gap,review parser mapping before adding regression
2762,HVqp2fs/Sp1cp,1,Jer,2,27,8,no,mapping gap,review parser mapping before adding regression
2763,HC/R/Ncfsc/Sp2fs,1,Jer,3,2,19,no,mapping gap,review parser mapping before adding regression
2764,HC/Vpi3fs/Sp1cp,1,Jer,3,25,3,no,mapping gap,review parser mapping before adding regression
2765,HVpp2ms/Sp3mp,1,Jer,5,3,9,no,mapping gap,review parser mapping before adding regression
2766,HC/Td/VPsfsa,1,Jer,6,2,2,no,mapping gap,review parser mapping before adding regression
2767,HVhp3fs/Sp1cp,1,Jer,6,24,7,no,mapping gap,review parser mapping before adding regression
2768,HTi/Tn/Sp2ms,1,Jer,7,17,1,no,mapping gap,review parser mapping before adding regression
2769,HVvp3cp,1,Jer,8,2,17,no,mapping gap,review parser mapping before adding regression
2770,HRd/Vorfpa,1,Jer,9,16,7,no,mapping gap,review parser mapping before adding regression
2771,HC/Vpi3fp,1,Jer,9,17,1,no,mapping gap,review parser mapping before adding regression
2772,HC/Ncmdc/Sp1cp,1,Jer,9,17,8,no,mapping gap,review parser mapping before adding regression
2773,HC/Vpv2fp,1,Jer,9,19,10,no,mapping gap,review parser mapping before adding regression
2774,AR/Pdxcs,1,Jer,10,11,1,no,mapping gap,review parser mapping before adding regression
2775,HTi/Sp1cs,1,Jer,11,14,13,no,mapping gap,review parser mapping before adding regression
2776,HTd/Ncfsa/Sh,1,Jer,11,15,5,no,mapping gap,review parser mapping before adding regression
2777,HAafsc/Sp2fs,1,Jer,11,15,12,no,mapping gap,review parser mapping before adding regression
2778,HVMp3cp,1,Jer,12,2,3,no,mapping gap,review parser mapping before adding regression
2779,HC/Vhw3mp/Sp2ms,1,Jer,12,5,5,no,mapping gap,review parser mapping before adding regression
2780,HVci2ms,1,Jer,12,5,7,no,mapping gap,review parser mapping before adding regression
2781,HC/VHp3cp,1,Jer,14,3,16,no,mapping gap,review parser mapping before adding regression
2782,HTi/Rd/Vqrmsa,1,Jer,18,6,1,no,mapping gap,review parser mapping before adding regression
2783,HC/Vqj3fp,1,Jer,18,21,10,no,mapping gap,review parser mapping before adding regression
2784,HVHsmpc,1,Jer,18,21,19,no,mapping gap,review parser mapping before adding regression
2785,HVlc,1,Jer,20,9,15,no,mapping gap,review parser mapping before adding regression
2786,HVQp1cs,1,Jer,20,14,4,no,mapping gap,review parser mapping before adding regression
2787,HVop3ms/Sp1cs,1,Jer,20,17,3,no,mapping gap,review parser mapping before adding regression
2788,HVcrmsa,1,Jer,22,15,4,no,mapping gap,review parser mapping before adding regression
2789,HC/Vprmpc/Sp2fs,1,Jer,22,22,5,no,mapping gap,review parser mapping before adding regression
2790,HC/Vhw2mp/Sp3mp,1,Jer,23,2,16,no,mapping gap,review parser mapping before adding regression
2791,HNcbsc/Sp3fp,1,Jer,23,3,15,no,mapping gap,review parser mapping before adding regression
2792,HR/Vprmpc/Sp1cs,1,Jer,23,17,3,no,mapping gap,review parser mapping before adding regression
2793,HTi/Ncmpc,1,Jer,23,23,1,no,mapping gap,review parser mapping before adding regression
2794,HVmrmpc/Sp2mp,1,Jer,27,9,11,no,mapping gap,review parser mapping before adding regression
2795,HC/R/Aafsa,1,Jer,28,8,16,no,mapping gap,review parser mapping before adding regression
2796,HVmi3fs,1,Jer,31,22,12,no,mapping gap,review parser mapping before adding regression
2797,HR/R/Aamsc/Sp3mp,1,Jer,31,34,18,no,mapping gap,review parser mapping before adding regression
2798,HTi/R/Sp1cs,1,Jer,32,27,7,no,mapping gap,review parser mapping before adding regression
2799,HC/Td/Ngfsa,1,Jer,34,9,9,no,mapping gap,review parser mapping before adding regression
2800,HC/Vzrmpa,1,Jer,41,5,12,no,mapping gap,review parser mapping before adding regression
2801,HC/Vqrmsc/Sd,1,Jer,43,11,1,no,mapping gap,review parser mapping before adding regression
2802,HTn/Sp1cp,1,Jer,44,16,7,no,mapping gap,review parser mapping before adding regression
2803,HVhi2fp,1,Jer,44,25,28,no,mapping gap,review parser mapping before adding regression
2804,HC/Vkp3ms,1,Jer,46,27,20,no,mapping gap,review parser mapping before adding regression
2805,HC/Vhh1cp/Sp3fs,1,Jer,48,2,10,no,mapping gap,review parser mapping before adding regression
2806,HC/Vqi2fp,1,Jer,48,6,4,no,mapping gap,review parser mapping before adding regression
2807,HVkp3ms,1,Jer,48,11,1,no,mapping gap,review parser mapping before adding regression
2808,HC/Vrv2fp,1,Jer,49,3,12,no,mapping gap,review parser mapping before adding regression
2809,HVHv2mp,1,Jer,49,8,2,no,mapping gap,review parser mapping before adding regression
2810,HVqp3fs/Sp3fs,1,Jer,49,24,9,no,mapping gap,review parser mapping before adding regression
2811,HVNsmpc,1,Jer,49,36,20,no,mapping gap,review parser mapping before adding regression
2812,HR/Vpq1cs,1,Jer,49,37,17,no,mapping gap,review parser mapping before adding regression
2813,HVop3cp/Sp3mp,1,Jer,50,6,10,no,mapping gap,review parser mapping before adding regression
2814,HC/Vqi2fs,1,Jer,50,11,14,no,mapping gap,review parser mapping before adding regression
2815,HVqrfsc/Sp2mp,1,Jer,50,12,5,no,mapping gap,review parser mapping before adding regression
2816,HC/Vlq1cs/Sp2ms,1,Jer,51,25,15,no,mapping gap,review parser mapping before adding regression
2817,HVla,1,Jer,51,58,8,no,mapping gap,review parser mapping before adding regression
2818,HVfi3fs,1,Jer,51,58,9,no,mapping gap,review parser mapping before adding regression
2819,HVMp3ms,1,Lam,1,12,13,no,mapping gap,review parser mapping before adding regression
2820,HRd/Vprmpc/Sp1cs,1,Lam,1,19,2,no,mapping gap,review parser mapping before adding regression
2821,HC/Vmv2ms,1,Lam,1,22,5,no,mapping gap,review parser mapping before adding regression
2822,HR/Vtc/Sp3mp,1,Lam,2,12,6,no,mapping gap,review parser mapping before adding regression
2823,HC/Vpi1cs/Sp2fs,1,Lam,2,13,11,no,mapping gap,review parser mapping before adding regression
2824,HTr/Vpp1cp/Sp3ms,1,Lam,2,16,14,no,mapping gap,review parser mapping before adding regression
2825,HR/Vhrmsc/Sp3ms,1,Lam,3,30,2,no,mapping gap,review parser mapping before adding regression
2826,HD/Sp3fp,1,Lam,4,17,1,no,mapping gap,review parser mapping before adding regression
2827,HD/Sp1cp,1,Lam,4,17,2,no,mapping gap,review parser mapping before adding regression
2828,HNcmdc/Sp1cp,1,Lam,4,20,2,no,mapping gap,review parser mapping before adding regression
2829,HC/Vti2fs,1,Lam,4,21,14,no,mapping gap,review parser mapping before adding regression
2830,HR/Vhc/Sp2fs,1,Lam,4,22,7,no,mapping gap,review parser mapping before adding regression
2831,HC/R/Vpc/Sp1cs,1,Ezek,3,27,1,no,mapping gap,review parser mapping before adding regression
2832,HAofsc/Sp2fs,1,Ezek,5,12,1,no,mapping gap,review parser mapping before adding regression
2833,HC/Vqi1cs/Sp2fs,1,Ezek,5,14,1,no,mapping gap,review parser mapping before adding regression
2834,HR/VNc/Sp2mp,1,Ezek,6,8,7,no,mapping gap,review parser mapping before adding regression
2835,HC/R/Ncmdc/Sp3ms,1,Ezek,8,2,10,no,mapping gap,review parser mapping before adding regression
2836,HTi/Vhrmsa,1,Ezek,9,8,13,no,mapping gap,review parser mapping before adding regression
2837,HC/Ncbdc/Sp3mp,1,Ezek,10,12,4,no,mapping gap,review parser mapping before adding regression
2838,HC/Vpp2mp,1,Ezek,11,6,5,no,mapping gap,review parser mapping before adding regression
2839,HTd/Vtrfpa,1,Ezek,13,17,9,no,mapping gap,review parser mapping before adding regression
2840,HR/Vprfpa,1,Ezek,13,18,7,no,mapping gap,review parser mapping before adding regression
2841,HVoi2fp,1,Ezek,13,18,22,no,mapping gap,review parser mapping before adding regression
2842,HNcfpc/Sp2fp,1,Ezek,13,20,8,no,mapping gap,review parser mapping before adding regression
2843,HPp2fp,1,Ezek,13,20,10,no,mapping gap,review parser mapping before adding regression
2844,HC/Vpq3fs/Sp3fs,1,Ezek,14,15,6,no,mapping gap,review parser mapping before adding regression
2845,HTi/VQi3ms,1,Ezek,15,3,1,no,mapping gap,review parser mapping before adding regression
2846,HVHp2fs,1,Ezek,16,4,14,no,mapping gap,review parser mapping before adding regression
2847,HC/VHw2fs,1,Ezek,16,5,11,no,mapping gap,review parser mapping before adding regression
2848,HC/Vpw1cs/Sp2fs,1,Ezek,16,10,7,no,mapping gap,review parser mapping before adding regression
2849,HC/Vpw2fs/Sp3mp,1,Ezek,16,18,5,no,mapping gap,review parser mapping before adding regression
2850,HC/Vqq2fs/Sp3ms,1,Ezek,16,19,9,no,mapping gap,review parser mapping before adding regression
2851,HC/R/Vqc/Sp2fs,1,Ezek,16,34,10,no,mapping gap,review parser mapping before adding regression
2852,HC/Vqrfpc,1,Ezek,16,38,4,no,mapping gap,review parser mapping before adding regression
2853,HC/R/Ncfpc/Sp3fp,1,Ezek,16,47,4,no,mapping gap,review parser mapping before adding regression
2854,HTi/Ncbsc/Sp1cs,1,Ezek,18,25,10,no,mapping gap,review parser mapping before adding regression
2855,HTi/Ncbpc/Sp1cs,1,Ezek,18,29,8,no,mapping gap,review parser mapping before adding regression
2856,HTi/R/Ncbsc,1,Ezek,20,30,10,no,mapping gap,review parser mapping before adding regression
2857,HAofsa/Sh,1,Ezek,21,19,11,no,mapping gap,review parser mapping before adding regression
2858,HVNc/Sp2mp,1,Ezek,21,29,16,no,mapping gap,review parser mapping before adding regression
2859,HNcmdc/Sp3fp,1,Ezek,23,3,7,no,mapping gap,review parser mapping before adding regression
2860,HNcbpc/Sp3fp,1,Ezek,23,3,11,no,mapping gap,review parser mapping before adding regression
2861,HR/Acmdc/Sp3fp,1,Ezek,23,13,6,no,mapping gap,review parser mapping before adding regression
2862,HC/Ncfdc/Sp2fs,1,Ezek,23,25,8,no,mapping gap,review parser mapping before adding regression
2863,HNcbdc/Sp3fp,1,Ezek,23,42,16,no,mapping gap,review parser mapping before adding regression
2864,HC/VDq3cp,1,Ezek,23,48,5,no,mapping gap,review parser mapping before adding regression
2865,HNcmpc/Sp2fp,1,Ezek,23,49,5,no,mapping gap,review parser mapping before adding regression
2866,HVpi3ms/Sp2fs,1,Ezek,26,10,3,no,mapping gap,review parser mapping before adding regression
2867,HTd/VPp3fs,1,Ezek,26,17,11,no,mapping gap,review parser mapping before adding regression
2868,HC/VPi2fs,1,Ezek,26,21,4,no,mapping gap,review parser mapping before adding regression
2869,HC/VNw2fs,1,Ezek,27,25,5,no,mapping gap,review parser mapping before adding regression
2870,HVhp3cp/Sp2fs,1,Ezek,27,26,3,no,mapping gap,review parser mapping before adding regression
2871,HC/Voq3cp,1,Ezek,27,32,5,no,mapping gap,review parser mapping before adding regression
2872,HVqp1cs/Sp1cs,1,Ezek,29,3,22,no,mapping gap,review parser mapping before adding regression
2873,HVop3fs/Sp3ms,1,Ezek,31,4,4,no,mapping gap,review parser mapping before adding regression
2874,HC/VHq2ms,1,Ezek,31,18,9,no,mapping gap,review parser mapping before adding regression
2875,HC/Voq3cp/Sp3fs,1,Ezek,32,16,3,no,mapping gap,review parser mapping before adding regression
2876,HC/VHv2ms/Sh,1,Ezek,32,19,4,no,mapping gap,review parser mapping before adding regression
2877,HC/Vqq1cp/Sp3fs,1,Ezek,35,10,11,no,mapping gap,review parser mapping before adding regression
2878,HC/Vprfsc,1,Ezek,36,13,12,no,mapping gap,review parser mapping before adding regression
2879,HTi/Vqi3fp,1,Ezek,37,3,5,no,mapping gap,review parser mapping before adding regression
2880,HC/Vtp1cs,1,Ezek,37,10,1,no,mapping gap,review parser mapping before adding regression
2881,HC/R/Vhc/Sp1cs,1,Ezek,37,13,8,no,mapping gap,review parser mapping before adding regression
2882,HR/Acmpa,1,Ezek,37,17,10,no,mapping gap,review parser mapping before adding regression
2883,HVosfsa,1,Ezek,38,8,9,no,mapping gap,review parser mapping before adding regression
2884,HTd/Aamsa/Sh,1,Ezek,40,19,5,no,mapping gap,review parser mapping before adding regression
2885,HR/Td/Ncbpa,1,Ezek,40,25,7,no,mapping gap,review parser mapping before adding regression
2886,HC/R/Ncmsa/Sd,1,Ezek,40,44,1,no,mapping gap,review parser mapping before adding regression
2887,HRd/VHsmsa,1,Ezek,41,11,3,no,mapping gap,review parser mapping before adding regression
2888,HC/R/R/Sd,1,Ezek,42,9,1,no,mapping gap,review parser mapping before adding regression
2889,HC/R/Td/Ncfsa,1,Ezek,43,14,11,no,mapping gap,review parser mapping before adding regression
2890,HNcmdc/Sp3mp,1,Ezek,44,18,10,no,mapping gap,review parser mapping before adding regression
2891,HC/R/Vhc/Sp2mp,1,Ezek,45,1,1,no,mapping gap,review parser mapping before adding regression
2892,HTd/Acbda,1,Ezek,45,15,6,no,mapping gap,review parser mapping before adding regression
2893,HC/Vvq3ms,1,Ezek,46,2,17,no,mapping gap,review parser mapping before adding regression
2894,HC/R/R/Ncfsc,1,Dan,1,18,1,no,mapping gap,review parser mapping before adding regression
2895,AVpi1cp,1,Dan,2,4,13,no,mapping gap,review parser mapping before adding regression
2896,AR/Ngmsd/Td,1,Dan,2,5,4,no,mapping gap,review parser mapping before adding regression
2897,AR/Ngmpa/Sp1cs,1,Dan,2,5,5,no,mapping gap,review parser mapping before adding regression
2898,AC/Ncmpc/Sp2mp,1,Dan,2,5,16,no,mapping gap,review parser mapping before adding regression
2899,AVui3mp,1,Dan,2,5,18,no,mapping gap,review parser mapping before adding regression
2900,AVpi2mp,1,Dan,2,6,9,no,mapping gap,review parser mapping before adding regression
2901,AVhv2mp/Sp1cs,1,Dan,2,6,15,no,mapping gap,review parser mapping before adding regression
2902,AAobpa,1,Dan,2,7,2,no,mapping gap,review parser mapping before adding regression
2903,APp2mp,1,Dan,2,8,10,no,mapping gap,review parser mapping before adding regression
2904,ANcfsc/Sp2mp,1,Dan,2,9,8,no,mapping gap,review parser mapping before adding regression
2905,AVhp2mp,1,Dan,2,9,12,no,mapping gap,review parser mapping before adding regression
2906,AC/Vqi1cs,1,Dan,2,9,24,no,mapping gap,review parser mapping before adding regression
2907,AC/Ngbsa,1,Dan,2,10,31,no,mapping gap,review parser mapping before adding regression
2908,AVpi3ms/Sp3fs,1,Dan,2,11,10,no,mapping gap,review parser mapping before adding regression
2909,ATa/Sp3ms,1,Dan,2,11,20,no,mapping gap,review parser mapping before adding regression
2910,AR/VMc,1,Dan,2,13,8,no,mapping gap,review parser mapping before adding regression
2911,ATi,1,Dan,2,15,8,no,mapping gap,review parser mapping before adding regression
2912,AVhrfsa,1,Dan,2,15,10,no,mapping gap,review parser mapping before adding regression
2913,AC/Vhrmsa,1,Dan,2,21,7,no,mapping gap,review parser mapping before adding regression
2914,AR/Vqrmpc,1,Dan,2,21,13,no,mapping gap,review parser mapping before adding regression
2915,AVhp2ms/Sp1cs,1,Dan,2,23,13,no,mapping gap,review parser mapping before adding regression
2916,AVhp2ms/Sp1cp,1,Dan,2,23,20,no,mapping gap,review parser mapping before adding regression
2917,AVhv2ms/Sp1cs,1,Dan,2,24,22,no,mapping gap,review parser mapping before adding regression
2918,AVpi1cs,1,Dan,2,24,27,no,mapping gap,review parser mapping before adding regression
2919,AVhp3ms/Sp2ms,1,Dan,2,29,14,no,mapping gap,review parser mapping before adding regression
2920,APdxbs,1,Dan,2,31,10,no,mapping gap,review parser mapping before adding regression
2921,AR/R/Sp2ms,1,Dan,2,31,15,no,mapping gap,review parser mapping before adding regression
2922,APd3ms,1,Dan,2,32,1,no,mapping gap,review parser mapping before adding regression
2923,AR/Acfsa,1,Dan,2,35,3,no,mapping gap,review parser mapping before adding regression
2924,AC/Vhp3ms/Sp2ms,1,Dan,2,38,13,no,mapping gap,review parser mapping before adding regression
2925,ANcfsc/Sd,1,Dan,2,39,5,no,mapping gap,review parser mapping before adding regression
2926,ANcfsd,1,Dan,2,39,6,no,mapping gap,review parser mapping before adding regression
2927,AC/Ncfpc,1,Dan,2,42,1,no,mapping gap,review parser mapping before adding regression
2928,AC/R/Ncmpc/Sp3mp,1,Dan,2,44,1,no,mapping gap,review parser mapping before adding regression
2929,AC/Vhi3fs,1,Dan,2,44,19,no,mapping gap,review parser mapping before adding regression
2930,AC/Vhsmsa,1,Dan,2,45,29,no,mapping gap,review parser mapping before adding regression
2931,AC/Vhp3ms/Sp3ms,1,Dan,2,48,10,no,mapping gap,review parser mapping before adding regression
2932,AC/Vpp3ms,1,Dan,2,49,5,no,mapping gap,review parser mapping before adding regression
2933,AVap3ms/Sp3ms,1,Dan,3,1,13,no,mapping gap,review parser mapping before adding regression
2934,APf3bs,1,Dan,3,6,2,no,mapping gap,review parser mapping before adding regression
2935,AR/Tr,1,Dan,3,7,6,no,mapping gap,review parser mapping before adding regression
2936,ATi/Ncmsa,1,Dan,3,14,5,no,mapping gap,review parser mapping before adding regression
2937,AC/Pi3cs,1,Dan,3,15,35,no,mapping gap,review parser mapping before adding regression
2938,ANcfpc/Sp1cs,1,Dan,3,15,41,no,mapping gap,review parser mapping before adding regression
2939,ANcmsc/Sp1cp,1,Dan,3,17,3,no,mapping gap,review parser mapping before adding regression
2940,AR/Vec/Sp1cp,1,Dan,3,17,8,no,mapping gap,review parser mapping before adding regression
2941,AVei3ms,1,Dan,3,17,16,no,mapping gap,review parser mapping before adding regression
2942,ANcmdc/Sp3ms,1,Dan,3,19,6,no,mapping gap,review parser mapping before adding regression
2943,AR/Vqc/Sp3ms,1,Dan,3,19,23,no,mapping gap,review parser mapping before adding regression
2944,AAcmsc/Sp3mp,1,Dan,3,23,3,no,mapping gap,review parser mapping before adding regression
2945,AVpsmpa,1,Dan,3,23,13,no,mapping gap,review parser mapping before adding regression
2946,AC/Vqv2mp,1,Dan,3,26,20,no,mapping gap,review parser mapping before adding regression
2947,AC/VMrmpa,1,Dan,3,27,1,no,mapping gap,review parser mapping before adding regression
2948,AVMp3ms,1,Dan,3,27,18,no,mapping gap,review parser mapping before adding regression
2949,ATo/Ncmpc/Sp3ms,1,Dan,3,28,15,no,mapping gap,review parser mapping before adding regression
2950,AVup3mp,1,Dan,3,28,17,no,mapping gap,review parser mapping before adding regression
2951,ATo/Ncmsc/Sp3mp,1,Dan,3,28,33,no,mapping gap,review parser mapping before adding regression
2952,AC/Vpi3ms/Sp1cs,1,Dan,4,2,3,no,mapping gap,review parser mapping before adding regression
2953,AVhi3mp/Sp1cs,1,Dan,4,3,12,no,mapping gap,review parser mapping before adding regression
2954,ANgmsc/Sp1cs,1,Dan,4,4,7,no,mapping gap,review parser mapping before adding regression
2955,AVai3fs,1,Dan,4,9,9,no,mapping gap,review parser mapping before adding regression
2956,AVav2mp,1,Dan,4,11,9,no,mapping gap,review parser mapping before adding regression
2957,AC/R/Pfxcs,1,Dan,4,14,19,no,mapping gap,review parser mapping before adding regression
2958,AVpi3ms/Sp2ms,1,Dan,4,16,18,no,mapping gap,review parser mapping before adding regression
2959,AC/Vqp2ms,1,Dan,4,19,7,no,mapping gap,review parser mapping before adding regression
2960,AC/Ncfsc/Sp2ms,1,Dan,4,19,8,no,mapping gap,review parser mapping before adding regression
2961,AC/Vpv2mp/Sp3ms,1,Dan,4,20,12,no,mapping gap,review parser mapping before adding regression
2962,AC/To/Sp2ms,1,Dan,4,22,1,no,mapping gap,review parser mapping before adding regression
2963,AR/To,1,Dan,4,22,16,no,mapping gap,review parser mapping before adding regression
2964,AVqp1cs/Sp3fs,1,Dan,4,27,11,no,mapping gap,review parser mapping before adding regression
2965,ATo/Sp2ms,1,Dan,4,29,3,no,mapping gap,review parser mapping before adding regression
2966,AC/To/Aamsc,1,Dan,4,31,14,no,mapping gap,review parser mapping before adding regression
2967,AC/Vpp1cs,1,Dan,4,31,17,no,mapping gap,review parser mapping before adding regression
2968,AR/Tn,1,Dan,4,32,5,no,mapping gap,review parser mapping before adding regression
2969,APixbs,1,Dan,4,32,21,no,mapping gap,review parser mapping before adding regression
2970,AC/To/Ncmsc,1,Dan,4,33,6,no,mapping gap,review parser mapping before adding regression
2971,AC/Vormsa,1,Dan,4,34,5,no,mapping gap,review parser mapping before adding regression
2972,AC/R/R,1,Dan,5,1,8,no,mapping gap,review parser mapping before adding regression
2973,AAcmsd/Td,1,Dan,5,1,9,no,mapping gap,review parser mapping before adding regression
2974,AC/Vqi3mp,1,Dan,5,2,17,no,mapping gap,review parser mapping before adding regression
2975,AVqp3fp,1,Dan,5,5,4,no,mapping gap,review parser mapping before adding regression
2976,AC/Vqrfpa,1,Dan,5,5,9,no,mapping gap,review parser mapping before adding regression
2977,AVqp3mp/Sp3ms,1,Dan,5,6,4,no,mapping gap,review parser mapping before adding regression
2978,AR/Pdxfs,1,Dan,5,6,12,no,mapping gap,review parser mapping before adding regression
2979,AVpi3ms/Sp1cs,1,Dan,5,7,22,no,mapping gap,review parser mapping before adding regression
2980,AC/Aomsa,1,Dan,5,7,31,no,mapping gap,review parser mapping before adding regression
2981,AC/Ncmsd/Sp3ms,1,Dan,5,8,12,no,mapping gap,review parser mapping before adding regression
2982,AVpi3mp/Sp2ms,1,Dan,5,10,17,no,mapping gap,review parser mapping before adding regression
2983,AVhp3ms/Sp3ms,1,Dan,5,11,26,no,mapping gap,review parser mapping before adding regression
2984,AVprmsc,1,Dan,5,12,8,no,mapping gap,review parser mapping before adding regression
2985,AC/Vhc,1,Dan,5,12,10,no,mapping gap,review parser mapping before adding regression
2986,AC/Vprmpc,1,Dan,5,12,12,no,mapping gap,review parser mapping before adding regression
2987,AC/Vqp1cs,1,Dan,5,14,1,no,mapping gap,review parser mapping before adding regression
2988,AC/Aobsa,1,Dan,5,16,28,no,mapping gap,review parser mapping before adding regression
2989,AVqi3fp,1,Dan,5,17,9,no,mapping gap,review parser mapping before adding regression
2990,AR/Aamsa,1,Dan,5,17,11,no,mapping gap,review parser mapping before adding regression
2991,AVhi1cs/Sp3ms,1,Dan,5,17,18,no,mapping gap,review parser mapping before adding regression
2992,AC/C/C,1,Dan,5,20,1,no,mapping gap,review parser mapping before adding regression
2993,AC/R/Pf3cs,1,Dan,5,21,30,no,mapping gap,review parser mapping before adding regression
2994,AVrp2ms,1,Dan,5,23,4,no,mapping gap,review parser mapping before adding regression
2995,AC/To/Ncmpd/Td,1,Dan,5,23,5,no,mapping gap,review parser mapping before adding regression
2996,AC/Pdxms,1,Dan,5,25,1,no,mapping gap,review parser mapping before adding regression
2997,AC/Nxxxa,1,Dan,5,25,8,no,mapping gap,review parser mapping before adding regression
2998,AC/Vhp3ms/Sp3fs,1,Dan,5,26,8,no,mapping gap,review parser mapping before adding regression
2999,AVQi2ms,1,Dan,5,27,2,no,mapping gap,review parser mapping before adding regression
3000,AC/Vup2ms,1,Dan,5,27,4,no,mapping gap,review parser mapping before adding regression
3001,AR/Ngmsd,1,Dan,5,28,5,no,mapping gap,review parser mapping before adding regression
3002,AC/Ngmsd,1,Dan,5,28,6,no,mapping gap,review parser mapping before adding regression
3003,AAcbpa,1,Dan,6,1,7,no,mapping gap,review parser mapping before adding regression
3004,AVhsmsa,1,Dan,6,5,20,no,mapping gap,review parser mapping before adding regression
3005,AVhp1cp,1,Dan,6,6,13,no,mapping gap,review parser mapping before adding regression
3006,AVPp3mp,1,Dan,6,8,1,no,mapping gap,review parser mapping before adding regression
3007,AC/R/Vpc,1,Dan,6,8,12,no,mapping gap,review parser mapping before adding regression
3008,AVai2ms,1,Dan,6,9,3,no,mapping gap,review parser mapping before adding regression
3009,AVQsfpa,1,Dan,6,11,10,no,mapping gap,review parser mapping before adding regression
3010,AC/VMrmsa,1,Dan,6,12,8,no,mapping gap,review parser mapping before adding regression
3011,AR/Vec/Sp3ms,1,Dan,6,15,13,no,mapping gap,review parser mapping before adding regression
3012,AVei3ms/Sp2ms,1,Dan,6,17,22,no,mapping gap,review parser mapping before adding regression
3013,AC/VHp3fs,1,Dan,6,18,1,no,mapping gap,review parser mapping before adding regression
3014,AC/Vqp3ms/Sp3fs,1,Dan,6,18,8,no,mapping gap,review parser mapping before adding regression
3015,AC/R/Ncfsa,1,Dan,6,20,6,no,mapping gap,review parser mapping before adding regression
3016,ATi/Vqp3ms,1,Dan,6,21,22,no,mapping gap,review parser mapping before adding regression
3017,AR/Vec/Sp2ms,1,Dan,6,21,23,no,mapping gap,review parser mapping before adding regression
3018,AVpp3mp/Sp1cs,1,Dan,6,23,8,no,mapping gap,review parser mapping before adding regression
3019,AC/To/Np,1,Dan,6,24,6,no,mapping gap,review parser mapping before adding regression
3020,AVermsa,1,Dan,6,28,1,no,mapping gap,review parser mapping before adding regression
3021,AC/R/Ncfsd/Td,1,Dan,6,28,7,no,mapping gap,review parser mapping before adding regression
3022,AVep3ms,1,Dan,6,28,9,no,mapping gap,review parser mapping before adding regression
3023,AVarfpa,1,Dan,7,2,13,no,mapping gap,review parser mapping before adding regression
3024,AC/Ncbpa,1,Dan,7,4,3,no,mapping gap,review parser mapping before adding regression
3025,ANcbpc/Sp3fs,1,Dan,7,4,12,no,mapping gap,review parser mapping before adding regression
3026,ANcfda,1,Dan,7,4,17,no,mapping gap,review parser mapping before adding regression
3027,ANcbpa,1,Dan,7,6,9,no,mapping gap,review parser mapping before adding regression
3028,AC/Varfsa,1,Dan,7,7,21,no,mapping gap,review parser mapping before adding regression
3029,AR/Ncfsc/Sp3fs,1,Dan,7,7,24,no,mapping gap,review parser mapping before adding regression
3030,AVpsfsa,1,Dan,7,7,27,no,mapping gap,review parser mapping before adding regression
3031,AR/Ncfpc,1,Dan,7,8,22,no,mapping gap,review parser mapping before adding regression
3032,AC/Acfsc,1,Dan,7,10,12,no,mapping gap,review parser mapping before adding regression
3033,AVprfsa,1,Dan,7,11,10,no,mapping gap,review parser mapping before adding regression
3034,AVhp3mp/Sp3ms,1,Dan,7,13,18,no,mapping gap,review parser mapping before adding regression
3035,AAomsa,1,Dan,7,16,3,no,mapping gap,review parser mapping before adding regression
3036,AVqrmpd/Td,1,Dan,7,16,5,no,mapping gap,review parser mapping before adding regression
3037,AVhi3ms/Sp1cs,1,Dan,7,16,16,no,mapping gap,review parser mapping before adding regression
3038,APp3fp,1,Dan,7,17,5,no,mapping gap,review parser mapping before adding regression
3039,AAabsa,1,Dan,7,17,7,no,mapping gap,review parser mapping before adding regression
3040,AC/Vpi3mp,1,Dan,7,18,1,no,mapping gap,review parser mapping before adding regression
3041,AC/Vai3mp,1,Dan,7,18,5,no,mapping gap,review parser mapping before adding regression
3042,ANcfdc/Sp3fs,1,Dan,7,19,15,no,mapping gap,review parser mapping before adding regression
3043,AC/Ncfpc/Sp3fs,1,Dan,7,19,19,no,mapping gap,review parser mapping before adding regression
3044,AR/Ncfpc/Sp3fs,1,Dan,7,19,25,no,mapping gap,review parser mapping before adding regression
3045,AC/Vqp3fp,1,Dan,7,20,10,no,mapping gap,review parser mapping before adding regression
3046,AC/Ncmsc/Sp3fs,1,Dan,7,20,22,no,mapping gap,review parser mapping before adding regression
3047,ANcfpc/Sp3fs,1,Dan,7,20,25,no,mapping gap,review parser mapping before adding regression
3048,AC/Vqrfsa,1,Dan,7,21,9,no,mapping gap,review parser mapping before adding regression
3049,AR/Aampc,1,Dan,7,22,8,no,mapping gap,review parser mapping before adding regression
3050,AC/Vqi3fs/Sp3fs,1,Dan,7,23,18,no,mapping gap,review parser mapping before adding regression
3051,AC/Vai3fs/Sp3fs,1,Dan,7,23,19,no,mapping gap,review parser mapping before adding regression
3052,AC/R/Aampc,1,Dan,7,25,6,no,mapping gap,review parser mapping before adding regression
3053,AC/Vui3mp,1,Dan,7,25,13,no,mapping gap,review parser mapping before adding regression
3054,AC/VMi3mp,1,Dan,7,27,20,no,mapping gap,review parser mapping before adding regression
3055,AC/Ncmpc/Sp1cs,1,Dan,7,28,11,no,mapping gap,review parser mapping before adding regression
3056,HRd/Pf,1,Dan,8,13,8,no,mapping gap,review parser mapping before adding regression
3057,HR/Pdxcs,1,Dan,8,16,10,no,mapping gap,review parser mapping before adding regression
3058,HVqrfpc/Sp1cp,1,Dan,9,18,9,no,mapping gap,review parser mapping before adding regression
3059,HC/Vhrmpc/Sp3fs,1,Dan,11,6,22,no,mapping gap,review parser mapping before adding regression
3060,HC/Td/Vqrmsc/Sp3fs,1,Dan,11,6,23,no,mapping gap,review parser mapping before adding regression
3061,HC/Vhrmsc/Sp3fs,1,Dan,11,6,24,no,mapping gap,review parser mapping before adding regression
3062,HC/Vfi3ms,1,Dan,11,11,1,no,mapping gap,review parser mapping before adding regression
3063,HC/Rd/Aafsa,1,Dan,11,29,8,no,mapping gap,review parser mapping before adding regression
3064,HC/Vhj3fs,1,Hos,2,4,11,no,mapping gap,review parser mapping before adding regression
3065,HVqrfsc/Sp3mp,1,Hos,2,7,5,no,mapping gap,review parser mapping before adding regression
3066,HC/Vpq3fs/Sp3mp,1,Hos,2,9,7,no,mapping gap,review parser mapping before adding regression
3067,HC/Ncbsc/Sp3fs,1,Hos,2,13,6,no,mapping gap,review parser mapping before adding regression
3068,HVprmsc/Sp3fs,1,Hos,2,16,4,no,mapping gap,review parser mapping before adding regression
3069,HC/VKq3ms,1,Hos,4,3,5,no,mapping gap,review parser mapping before adding regression
3070,HC/Ncfsa/Sh,1,Hos,8,7,4,no,mapping gap,review parser mapping before adding regression
3071,HVpv2mp/Sp1cp,1,Hos,10,8,13,no,mapping gap,review parser mapping before adding regression
3072,HC/Aafpc/Sp3ms,1,Hos,14,1,10,no,mapping gap,review parser mapping before adding regression
3073,HC/Vqj3ms/Sp3mp,1,Hos,14,10,6,no,mapping gap,review parser mapping before adding regression
3074,HC/Ncfsc/Sp2fp,1,Amos,4,2,13,no,mapping gap,review parser mapping before adding regression
3075,HVhrmsc/Sp3fs,1,Amos,5,2,11,no,mapping gap,review parser mapping before adding regression
3076,HVmc/Sp2mp,1,Amos,5,11,3,no,mapping gap,review parser mapping before adding regression
3077,HTi/Aampa,1,Amos,6,2,11,no,mapping gap,review parser mapping before adding regression
3078,HC/Vhw2mp/Sn,1,Amos,6,3,4,no,mapping gap,review parser mapping before adding regression
3079,HTi/Vqi3mp/Sn,1,Amos,6,12,1,no,mapping gap,review parser mapping before adding regression
3080,HC/Vqp1cs/Sp3mp,1,Amos,9,3,7,no,mapping gap,review parser mapping before adding regression
3081,HC/Vqp3ms/Sp3mp,1,Amos,9,3,18,no,mapping gap,review parser mapping before adding regression
3082,HC/Vqp3fs/Sp3mp,1,Amos,9,4,10,no,mapping gap,review parser mapping before adding regression
3083,HVri3fp,1,Amos,9,13,18,no,mapping gap,review parser mapping before adding regression
3084,HR/Tr/R/Ti,1,Jonah,1,7,9,no,mapping gap,review parser mapping before adding regression
3085,HC/Vhv2mp/Sp1cs,1,Jonah,1,12,4,no,mapping gap,review parser mapping before adding regression
3086,HR/Tr/R/Sp1cs,1,Jonah,1,12,14,no,mapping gap,review parser mapping before adding regression
3087,HTi/Vqsmsa,1,Mic,2,7,1,no,mapping gap,review parser mapping before adding regression
3088,HTd/Ncmsc/Sp3ms,1,Mic,2,12,15,no,mapping gap,review parser mapping before adding regression
3089,HVhp3ms/Sp2fs,1,Mic,4,9,12,no,mapping gap,review parser mapping before adding regression
3090,HC/Vhq2fs,1,Mic,4,13,12,no,mapping gap,review parser mapping before adding regression
3091,HNp/Sp2ms,1,Mic,5,13,2,no,mapping gap,review parser mapping before adding regression
3092,HTi/Vpi1cs/Sp3ms,1,Mic,6,6,7,no,mapping gap,review parser mapping before adding regression
3093,HR/Vqrfsc,1,Mic,7,5,7,no,mapping gap,review parser mapping before adding regression
3094,HC/Vpi3fs/Sp3fs,1,Mic,7,10,3,no,mapping gap,review parser mapping before adding regression
3095,HVfi3mp/Sn,1,Nah,2,5,4,no,mapping gap,review parser mapping before adding regression
3096,HVmrfpa,1,Nah,2,8,8,no,mapping gap,review parser mapping before adding regression
3097,HTi/Vhi2fs,1,Nah,3,8,1,no,mapping gap,review parser mapping before adding regression
3098,HVNsmpc/Sp3fs,1,Nah,3,10,13,no,mapping gap,review parser mapping before adding regression
3099,HVhi3fs/Sp2fs,1,Nah,3,15,4,no,mapping gap,review parser mapping before adding regression
3100,HC/VMp3ms,1,Nah,3,17,12,no,mapping gap,review parser mapping before adding regression
3101,HVfi3ms,1,Hab,2,3,10,no,mapping gap,review parser mapping before adding regression
3102,HVlrmpc/Sp2ms,1,Hab,2,7,6,no,mapping gap,review parser mapping before adding regression
3103,HVhi3ms/Sp3fp,1,Hab,2,17,7,no,mapping gap,review parser mapping before adding regression
3104,HVpv2ms/Sp3ms,1,Hab,3,2,9,no,mapping gap,review parser mapping before adding regression
3105,HC/VQq3ms,1,Zeph,1,17,8,no,mapping gap,review parser mapping before adding regression
3106,HVpi3mp/Sp3fs,1,Zeph,2,4,9,no,mapping gap,review parser mapping before adding regression
3107,HC/Vpq3fs/Sp3ms,1,Zech,5,4,17,no,mapping gap,review parser mapping before adding regression
3108,HC/R/Sp3fp,1,Zech,5,9,10,no,mapping gap,review parser mapping before adding regression
3109,HC/VHq3fs,1,Zech,5,11,9,no,mapping gap,review parser mapping before adding regression
3110,HC/Vtw3fp,1,Zech,6,7,11,no,mapping gap,review parser mapping before adding regression
3111,HC/Rd/Aomsa,1,Zech,7,5,13,no,mapping gap,review parser mapping before adding regression
3112,HVqp2mp/Sp1cs,1,Zech,7,5,18,no,mapping gap,review parser mapping before adding regression
3113,HVrrfpa,1,Zech,9,16,11,no,mapping gap,review parser mapping before adding regression
3114,HVqrmpc/Sp3fp,1,Zech,11,5,2,no,mapping gap,review parser mapping before adding regression
3115,HVqi3mp/Sp3fp,1,Zech,11,5,3,no,mapping gap,review parser mapping before adding regression
3116,HC/Ncfpc/Sp3fp,1,Zech,11,16,22,no,mapping gap,review parser mapping before adding regression
3117,HVqi3ms/Sn,1,Mal,2,12,5,no,mapping gap,review parser mapping before adding regression
3118,HC/Rd/VNrmpa,1,Mal,3,5,9,no,mapping gap,review parser mapping before adding regression
3119,HNp,26315,Gen,2,4,8,yes,mapping gap,already has exact regression
3120,HNcmsc,11429,Gen,1,11,9,yes,mapping gap,already has exact regression
3121,HR,10723,Gen,1,2,6,yes,mapping gap,already has exact regression
3122,HNcmsa,10230,Gen,1,2,3,yes,mapping gap,already has exact regression
3123,HTd/Ncmsa,7541,Gen,1,4,12,yes,mapping gap,already has exact regression
3124,HC/Vqw3ms,7065,Gen,1,3,1,yes,mapping gap,already has exact regression
3125,HTo,7054,Gen,1,1,4,yes,mapping gap,already has exact regression
3126,HC,5769,Gen,1,4,5,yes,mapping gap,already has exact regression
3127,HTr,4824,Gen,1,7,8,yes,mapping gap,already has exact regression
3128,HTn,4335,Gen,2,5,13,yes,mapping gap,already has exact regression
3129,HNcmpc,4155,Gen,3,14,22,yes,mapping gap,already has exact regression
3130,HNcfsa,4060,Gen,1,21,18,yes,mapping gap,already has exact regression
3131,HR/Ncmsc,3989,Gen,1,6,5,yes,mapping gap,already has exact regression
3132,HVqp3ms,3898,Gen,1,1,2,yes,mapping gap,already has exact regression
3133,HNcmpa,3832,Gen,1,1,3,yes,mapping gap,already has exact regression
3134,HR/Np,3510,Gen,2,8,5,yes,mapping gap,already has exact regression
3135,HR/Vqc,3135,Gen,1,22,4,yes,mapping gap,already has exact regression
3136,HR/Sp3ms,2914,Gen,1,11,16,yes,mapping gap,already has exact regression
3137,HD,2865,Gen,1,7,17,yes,mapping gap,already has exact regression
3138,HVqi3ms,2837,Gen,1,29,26,yes,mapping gap,already has exact regression
3139,HTd/Ncmpa,2792,Gen,1,1,5,yes,mapping gap,already has exact regression
3140,HRd/Ncmsa,2706,Gen,1,7,10,yes,mapping gap,already has exact regression
3141,HTd/Ncfsa,2472,Gen,1,9,11,yes,mapping gap,already has exact regression
3142,HAamsa,2453,Gen,1,4,6,yes,mapping gap,already has exact regression
3143,HC/Np,2425,Gen,4,2,11,yes,mapping gap,already has exact regression
3144,HNcmsc/Sp3ms,2373,Gen,1,11,15,yes,mapping gap,already has exact regression
3145,HC/Vqw3mp,2313,Gen,2,25,1,yes,mapping gap,already has exact regression
3146,HR/Ncmsa,2282,Gen,2,8,6,yes,mapping gap,already has exact regression
3147,HNcfsc,2271,Gen,1,25,4,yes,mapping gap,already has exact regression
3148,HC/To,2194,Gen,1,1,6,yes,mapping gap,already has exact regression
3149,HC/Tn,1991,Gen,2,25,6,yes,mapping gap,already has exact regression
3150,HVqp3cp,1977,Gen,1,21,12,yes,mapping gap,already has exact regression
3151,HR/Sp1cs,1865,Gen,3,12,6,yes,mapping gap,already has exact regression
3152,HNcbsa,1846,Gen,1,2,8,yes,mapping gap,already has exact regression
3153,HTd/Ncbsa,1812,Gen,1,1,7,yes,mapping gap,already has exact regression
3154,HR/Sp3mp,1770,Gen,1,28,5,yes,mapping gap,already has exact regression
3155,HVqrmsa,1742,Gen,1,11,11,yes,mapping gap,already has exact regression
3156,HC/Ncmsc,1579,Gen,2,1,4,yes,mapping gap,already has exact regression
3157,HC/R,1496,Gen,1,4,11,yes,mapping gap,already has exact regression
3158,HC/Ncmsa,1414,Gen,1,2,4,yes,mapping gap,already has exact regression
3159,HNcmsc/Sp1cs,1406,Gen,4,9,12,yes,mapping gap,already has exact regression
3160,HVqi3mp,1351,Gen,1,20,3,yes,mapping gap,already has exact regression
3161,HNcbsc,1340,Gen,2,11,8,yes,mapping gap,already has exact regression
3162,HNcfpa,1227,Gen,3,7,13,yes,mapping gap,already has exact regression
3163,HC/Vqq3ms,1217,Gen,2,24,9,yes,mapping gap,already has exact regression
3164,HVqp1cs,1197,Gen,1,29,4,yes,mapping gap,already has exact regression
3165,HR/Ncbsc,1192,Gen,1,16,10,yes,mapping gap,already has exact regression
3166,HAcmsa,1135,Gen,1,5,13,yes,mapping gap,already has exact regression
3167,HR/Sp2ms,1132,Gen,3,11,4,yes,mapping gap,already has exact regression
3168,HNcmsc/Sp2ms,1102,Gen,3,10,3,yes,mapping gap,already has exact regression
3169,HAcbpa,1085,Gen,4,24,6,yes,mapping gap,already has exact regression
3170,HAampa,1078,Gen,2,25,3,yes,mapping gap,already has exact regression
3171,HVqi2ms,1030,Gen,2,16,11,yes,mapping gap,already has exact regression
3172,HTi,1030,Gen,2,19,17,yes,mapping gap,already has exact regression
3173,HTm,1023,Gen,1,29,3,yes,mapping gap,already has exact regression
3174,HAcfsa,1001,Gen,2,21,9,yes,mapping gap,already has exact regression
3175,HNcmpc/Sp3ms,997,Gen,6,3,12,yes,mapping gap,already has exact regression
3176,HPp1cs,986,Gen,3,10,9,yes,mapping gap,already has exact regression
3177,HVqv2ms,970,Gen,6,14,1,yes,mapping gap,already has exact regression
3178,HC/Vqw3fs,947,Gen,3,2,1,yes,mapping gap,already has exact regression
3179,HR/Ncfsa,928,Gen,1,1,1,yes,mapping gap,already has exact regression
3180,HPp3ms,871,Gen,2,11,4,yes,mapping gap,already has exact regression
3181,HTa,871,Gen,3,1,14,yes,mapping gap,already has exact regression
3182,HR/Sp2mp,867,Gen,1,29,5,yes,mapping gap,already has exact regression
3183,HVqi1cs,866,Gen,2,18,9,yes,mapping gap,already has exact regression
3184,HR/Sp3fs,853,Gen,2,21,13,yes,mapping gap,already has exact regression
3185,HR/Ncbpc,837,Gen,3,8,13,yes,mapping gap,already has exact regression
3186,HNcmpc/Sp1cs,811,Gen,15,2,3,yes,mapping gap,already has exact regression
3187,HR/Ncmpc,806,Gen,7,11,5,yes,mapping gap,already has exact regression
3188,HRd/Ncfsa,802,Gen,1,10,3,yes,mapping gap,already has exact regression
3189,HNcfsc/Sp3ms,798,Gen,2,2,5,yes,mapping gap,already has exact regression
3190,HVqv2mp,797,Gen,1,22,5,yes,mapping gap,already has exact regression
3191,HRd/Ncbsa,778,Gen,1,5,3,yes,mapping gap,already has exact regression
3192,HC/Vhw3ms,773,Gen,1,4,7,yes,mapping gap,already has exact regression
3193,HNcfpc,772,Gen,2,4,2,yes,mapping gap,already has exact regression
3194,HNcmpc/Sp2ms,766,Gen,3,14,23,yes,mapping gap,already has exact regression
3195,HR/Ncfsc,717,Gen,1,26,8,yes,mapping gap,already has exact regression
3196,HR/Sp2fs,716,Gen,3,16,16,yes,mapping gap,already has exact regression
3197,HVhp3ms,713,Gen,2,5,14,yes,mapping gap,already has exact regression
3198,HTd/Pdxms,699,Gen,7,1,16,yes,mapping gap,already has exact regression
3199,HVpp3ms,694,Gen,6,22,5,yes,mapping gap,already has exact regression
3200,HTd/Ngmsa,688,Gen,10,16,2,yes,mapping gap,already has exact regression
3201,HC/Vqq3cp,681,Gen,1,14,12,yes,mapping gap,already has exact regression
3202,HVqp3fs,675,Gen,1,2,2,yes,mapping gap,already has exact regression
3203,HC/Vqq2ms,675,Gen,3,18,5,yes,mapping gap,already has exact regression
3204,HR/Ncmsc/Sp3ms,654,Gen,1,11,13,yes,mapping gap,already has exact regression
3205,HC/Ncfsa,652,Gen,1,27,11,yes,mapping gap,already has exact regression
3206,HRd/Ncmpa,648,Gen,1,22,10,yes,mapping gap,already has exact regression
3207,HVqi3fs,638,Gen,9,2,14,yes,mapping gap,already has exact regression
3208,HR/Sp1cp,630,Gen,2,17,7,yes,mapping gap,already has exact regression
3209,HTd/Np,611,Gen,2,11,9,yes,mapping gap,already has exact regression
3210,HVqp2ms,599,Gen,3,11,15,yes,mapping gap,already has exact regression
3211,HAafsa,587,Gen,1,20,7,yes,mapping gap,already has exact regression
3212,HVqrmpa,577,Gen,4,10,7,yes,mapping gap,already has exact regression
3213,HTd/Ncfpa,577,Gen,14,16,13,yes,mapping gap,already has exact regression
3214,HNcmpc/Sp3mp,576,Gen,24,52,7,yes,mapping gap,already has exact regression
3215,HNcmsc/Sp3mp,551,Gen,5,2,8,yes,mapping gap,already has exact regression
3216,HR/Tr,549,Gen,7,9,10,yes,mapping gap,already has exact regression
3217,HTd/Aamsa,545,Gen,1,16,9,yes,mapping gap,already has exact regression
3218,HVqi2mp,544,Gen,3,1,19,yes,mapping gap,already has exact regression
3219,HPp2ms,540,Gen,3,11,7,yes,mapping gap,already has exact regression
3220,HNcbpa,535,Gen,32,8,17,yes,mapping gap,already has exact regression
3221,HR/R,527,Gen,1,7,9,yes,mapping gap,already has exact regression
3222,HR/Vhc,527,Gen,1,14,7,yes,mapping gap,already has exact regression
3223,HC/Vpw3ms,526,Gen,1,22,1,yes,mapping gap,already has exact regression
3224,HVhi3ms,499,Gen,17,20,15,yes,mapping gap,already has exact regression
3225,HVNi3ms,483,Gen,2,10,8,yes,mapping gap,already has exact regression
3226,HNcbsc/Sp3ms,483,Gen,3,22,15,yes,mapping gap,already has exact regression
3227,HTo/Sp3mp,478,Gen,1,17,2,yes,mapping gap,already has exact regression
3228,HTo/Sp3ms,477,Gen,1,27,9,yes,mapping gap,already has exact regression
3229,HC/D,474,Gen,3,22,12,yes,mapping gap,already has exact regression
3230,HC/R/Ncmsc,466,Gen,1,10,5,yes,mapping gap,already has exact regression
3231,HNcbpc,460,Gen,1,2,7,yes,mapping gap,already has exact regression
3232,HC/Ncmpc,453,Gen,7,10,4,yes,mapping gap,already has exact regression
3233,HVqrmpc,447,Gen,3,5,12,yes,mapping gap,already has exact regression
3234,HVNp3ms,418,Gen,14,14,4,yes,mapping gap,already has exact regression
3235,HNcbsc/Sp1cs,417,Gen,4,13,6,yes,mapping gap,already has exact regression
3236,HVqa,416,Gen,2,16,10,yes,mapping gap,already has exact regression
3237,HR/Ncmpa,415,Gen,1,6,11,yes,mapping gap,already has exact regression
3238,HC/Tm,413,Gen,1,31,7,yes,mapping gap,already has exact regression
3239,HNcmpc/Sp2mp,408,Gen,42,16,10,yes,mapping gap,already has exact regression
3240,HTd/Vqrmsa,407,Gen,1,26,17,yes,mapping gap,already has exact regression
3241,HNcmsc/Sp3fs,406,Gen,3,15,9,yes,mapping gap,already has exact regression
3242,HC/C,396,Gen,3,6,7,yes,mapping gap,already has exact regression
3243,HAcbsa,392,Gen,6,3,13,yes,mapping gap,already has exact regression
3244,HTd/Vqrmpa,392,Gen,9,18,4,yes,mapping gap,already has exact regression
3245,HC/Td/Ncmsa,390,Gen,1,22,11,yes,mapping gap,already has exact regression
3246,HC/Vqq1cs,383,Gen,4,14,10,yes,mapping gap,already has exact regression
3247,HTd/Aomsa,381,Gen,1,31,15,yes,mapping gap,already has exact regression
3248,HR/Ncmsc/Sp2ms,371,Gen,3,17,18,yes,mapping gap,already has exact regression
3249,HC/Vqw1cs,369,Gen,3,10,6,yes,mapping gap,already has exact regression
3250,HVhrmsa,354,Gen,1,6,8,yes,mapping gap,already has exact regression
3251,HTe,354,Gen,12,11,11,yes,mapping gap,already has exact regression
3252,HC/Ncmpa,341,Gen,2,4,11,yes,mapping gap,already has exact regression
3253,HR/Ncbsa,340,Gen,2,7,15,yes,mapping gap,already has exact regression
3254,HC/Vqq2mp,334,Gen,3,5,10,yes,mapping gap,already has exact regression
3255,HVpi3ms,329,Gen,18,19,5,yes,mapping gap,already has exact regression
3256,HPdxms,328,Gen,5,1,1,yes,mapping gap,already has exact regression
3257,HPdxcp,321,Gen,2,4,1,yes,mapping gap,already has exact regression
3258,HTd/Pp3ms,314,Gen,15,18,2,yes,mapping gap,already has exact regression
3259,HVqc,309,Gen,2,4,7,yes,mapping gap,already has exact regression
3260,HR/Ncmsc/Sp1cs,304,Gen,2,23,8,yes,mapping gap,already has exact regression
3261,HTo/Sp2mp,298,Gen,47,23,7,yes,mapping gap,already has exact regression
3262,HNcmpc/Sp1cp,293,Gen,23,6,8,yes,mapping gap,already has exact regression
3263,HTj,289,Gen,18,21,2,yes,mapping gap,already has exact regression
3264,HAcmsc,278,Gen,8,10,3,yes,mapping gap,already has exact regression
3265,HTd/Ngmpa,278,Gen,12,12,5,yes,mapping gap,already has exact regression
3266,HTd/Aafsa,274,Gen,1,21,9,yes,mapping gap,already has exact regression
3267,HVhi1cs,269,Gen,3,16,5,yes,mapping gap,already has exact regression
3268,HNgmpa,263,Gen,10,13,4,yes,mapping gap,already has exact regression
3269,HNcbsc/Sp2ms,262,Gen,19,17,8,yes,mapping gap,already has exact regression
3270,HNcfsc/Sp3mp,259,Gen,11,7,5,yes,mapping gap,already has exact regression
3271,HC/Vhq1cs,256,Gen,9,11,1,yes,mapping gap,already has exact regression
3272,HC/Ta,251,Gen,6,4,6,yes,mapping gap,already has exact regression
3273,HNp/Sd,243,Gen,10,19,6,yes,mapping gap,already has exact regression
3274,HC/Pp1cs,242,Gen,6,17,1,yes,mapping gap,already has exact regression
3275,HC/Vqv2ms,239,Gen,12,2,7,yes,mapping gap,already has exact regression
3276,HC/Aamsa,234,Gen,2,9,10,yes,mapping gap,already has exact regression
3277,HTd/Aampa,233,Gen,1,16,6,yes,mapping gap,already has exact regression
3278,HC/Vqq3fs,229,Gen,9,13,5,yes,mapping gap,already has exact regression
3279,HC/VNw3ms,225,Gen,4,18,1,yes,mapping gap,already has exact regression
3280,HVNrmsa,224,Gen,2,9,8,yes,mapping gap,already has exact regression
3281,HR/Ncfsc/Sp3ms,224,Gen,2,24,10,yes,mapping gap,already has exact regression
3282,HAampc,216,Gen,50,7,11,yes,mapping gap,already has exact regression
3283,HC/Vhq3ms,215,Gen,2,6,5,yes,mapping gap,already has exact regression
3284,HR/Ti,215,Gen,4,6,5,yes,mapping gap,already has exact regression
3285,HPp2mp,213,Gen,29,4,6,yes,mapping gap,already has exact regression
3286,HC/Ncmsc/Sp3ms,207,Gen,11,4,7,yes,mapping gap,already has exact regression
3287,HR/Ncbdc,204,Gen,6,8,4,yes,mapping gap,already has exact regression
3288,HVhi2ms,201,Gen,4,7,3,yes,mapping gap,already has exact regression
3289,HVhi3mp,198,Gen,29,2,16,yes,mapping gap,already has exact regression
3290,HNcbsc/Sp3mp,192,Gen,2,1,5,yes,mapping gap,already has exact regression
3291,HVqj2ms,191,Gen,15,1,12,yes,mapping gap,already has exact regression
3292,HVqv2ms/Sh,187,Gen,11,3,5,yes,mapping gap,already has exact regression
3293,HNcbpc/Sp3ms,186,Gen,4,5,11,yes,mapping gap,already has exact regression
3294,HR/Aamsa,185,Gen,19,11,8,yes,mapping gap,already has exact regression
3295,HVqj3ms,184,Gen,1,3,3,yes,mapping gap,already has exact regression
3296,HVqv2fs,184,Gen,12,13,1,yes,mapping gap,already has exact regression
3297,HVhv2ms,182,Gen,8,17,14,yes,mapping gap,already has exact regression
3298,HAafpa,180,Gen,6,2,8,yes,mapping gap,already has exact regression
3299,HR/Ncbpc/Sp3ms,177,Gen,2,21,10,yes,mapping gap,already has exact regression
3300,HNcmsc/Sp2fs,177,Gen,3,16,6,yes,mapping gap,already has exact regression
3301,HR/Ncmpc/Sp3ms,176,Gen,6,9,9,yes,mapping gap,already has exact regression
3302,HR/Ncfpc/Sp3mp,176,Gen,8,19,11,yes,mapping gap,already has exact regression
3303,HTm/Sp1cs,175,Gen,6,17,2,yes,mapping gap,already has exact regression
3304,HVpi1cs,170,Gen,24,45,3,yes,mapping gap,already has exact regression
3305,HVpi3mp,167,Gen,12,12,12,yes,mapping gap,already has exact regression
3306,HC/Ncfpa,166,Gen,1,14,16,yes,mapping gap,already has exact regression
3307,HAcmdc,165,Gen,1,16,4,yes,mapping gap,already has exact regression
3308,HNcfsc/Sp3fs,158,Gen,6,15,15,yes,mapping gap,already has exact regression
3309,HVqi3fp,144,Gen,30,38,10,yes,mapping gap,already has exact regression
3310,HR/Ncmsc/Sp3fs,139,Gen,1,24,7,yes,mapping gap,already has exact regression
3311,HR/Ncmpc/Sp3mp,138,Gen,10,5,9,yes,mapping gap,already has exact regression
3312,HRd/Aamsa,131,Gen,8,13,6,yes,mapping gap,already has exact regression
3313,HTd/Pp3fs,125,Gen,2,12,3,yes,mapping gap,already has exact regression
3314,HC/VNq3ms,121,Gen,41,30,6,yes,mapping gap,already has exact regression
3315,HVqh1cs,119,Gen,18,21,1,yes,mapping gap,already has exact regression
3316,HR/Ncbsc/Sp2ms,117,Gen,4,11,14,yes,mapping gap,already has exact regression
3317,HC/Td/Ngmsa,113,Gen,12,6,10,yes,mapping gap,already has exact regression
3318,HC/Pdxcp,106,Gen,10,1,1,yes,mapping gap,already has exact regression
3319,HC/Rd/Ncfsa,100,Gen,1,26,12,yes,mapping gap,already has exact regression
3320,ANcfsd/Td,96,Ezra,4,11,3,yes,mapping gap,already has exact regression
3321,HC/Vhw3ms/Sp3ms,94,Gen,2,15,6,yes,mapping gap,already has exact regression
3322,HAcfdc,94,Gen,4,19,4,yes,mapping gap,already has exact regression
3323,HPp1cp,94,Gen,13,8,18,yes,mapping gap,already has exact regression
3324,HC/Vqw3ms/Sp3ms,93,Gen,4,8,14,yes,mapping gap,already has exact regression
3325,HNcfpc/Sp2ms,93,Gen,19,15,14,yes,mapping gap,already has exact regression
3326,AVqp3ms,92,Ezra,4,17,2,yes,mapping gap,already has exact regression
3327,HVqi2mp/Sn,90,Gen,3,3,15,yes,mapping gap,already has exact regression
3328,HC/Vqh1cp,89,Gen,11,3,8,yes,mapping gap,already has exact regression
3329,HC/Vqh1cs,88,Gen,17,2,1,yes,mapping gap,already has exact regression
3330,HNgmsa,83,Gen,14,5,11,yes,mapping gap,already has exact regression
3331,HNcfpc/Sp2mp,83,Gen,34,9,3,yes,mapping gap,already has exact regression
3332,HVqrfpa,82,Gen,24,13,10,yes,mapping gap,already has exact regression
3333,HC/Td/Ncbsa,81,Gen,1,2,1,yes,mapping gap,already has exact regression
3334,HAcfda,81,Gen,5,8,5,yes,mapping gap,already has exact regression
3335,HNcbsa/Sd,74,Gen,18,2,15,yes,mapping gap,already has exact regression
3336,HR/Vqc/Sp3fs,73,Gen,2,15,9,yes,mapping gap,already has exact regression
3337,HR/Ncbpa,69,Gen,1,14,13,yes,mapping gap,already has exact regression
3338,HVqp1cs/Sp2ms,67,Gen,17,5,14,yes,mapping gap,already has exact regression
3339,HVNrmpa,67,Gen,18,2,7,yes,mapping gap,already has exact regression
3340,HVqh1cp,66,Gen,11,3,6,yes,mapping gap,already has exact regression
3341,HVqp3ms/Sp1cs,63,Gen,16,2,7,yes,mapping gap,already has exact regression
3342,HR/R/Sp3ms,62,Gen,2,18,12,yes,mapping gap,already has exact regression
3343,HC/Acmda,61,Deut,32,30,5,yes,mapping gap,already has exact regression
3344,HNcbda,60,Gen,20,16,12,yes,mapping gap,already has exact regression
3345,HVqj3mp,59,Gen,14,24,15,yes,mapping gap,already has exact regression
3346,HVqrmpc/Sp3ms,58,Gen,22,17,19,yes,mapping gap,already has exact regression
3347,HR/Vhc/Sp3ms,57,Gen,24,19,2,yes,mapping gap,already has exact regression
3348,HTd/Pp3mp,56,Gen,6,4,5,yes,mapping gap,already has exact regression
3349,HC/Ncfpc/Sp3fs,54,Gen,24,61,3,yes,mapping gap,already has exact regression
3350,HVqc/Sp2ms,52,Gen,2,17,10,yes,mapping gap,already has exact regression
3351,HTd/Acfsa,52,Gen,4,19,7,yes,mapping gap,already has exact regression
3352,HC/Pdxms,51,Gen,6,15,1,yes,mapping gap,already has exact regression
3353,HPp2fs,49,Gen,12,11,17,yes,mapping gap,already has exact regression
3354,HAcbda,48,Gen,11,23,7,yes,mapping gap,already has exact regression
3355,HC/Vhv2ms,48,Gen,38,8,10,yes,mapping gap,already has exact regression
3356,HVqrfsc,45,Gen,49,22,2,yes,mapping gap,already has exact regression
3357,HVqp1cs/Sp3ms,41,Gen,18,19,2,yes,mapping gap,already has exact regression
3358,HC/R/Tr,36,Gen,26,29,8,yes,mapping gap,already has exact regression
3359,HR/Ncmsc/Sp1cp,35,Gen,1,26,5,yes,mapping gap,already has exact regression
3360,HVhc/Sp3ms,35,Gen,5,4,5,yes,mapping gap,already has exact regression
3361,HVhv2fs,35,Gen,24,14,6,yes,mapping gap,already has exact regression
3362,HTn/Sp3ms,35,Gen,30,33,13,yes,mapping gap,already has exact regression
3363,HVqrmsc/Sp3ms,34,Gen,4,15,18,yes,mapping gap,already has exact regression
3364,HTd/Vqsmsa,34,Exod,3,16,22,yes,mapping gap,already has exact regression
3365,HC/Aafsa,33,Gen,27,34,9,yes,mapping gap,already has exact regression
3366,HC/R/D,30,Gen,2,10,7,yes,mapping gap,already has exact regression
3367,HC/Vpq2mp,30,Gen,45,13,11,yes,mapping gap,already has exact regression
3368,HVPsfsa,26,Gen,15,9,6,yes,mapping gap,already has exact regression
3369,HVqp3ms/Sp2ms,25,Exod,2,14,3,yes,mapping gap,already has exact regression
3370,HC/Aampc,25,Exod,3,18,5,yes,mapping gap,already has exact regression
3371,HNcfdc/Sp2ms,24,Exod,3,5,8,yes,mapping gap,already has exact regression
3372,AC/Ncmpd/Td,24,Ezra,4,9,10,yes,mapping gap,already has exact regression
3373,HR/Vhc/Sp2ms,23,Exod,3,12,11,yes,mapping gap,already has exact regression
3374,HC/Vhw3ms/Sp3fs,22,Gen,2,22,11,yes,mapping gap,already has exact regression
3375,HAomsa,21,Gen,1,8,10,yes,mapping gap,already has exact regression
3376,AAamsd/Td,21,Ezra,4,10,6,yes,mapping gap,already has exact regression
3377,HVqv2fp,18,Gen,4,23,6,yes,mapping gap,already has exact regression
3378,HTd/Ncmda,18,Gen,49,14,6,yes,mapping gap,already has exact regression
3379,ANcfpd/Td,17,Ezra,4,10,2,yes,mapping gap,already has exact regression
3380,HR/Ncmdc/Sp3ms,16,Gen,2,7,10,yes,mapping gap,already has exact regression
3381,HR/Acbsa,16,Gen,33,19,14,yes,mapping gap,already has exact regression
3382,HTi/Vqi1cs,16,Exod,2,7,6,yes,mapping gap,already has exact regression
3383,HVHp3fs,15,Gen,33,11,6,yes,mapping gap,already has exact regression
3384,HC/Vqw3fs/Sp3ms,15,Gen,39,12,1,yes,mapping gap,already has exact regression
3385,HR/Pp3fp,15,Gen,41,19,15,yes,mapping gap,already has exact regression
3386,HVqrmpc/Sp1cp,15,Exod,1,10,14,yes,mapping gap,already has exact regression
3387,ANcbsd/Td,14,Dan,3,6,11,yes,mapping gap,already has exact regression
3388,HC/Vhw3fs/Sp3ms,13,Gen,24,18,9,yes,mapping gap,already has exact regression
3389,HVHp3cp,13,Gen,43,18,4,yes,mapping gap,already has exact regression
3390,APdxmp,12,Ezra,4,21,6,yes,mapping gap,already has exact regression
3391,HR/Ncfsc/Sp1cp,11,Gen,1,26,6,yes,mapping gap,already has exact regression
3392,HVhv2ms/Sp3ms,11,Exod,4,3,2,yes,mapping gap,already has exact regression
3393,HC/Vqi1cs/Sp2ms,10,Gen,12,2,1,yes,mapping gap,already has exact regression
3394,HVpj3ms,10,Gen,28,3,3,yes,mapping gap,already has exact regression
3395,HVpc/Sp3ms,10,Gen,37,4,13,yes,mapping gap,already has exact regression
3396,HC/R/Vqc/Sp3fs,9,Gen,2,15,10,yes,mapping gap,already has exact regression
3397,HR/Ncmsc/Sp3fp,9,Gen,7,14,7,yes,mapping gap,already has exact regression
3398,HAobpc,9,Num,7,72,2,yes,mapping gap,already has exact regression
3399,HC/Vtw3fs,8,Gen,24,65,16,yes,mapping gap,already has exact regression
3400,AVqrfsd/Td,8,Dan,3,6,12,yes,mapping gap,already has exact regression
3401,AT,7,Dan,4,12,11,yes,mapping gap,already has exact regression
3402,HVhj3fs,6,Gen,1,11,3,yes,mapping gap,already has exact regression
3403,HVKp3fs,6,1Sam,2,5,12,yes,mapping gap,already has exact regression
3404,ANxxxa,6,Dan,5,25,5,yes,mapping gap,already has exact regression
3405,HVNj3mp,5,Gen,1,9,3,yes,mapping gap,already has exact regression
3406,HC/VPw3mp,5,Gen,2,1,1,yes,mapping gap,already has exact regression
3407,HR/VNc/Sp3mp,5,Gen,2,4,5,yes,mapping gap,already has exact regression
3408,HTi/Pdxms,5,Gen,43,29,10,yes,mapping gap,already has exact regression
3409,HTd/Ngfpa,5,Exod,1,15,5,yes,mapping gap,already has exact regression
3410,HC/Vhi3fs,5,Exod,2,7,13,yes,mapping gap,already has exact regression
3411,HC/Tj,5,Exod,4,1,4,yes,mapping gap,already has exact regression
3412,HC/R/Ncfda,5,Num,11,31,20,yes,mapping gap,already has exact regression
3413,APfxbs,5,Dan,2,22,6,yes,mapping gap,already has exact regression
3414,HNcmsc/Sp2fp,4,Gen,31,5,7,yes,mapping gap,already has exact regression
3415,HC/Pp2fp,4,Gen,31,6,1,yes,mapping gap,already has exact regression
3416,HR/Acbsc,4,Exod,38,27,14,yes,mapping gap,already has exact regression
3417,HVhi3fp,4,Lev,7,30,2,yes,mapping gap,already has exact regression
3418,HVup3cp,4,Num,1,47,5,yes,mapping gap,already has exact regression
3419,HVvv2mp,4,1Chr,16,29,9,yes,mapping gap,already has exact regression
3420,AAafpd/Td,4,Dan,2,22,3,yes,mapping gap,already has exact regression
3421,HVth1cp,3,Exod,1,10,2,yes,mapping gap,already has exact regression
3422,HVQsmsa,3,Exod,3,2,16,yes,mapping gap,already has exact regression
3423,HPdxcs,3,Judg,6,20,13,yes,mapping gap,already has exact regression
3424,HPf,3,Ruth,4,1,16,yes,mapping gap,already has exact regression
3425,AAafsd/Td,3,Ezra,4,12,14,yes,mapping gap,already has exact regression
3426,HVjp3cp,3,Job,16,16,3,yes,mapping gap,already has exact regression
3427,AAampd/Td,3,Dan,2,30,9,yes,mapping gap,already has exact regression
3428,APdxbp,3,Dan,2,40,18,yes,mapping gap,already has exact regression
3429,HC/Vqw3fs/Sp3fs,2,Exod,2,3,9,yes,mapping gap,already has exact regression
3430,HC/R/Vhc/Sp3ms,2,Exod,3,8,5,yes,mapping gap,already has exact regression
3431,HVHsfpc,2,Exod,28,11,14,yes,mapping gap,already has exact regression
3432,HNcbpc/Sp2cp,2,Lev,11,43,4,yes,mapping gap,already has exact regression
3433,HC/Vrw1cs,2,1Kgs,3,21,8,yes,mapping gap,already has exact regression
3434,HC/Vlp3cp,2,1Kgs,4,7,8,yes,mapping gap,already has exact regression
3435,HVmrfsc,2,1Kgs,17,10,12,yes,mapping gap,already has exact regression
3436,HVOp3cp,2,Ps,37,23,4,yes,mapping gap,already has exact regression
3437,AAobsd,2,Dan,2,39,9,yes,mapping gap,already has exact regression
3438,AVai3ms,2,Dan,2,44,5,yes,mapping gap,already has exact regression
3439,AVip3fs,2,Dan,2,45,7,yes,mapping gap,already has exact regression
3440,AC/Vqrmpd/Td,2,Dan,4,4,8,yes,mapping gap,already has exact regression
3441,AR/Sp3cs,2,Dan,5,21,34,yes,mapping gap,already has exact regression
3442,HR/Vkrmpc,1,Gen,21,16,6,yes,mapping gap,already has exact regression
3443,HTd,1,Gen,50,10,4,yes,mapping gap,already has exact regression
3444,HC/Vhv2fs/Sp3ms,1,Exod,2,9,9,yes,mapping gap,already has exact regression
3445,HVNrfpc/Sp1cs,1,Exod,3,20,8,yes,mapping gap,already has exact regression
3446,HR/Aafsc/Sp3fs,1,Exod,3,22,3,yes,mapping gap,already has exact regression
3447,HC/R/Vqrfsc,1,Exod,3,22,4,yes,mapping gap,already has exact regression
3448,HC/Vqq2cp,1,Lev,11,45,11,yes,mapping gap,already has exact regression
3449,HC/VDq3ms,1,Deut,21,8,14,yes,mapping gap,already has exact regression
3450,HVpi1cs/Sp2cs,1,2Sam,11,12,10,yes,mapping gap,already has exact regression
3451,HVMsfpa,1,1Kgs,7,9,7,yes,mapping gap,already has exact regression
3452,HC/VLp3cp,1,1Kgs,20,27,4,yes,mapping gap,already has exact regression
3453,HC/Aafpc/Sp3mp,1,2Kgs,8,12,23,yes,mapping gap,already has exact regression
3454,HTd/Vormsa,1,1Chr,6,18,7,yes,mapping gap,already has exact regression
3455,HC/Vfrmpa,1,2Chr,36,16,7,yes,mapping gap,already has exact regression
3456,AAocpa,1,Ezra,4,24,12,yes,mapping gap,already has exact regression
3457,AVssmpa,1,Ezra,6,3,19,yes,mapping gap,already has exact regression
3458,AC/Vpsfpd/Td,1,Dan,2,22,4,yes,mapping gap,already has exact regression
3459,AC/Pf3bs,1,Dan,3,6,1,yes,mapping gap,already has exact regression
3460,AC/Pf3cs,1,Dan,3,11,1,yes,mapping gap,already has exact regression
3461,AVei3ms/Sp2mp,1,Dan,3,15,39,yes,mapping gap,already has exact regression
3462,AVzp3ms,1,Dan,4,16,6,yes,mapping gap,already has exact regression
3463,ANcmsc/Sp1ms,1,Dan,4,27,17,yes,mapping gap,already has exact regression
3464,HVcp1cs,1,Hos,11,3,2,yes,mapping gap,already has exact regression